minute_utc,flow_count,rf_positive_count,n_features_psi_ge_025,max_psi,mean_psi,drift_alarm,status
2026-09-21T10:13:00Z,4,4,16,26.32701803667206,7.6088279249071915,0,INSUFFICIENT_DATA
2026-09-21T10:14:00Z,50,50,15,32.46719134797909,6.578493424050988,0,INSUFFICIENT_DATA
2026-09-21T10:15:00Z,1733,1733,17,36.50185407706367,14.80769419618642,1,OK
2026-09-21T10:16:00Z,868,868,17,35.56327671438197,19.70043046727838,1,OK
2026-09-21T10:17:00Z,1558,1558,17,38.58548059673983,17.72767234890848,1,OK
2026-09-21T10:18:00Z,2839,2839,17,39.185529536898876,18.518617883185197,1,OK
2026-09-21T10:19:00Z,2864,2864,17,39.194296908571516,18.538363073404675,1,OK
2026-09-21T10:20:00Z,2843,2843,17,39.18693749208749,18.898319863362353,1,OK
2026-09-21T10:21:00Z,2861,2861,17,39.19324887353341,18.95778169740849,1,OK
2026-09-21T10:22:00Z,2846,2846,17,39.18799215909418,18.95401123258518,1,OK
2026-09-21T10:23:00Z,2842,2842,17,39.18658568909089,19.03760053939788,1,OK
2026-09-21T10:24:00Z,2839,2839,17,39.185529536898876,19.084963049308318,1,OK
2026-09-21T10:25:00Z,2832,2832,17,39.183060835220836,18.950302787461546,1,OK
2026-09-21T10:26:00Z,2866,2866,17,39.19499498888419,18.951968643934997,1,OK
2026-09-21T10:27:00Z,2848,2848,17,39.18869465298148,19.03938753382964,1,OK
2026-09-21T10:28:00Z,2827,2827,17,39.181293738087355,19.033745012163298,1,OK
2026-09-21T10:29:00Z,2848,2848,17,39.18869465298148,19.0877747841494,1,OK
2026-09-21T10:30:00Z,2842,2842,17,39.18658568909089,19.08663790925049,1,OK
2026-09-21T10:31:00Z,2845,2845,17,39.18764072700218,19.01496197191016,1,OK
2026-09-21T10:32:00Z,2839,2839,17,39.185529536898876,19.08663920560146,1,OK
2026-09-21T10:33:00Z,2808,2808,17,39.17455014548736,19.077688474254614,1,OK
2026-09-21T10:34:00Z,2774,2774,17,39.16236798111935,19.06940689963403,1,OK
2026-09-21T10:35:00Z,2800,2800,17,39.17169707648256,18.869615896590826,1,OK
2026-09-21T10:36:00Z,2824,2824,17,39.18023197899877,19.01025747356554,1,OK
2026-09-21T10:37:00Z,2867,2867,17,39.19534384638199,18.952372124510436,1,OK
2026-09-21T10:38:00Z,2868,2868,17,39.19569258222066,18.939021425969912,1,OK
2026-09-21T10:39:00Z,2841,2841,17,37.288572188383235,17.72236061379771,1,OK
2026-09-21T10:40:00Z,2864,2864,17,39.194296908571516,18.8059865387828,1,OK
2026-09-21T10:41:00Z,2847,2847,17,39.18834346772503,19.31813591911271,1,OK
2026-09-21T10:42:00Z,2832,2832,17,39.183060835220836,19.500520927896133,1,OK
2026-09-21T10:43:00Z,2837,2837,17,39.18482481522944,19.648775160202344,1,OK
2026-09-21T10:44:00Z,2817,2817,17,39.1777501482429,19.72562253252756,1,OK
2026-09-21T10:45:00Z,2834,2834,17,39.18376680066321,19.724201529404706,1,OK
2026-09-21T10:46:00Z,2839,2839,17,39.185529536898876,19.654162107771484,1,OK
2026-09-21T10:47:00Z,2843,2843,17,39.18693749208749,19.70011617687812,1,OK
2026-09-21T10:48:00Z,2843,2843,17,39.18693749208749,19.67997930183035,1,OK
2026-09-21T10:49:00Z,2849,2849,17,39.18904571495014,19.916317928182682,1,OK
2026-09-21T10:50:00Z,2817,2817,17,39.1777501482429,19.97036517617201,1,OK
2026-09-21T10:51:00Z,2745,2745,17,39.15185873410137,20.0345894215116,1,OK
2026-09-21T10:52:00Z,2753,2753,17,39.15476888532468,20.16692243831572,1,OK
2026-09-21T10:53:00Z,2820,2820,17,39.17881454430691,20.17812184921719,1,OK
2026-09-21T10:54:00Z,2824,2824,17,39.18023197899877,20.197497995230517,1,OK
2026-09-21T10:55:00Z,2812,2812,17,39.17597363328331,19.88434744507679,1,OK
2026-09-21T10:56:00Z,2818,2818,17,39.1781050728279,20.381444974156647,1,OK
2026-09-21T10:57:00Z,2826,2826,17,36.36206085863443,10.059925969208424,1,OK
2026-09-21T10:58:00Z,2850,2850,17,36.320171719583755,12.308973774439123,1,OK
2026-09-21T10:59:00Z,2858,2858,17,36.21689722497821,12.035097357098675,1,OK
2026-09-21T11:00:00Z,2871,2871,17,36.19428876271904,11.915159945872558,1,OK
2026-09-21T11:01:00Z,2884,2884,17,36.256898683002845,11.942769874188542,1,OK
2026-09-21T11:02:00Z,2871,2871,17,36.28689940197084,12.198256933031004,1,OK
2026-09-21T11:03:00Z,2838,2838,17,37.2874985344121,19.25010125070192,1,OK
2026-09-21T11:04:00Z,2811,2811,17,36.42483468730034,14.5074657334657,1,OK
2026-09-21T11:05:00Z,2810,2810,17,36.42447301911747,12.990958242952269,1,OK
2026-09-21T11:06:00Z,2812,2812,17,39.17597363328331,20.580157417994837,1,OK
2026-09-21T11:07:00Z,2808,2808,17,39.17455014548736,20.7873477187309,1,OK
2026-09-21T11:08:00Z,2785,2785,17,39.16632553263791,20.89017257633984,1,OK
2026-09-21T11:09:00Z,2784,2784,17,39.165966401727964,20.887084638466323,1,OK
2026-09-21T11:10:00Z,2786,2786,17,39.16668453461917,21.140919686940062,1,OK
2026-09-21T11:11:00Z,2808,2808,17,39.17455014548736,15.659900993738674,1,OK
2026-09-21T11:12:00Z,2812,2812,17,37.278144973486015,14.737510170713083,1,OK
2026-09-21T11:13:00Z,2809,2809,17,37.37521259487328,13.380181435037503,1,OK
2026-09-21T11:14:00Z,2811,2811,17,37.21711494745991,16.941444453469934,1,OK
2026-09-21T11:15:00Z,2810,2810,17,39.17526214267502,21.058369229543935,1,OK
2026-09-21T11:16:00Z,2809,2809,17,39.174906207448686,20.76838316566853,1,OK
2026-09-21T11:17:00Z,2810,2810,17,39.17526214267502,21.18589442978252,1,OK
2026-09-21T11:18:00Z,2811,2811,17,39.17561795125652,21.41483070862223,1,OK
2026-09-21T11:19:00Z,2814,2814,17,39.17668461803261,21.560947396008952,1,OK
2026-09-21T11:20:00Z,2811,2811,17,39.17561795125652,21.312323793911478,1,OK
2026-09-21T11:21:00Z,2806,2806,17,37.37413500751338,20.500140069088136,1,OK
2026-09-21T11:22:00Z,2812,2812,17,39.17597363328331,17.27282340865591,1,OK
2026-09-21T11:23:00Z,2810,2810,17,37.375571532879405,15.02247753484418,1,OK
2026-09-21T11:24:00Z,2807,2807,17,38.59001894227891,17.960111809349364,1,OK
2026-09-21T11:25:00Z,2798,2798,17,36.53119029876568,13.40133722995746,1,OK
2026-09-21T11:26:00Z,2767,2767,17,37.26174664800616,20.754785377111084,1,OK
2026-09-21T11:27:00Z,2777,2777,17,39.16344886756014,21.647509345030464,1,OK
2026-09-21T11:28:00Z,2808,2808,17,39.17455014548736,22.220910845164923,1,OK
2026-09-21T11:29:00Z,2813,2813,17,39.17632918884537,22.145036706862292,1,OK
2026-09-21T11:30:00Z,2811,2811,17,39.17561795125652,22.207317637874127,1,OK
2026-09-21T11:31:00Z,2808,2808,17,37.170733865248394,14.082770901367864,1,OK
2026-09-21T11:32:00Z,2811,2811,17,37.37593034214933,20.850211184531265,1,OK
2026-09-21T11:33:00Z,2812,2812,17,39.17597363328331,21.919219810429855,1,OK
2026-09-21T11:34:00Z,2811,2811,17,39.17561795125652,21.98832377988841,1,OK
2026-09-21T11:35:00Z,2812,2812,17,39.17597363328331,22.23964549098278,1,OK
2026-09-21T11:36:00Z,2811,2811,17,39.17561795125652,17.224056681041194,1,OK
2026-09-21T11:37:00Z,2808,2808,17,37.27669817443024,15.980118500343414,1,OK
2026-09-21T11:38:00Z,2812,2812,17,37.37628902277537,21.329805199863568,1,OK
2026-09-21T11:39:00Z,2809,2809,17,36.42411122020802,14.974413807247196,1,OK
2026-09-21T11:40:00Z,2812,2812,17,39.17597363328331,21.811470974197796,1,OK
2026-09-21T11:41:00Z,2809,2809,17,39.174906207448686,21.917530566262823,1,OK
2026-09-21T11:42:00Z,2812,2812,17,39.17597363328331,21.804156818600436,1,OK
2026-09-21T11:43:00Z,2785,2785,17,36.52649354233886,14.532887791722803,1,OK
2026-09-21T11:44:00Z,2777,2777,17,36.412464061282385,13.042939523052022,1,OK
2026-09-21T11:45:00Z,2792,2792,17,36.257901640977536,13.09129451480409,1,OK
2026-09-21T11:46:00Z,2803,2803,17,37.16889495316961,15.308009308735095,1,OK
2026-09-21T11:47:00Z,2812,2812,17,36.425196224850986,12.4497273100205,1,OK
2026-09-21T11:48:00Z,2812,2812,17,36.199793816689514,12.229604352634077,1,OK
2026-09-21T11:49:00Z,2810,2810,17,37.216750554332116,20.105296057565734,1,OK
2026-09-21T11:50:00Z,2811,2811,17,39.17561795125652,21.274515388858433,1,OK
2026-09-21T11:51:00Z,2809,2809,17,39.174906207448686,21.534012374748013,1,OK
2026-09-21T11:52:00Z,2810,2810,17,39.17526214267502,17.15727851790585,1,OK
2026-09-21T11:53:00Z,2811,2811,17,37.37593034214933,15.988678393427367,1,OK
2026-09-21T11:54:00Z,2813,2813,17,37.27850634672942,19.727110071414216,1,OK
2026-09-21T11:55:00Z,2809,2809,17,37.37521259487328,14.51955394556849,1,OK
2026-09-21T11:56:00Z,2811,2811,17,39.17561795125652,20.56013142325376,1,OK
2026-09-21T11:57:00Z,2810,2810,17,39.17526214267502,21.29128938747361,1,OK
2026-09-21T11:58:00Z,2811,2811,17,39.17561795125652,20.749876455093574,1,OK
2026-09-21T11:59:00Z,2812,2812,17,36.53622380552212,14.40615802666884,1,OK
2026-09-21T12:00:00Z,2801,2801,17,36.53227104139332,12.715180700252926,1,OK
2026-09-21T12:01:00Z,2772,2772,17,37.26358200715277,15.00178640953297,1,OK
2026-09-21T12:02:00Z,2781,2781,17,39.16488823449894,21.202245070500528,1,OK
2026-09-21T12:03:00Z,2809,2809,17,39.174906207448686,21.17561667528575,1,OK
2026-09-21T12:04:00Z,2812,2812,17,39.17597363328331,16.89739165826529,1,OK
2026-09-21T12:05:00Z,2811,2811,17,37.21711494745991,14.180199049586927,1,OK
2026-09-21T12:06:00Z,2812,2812,17,37.278144973486015,17.897549549971306,1,OK
2026-09-21T12:07:00Z,2811,2811,17,39.17561795125652,22.18614268045053,1,OK
2026-09-21T12:08:00Z,2811,2811,17,36.42483468730034,13.78655959252859,1,OK
2026-09-21T12:09:00Z,2811,2811,17,36.42483468730034,13.500391199584293,1,OK
2026-09-21T12:10:00Z,2811,2811,17,39.17561795125652,21.83099152366868,1,OK
2026-09-21T12:11:00Z,2810,2810,17,39.17526214267502,22.29491233901411,1,OK
2026-09-21T12:12:00Z,2810,2810,17,36.42447301911747,13.327059545223031,1,OK
2026-09-21T12:13:00Z,2813,2813,17,37.27850634672942,20.623988277306005,1,OK
2026-09-21T12:14:00Z,2809,2809,17,39.174906207448686,17.236057922891206,1,OK
2026-09-21T12:15:00Z,2812,2812,17,36.53622380552212,14.955773971610668,1,OK
2026-09-21T12:16:00Z,2811,2811,17,36.53586510799576,15.35695090108357,1,OK
2026-09-21T12:17:00Z,2812,2812,17,39.17597363328331,21.819002496931375,1,OK
2026-09-21T12:18:00Z,2786,2786,17,39.16668453461917,22.609044902542244,1,OK
2026-09-21T12:19:00Z,2774,2774,17,39.16236798111935,16.004457832619316,1,OK
2026-09-21T12:20:00Z,2789,2789,17,37.368006657140015,15.262775832267483,1,OK
2026-09-21T12:21:00Z,2808,2808,17,37.27669817443024,21.234643955144026,1,OK
2026-09-21T12:22:00Z,2813,2813,17,39.17632918884537,22.3960662503372,1,OK
2026-09-21T12:23:00Z,2813,2813,17,39.17632918884537,22.730762013174818,1,OK
2026-09-21T12:24:00Z,2812,2812,17,39.17597363328331,22.384257375911073,1,OK
2026-09-21T12:25:00Z,2811,2811,17,36.53586510799576,17.780735465874546,1,OK
2026-09-21T12:26:00Z,2808,2808,17,36.35551632487521,17.43927856713379,1,OK
2026-09-21T12:27:00Z,2808,2808,17,37.170733865248394,15.575218954366392,1,OK
2026-09-21T12:28:00Z,2810,2810,17,37.216750554332116,15.836126897660952,1,OK
2026-09-21T12:29:00Z,2812,2812,17,37.278144973486015,20.00026133642224,1,OK
2026-09-21T12:30:00Z,2812,2812,17,39.17597363328331,21.933608981172,1,OK
2026-09-21T12:31:00Z,2812,2812,17,39.17597363328331,21.17935395359404,1,OK
2026-09-21T12:32:00Z,2810,2810,17,39.17526214267502,21.840102031901537,1,OK
2026-09-21T12:33:00Z,2812,2812,17,39.17597363328331,21.96331960754488,1,OK
2026-09-21T12:34:00Z,2811,2811,17,39.17561795125652,21.712239535678833,1,OK
2026-09-21T12:35:00Z,2802,2802,17,39.17241110722184,21.97213596270361,1,OK
2026-09-21T12:36:00Z,2769,2769,17,39.16056390340083,21.979623161672215,1,OK
2026-09-21T12:37:00Z,2784,2784,17,39.165966401727964,22.258285884853414,1,OK
2026-09-21T12:38:00Z,2808,2808,17,39.17455014548736,22.039537704967636,1,OK
2026-09-21T12:39:00Z,2809,2809,17,39.174906207448686,17.139368224373914,1,OK
2026-09-21T12:40:00Z,2808,2808,17,37.37485352803858,14.432570981485041,1,OK
2026-09-21T12:41:00Z,2810,2810,17,39.17526214267502,22.243664764491175,1,OK
2026-09-21T12:42:00Z,2809,2809,17,39.174906207448686,22.29131589211957,1,OK
2026-09-21T12:43:00Z,2813,2813,17,36.35733854460836,12.823357291806165,1,OK
2026-09-21T12:44:00Z,2812,2812,17,38.59179861889807,17.056628842883928,1,OK
2026-09-21T12:45:00Z,2812,2812,17,39.17597363328331,21.66696735931824,1,OK
2026-09-21T12:46:00Z,2813,2813,17,37.37664757484968,15.10422886102353,1,OK
2026-09-21T12:47:00Z,2810,2810,17,37.375571532879405,19.340212602816393,1,OK
2026-09-21T12:48:00Z,2810,2810,17,39.17526214267502,20.202695664033172,1,OK
2026-09-21T12:49:00Z,2813,2813,17,39.17632918884537,20.386964941125413,1,OK
2026-09-21T12:50:00Z,2811,2811,17,36.30595575673699,11.710759029510218,1,OK
2026-09-21T12:51:00Z,2805,2805,17,36.53371021782906,11.592489754220411,1,OK
2026-09-21T12:52:00Z,2810,2810,17,38.59108712827515,13.073465864454127,1,OK
2026-09-21T12:53:00Z,2789,2789,17,37.12684526737425,15.7664868388465,1,OK
2026-09-21T12:54:00Z,2774,2774,17,39.16236798111935,19.523078119649416,1,OK
2026-09-21T12:55:00Z,2788,2788,17,36.2974764807092,14.379593593867598,1,OK
2026-09-21T12:56:00Z,2811,2811,17,39.17561795125652,19.14251023869622,1,OK
2026-09-21T12:57:00Z,2812,2812,17,39.17597363328331,19.575457504752748,1,OK
2026-09-21T12:58:00Z,2810,2810,17,39.17526214267502,20.245349216416464,1,OK
2026-09-21T12:59:00Z,2813,2813,17,39.17632918884537,20.280948370742607,1,OK
2026-09-21T13:00:00Z,2814,2814,17,39.17668461803261,20.19530062993144,1,OK
2026-09-21T13:01:00Z,2810,2810,17,39.17526214267502,20.094979322640608,1,OK
2026-09-21T13:02:00Z,2813,2813,17,39.17632918884537,20.1403387944902,1,OK
2026-09-21T13:03:00Z,2812,2812,17,39.17597363328331,16.831501148950533,1,OK
2026-09-21T13:04:00Z,2811,2811,17,36.23006916211139,14.24878349048508,1,OK
2026-09-21T13:05:00Z,2810,2810,17,37.27742183536321,18.719835609945182,1,OK
2026-09-21T13:06:00Z,2813,2813,17,39.17632918884537,19.568129872407827,1,OK
2026-09-21T13:07:00Z,2806,2806,17,39.1738376409985,19.83606607950741,1,OK
2026-09-21T13:08:00Z,2812,2812,17,38.59179861889807,14.004744578551486,1,OK
2026-09-21T13:09:00Z,2809,2809,17,36.42411122020802,11.50490121837565,1,OK
2026-09-21T13:10:00Z,2805,2805,17,36.42266271541299,13.479197425680871,1,OK
2026-09-21T13:11:00Z,2770,2770,17,37.20206504031774,20.408356305667965,1,OK
2026-09-21T13:12:00Z,2778,2778,17,39.16380890357055,18.30566194991448,1,OK
2026-09-21T13:13:00Z,2807,2807,17,36.534429030407544,14.771938861514256,1,OK
2026-09-21T13:14:00Z,2811,2811,17,36.30595575673699,13.860818302325889,1,OK
2026-09-21T13:15:00Z,2811,2811,17,37.37593034214933,20.86156702726526,1,OK
2026-09-21T13:16:00Z,2809,2809,17,36.53514732688298,16.3130685660925,1,OK
2026-09-21T13:17:00Z,2813,2813,17,39.17632918884537,18.590700965908006,1,OK
2026-09-21T13:18:00Z,2813,2813,17,39.17632918884537,22.413238112578917,1,OK
2026-09-21T13:19:00Z,2812,2812,17,39.17597363328331,22.39292883079626,1,OK
2026-09-21T13:20:00Z,2812,2812,17,39.17597363328331,22.268139552498507,1,OK
2026-09-21T13:21:00Z,2809,2809,17,39.174906207448686,22.165118661433173,1,OK
2026-09-21T13:22:00Z,2810,2810,17,37.375571532879405,17.44634077854017,1,OK
2026-09-21T13:23:00Z,2811,2811,17,39.17561795125652,17.23355467270764,1,OK
2026-09-21T13:24:00Z,2811,2811,17,37.277783469728696,20.803204480123156,1,OK
2026-09-21T13:25:00Z,2812,2812,17,36.425196224850986,14.47067157454189,1,OK
2026-09-21T13:26:00Z,2807,2807,17,36.263472403588885,12.91537622439224,1,OK
2026-09-21T13:27:00Z,2812,2812,17,36.53622380552212,14.824462551591713,1,OK
2026-09-21T13:28:00Z,2786,2786,17,37.268703181280436,21.052388971382292,1,OK
2026-09-21T13:29:00Z,2780,2780,17,39.16452858694676,22.258345032093633,1,OK
2026-09-21T13:30:00Z,2789,2789,17,39.16776076791552,17.085843969653133,1,OK
2026-09-21T13:31:00Z,2811,2811,17,39.17561795125652,17.089992020943566,1,OK
2026-09-21T13:32:00Z,2807,2807,17,38.59001894227891,13.858035435332127,1,OK
2026-09-21T13:33:00Z,2812,2812,17,39.17597363328331,22.68201884610801,1,OK
2026-09-21T13:34:00Z,2812,2812,17,37.21747920806251,15.688427503605572,1,OK
2026-09-21T13:35:00Z,2813,2813,17,37.37664757484968,18.312824085225614,1,OK
2026-09-21T13:36:00Z,2811,2811,17,37.37593034214933,21.046054315253517,1,OK
2026-09-21T13:37:00Z,2813,2813,17,39.17632918884537,17.91534237131869,1,OK
2026-09-21T13:38:00Z,2810,2810,17,39.17526214267502,22.28305719201528,1,OK
2026-09-21T13:39:00Z,2814,2814,17,37.37700599846437,16.645706521163227,1,OK
2026-09-21T13:40:00Z,2812,2812,17,36.53622380552212,16.826275927381374,1,OK
2026-09-21T13:41:00Z,2809,2809,17,37.37521259487328,16.625955805074977,1,OK
2026-09-21T13:42:00Z,2813,2813,17,39.17632918884537,21.558004629685648,1,OK
2026-09-21T13:43:00Z,2808,2808,17,37.37485352803858,14.868384867501469,1,OK
2026-09-21T13:44:00Z,2813,2813,17,39.17632918884537,14.679471613474298,1,OK
2026-09-21T13:45:00Z,2802,2802,17,39.17241110722184,17.071700817951903,1,OK
2026-09-21T13:46:00Z,2765,2765,17,37.200214118356264,16.036143250240883,1,OK
2026-09-21T13:47:00Z,2785,2785,17,39.16632553263791,21.89621695401827,1,OK
2026-09-21T13:48:00Z,2808,2808,17,39.17455014548736,21.8922579807278,1,OK
2026-09-21T13:49:00Z,2813,2813,17,37.27850634672942,16.392055210709902,1,OK
2026-09-21T13:50:00Z,2813,2813,17,37.21784333623615,17.599729175531664,1,OK
2026-09-21T13:51:00Z,2807,2807,17,39.17419395670076,21.95411216368664,1,OK
2026-09-21T13:52:00Z,2812,2812,17,36.425196224850986,16.14577610170501,1,OK
2026-09-21T13:53:00Z,2812,2812,17,39.17597363328331,22.38901163539485,1,OK
2026-09-21T13:54:00Z,2810,2810,17,39.17526214267502,22.393112433944786,1,OK
2026-09-21T13:55:00Z,2811,2811,17,39.17561795125652,22.566180733741664,1,OK
2026-09-21T13:56:00Z,2806,2806,17,39.1738376409985,21.787089998661347,1,OK
2026-09-21T13:57:00Z,2811,2811,17,39.17561795125652,21.335545426417458,1,OK
2026-09-21T13:58:00Z,2814,2814,17,38.59250960366198,15.541905210095019,1,OK
2026-09-21T13:59:00Z,2813,2813,17,37.21784333623615,20.480343718859235,1,OK
2026-09-21T14:00:00Z,2812,2812,17,39.17597363328331,22.31857880577294,1,OK
2026-09-21T14:01:00Z,2813,2813,17,39.17632918884537,22.288363056409047,1,OK
2026-09-21T14:02:00Z,2814,2814,17,38.59250960366198,17.16649385507734,1,OK
2026-09-21T14:03:00Z,2799,2799,17,37.273435210145216,15.329377815321058,1,OK
2026-09-21T14:04:00Z,2787,2787,17,37.36728320042354,20.63548817669268,1,OK
2026-09-21T14:05:00Z,2793,2793,17,39.169193946244626,17.442697616839514,1,OK
2026-09-21T14:06:00Z,2811,2811,17,37.37593034214933,15.769423995910156,1,OK
2026-09-21T14:07:00Z,2809,2809,17,37.37521259487328,14.465222318640079,1,OK
2026-09-21T14:08:00Z,2812,2812,17,36.3569743657844,13.673495068884414,1,OK
2026-09-21T14:09:00Z,2813,2813,17,37.27850634672942,14.569901125075226,1,OK
2026-09-21T14:10:00Z,2813,2813,17,37.27850634672942,16.2677329073625,1,OK
2026-09-21T14:11:00Z,2813,2813,17,39.17632918884537,20.994490928140813,1,OK
2026-09-21T14:12:00Z,2814,2814,17,39.17668461803261,21.307636757811927,1,OK
2026-09-21T14:13:00Z,2813,2813,17,39.17632918884537,21.197553370888905,1,OK
2026-09-21T14:14:00Z,2812,2812,17,36.53622380552212,14.740312300747561,1,OK
2026-09-21T14:15:00Z,2812,2812,17,39.17597363328331,20.918659573953803,1,OK
2026-09-21T14:16:00Z,2810,2810,17,38.59108712827515,14.877258755331368,1,OK
2026-09-21T14:17:00Z,2812,2812,17,36.425196224850986,12.865180118290038,1,OK
2026-09-21T14:18:00Z,2812,2812,17,37.17220256959128,15.43549212184452,1,OK
2026-09-21T14:19:00Z,2813,2813,17,37.37664757484968,13.775042346556162,1,OK
2026-09-21T14:20:00Z,2805,2805,17,39.17348119829009,17.070484800668186,1,OK
2026-09-21T14:21:00Z,2766,2766,17,37.35965515017421,20.476873177451665,1,OK
2026-09-21T14:22:00Z,2786,2786,17,39.16668453461917,21.59768135970713,1,OK
2026-09-21T14:23:00Z,2811,2811,17,37.37593034214933,14.745091906812046,1,OK
2026-09-21T14:24:00Z,2810,2810,17,37.27742183536321,20.870327250857603,1,OK
2026-09-21T14:25:00Z,2814,2814,17,39.17668461803261,21.650614724122907,1,OK
2026-09-21T14:26:00Z,2813,2813,17,39.17632918884537,21.789713536206413,1,OK
2026-09-21T14:27:00Z,2812,2812,17,39.17597363328331,21.70913458064085,1,OK
2026-09-21T14:28:00Z,2812,2812,17,36.53622380552212,15.372556856875178,1,OK
2026-09-21T14:29:00Z,2813,2813,17,36.35733854460836,12.780343548718744,1,OK
2026-09-21T14:30:00Z,2811,2811,17,39.17561795125652,17.614272615612112,1,OK
2026-09-21T14:31:00Z,2814,2814,17,37.1729361154894,20.536256838331514,1,OK
2026-09-21T14:32:00Z,2812,2812,17,39.17597363328331,21.692039321558234,1,OK
2026-09-21T14:33:00Z,2814,2814,17,36.425918908432664,13.387858185562962,1,OK
2026-09-21T14:34:00Z,2809,2809,17,39.174906207448686,21.643012273932534,1,OK
2026-09-21T14:35:00Z,2814,2814,17,36.425918908432664,15.484145992631747,1,OK
2026-09-21T14:36:00Z,2809,2809,17,38.5907311930415,16.792802065274152,1,OK
2026-09-21T14:37:00Z,2812,2812,17,39.17597363328331,15.200527166933906,1,OK
2026-09-21T14:38:00Z,2792,2792,17,39.168835844178865,21.95377245279814,1,OK
2026-09-21T14:39:00Z,2786,2786,17,36.255664644725314,16.58204543041838,1,OK
2026-09-21T14:40:00Z,2790,2790,17,39.1681192551063,21.69486369508901,1,OK
2026-09-21T14:41:00Z,2813,2813,17,39.17632918884537,22.01177107060235,1,OK
2026-09-21T14:42:00Z,2813,2813,17,37.21784333623615,14.555211446890244,1,OK
2026-09-21T14:43:00Z,2813,2813,17,37.37664757484968,20.86272517691195,1,OK
2026-09-21T14:44:00Z,2815,2815,17,39.17703992093482,21.815630995332974,1,OK
2026-09-21T14:45:00Z,2814,2814,17,39.17668461803261,21.622058381768102,1,OK
2026-09-21T14:46:00Z,2810,2810,17,39.17526214267502,21.563919568975003,1,OK
2026-09-21T14:47:00Z,2814,2814,17,39.17668461803261,21.708837990694718,1,OK
2026-09-21T14:48:00Z,2813,2813,17,39.17632918884537,21.802534302118694,1,OK
2026-09-21T14:49:00Z,2811,2811,17,39.17561795125652,22.10814698900229,1,OK
2026-09-21T14:50:00Z,2811,2811,17,39.17561795125652,22.234570423810442,1,OK
2026-09-21T14:51:00Z,2809,2809,17,39.174906207448686,17.706946746583718,1,OK
2026-09-21T14:52:00Z,2810,2810,17,37.375571532879405,14.58604940136045,1,OK
2026-09-21T14:53:00Z,2812,2812,17,39.17597363328331,22.308466328926936,1,OK
2026-09-21T14:54:00Z,2815,2815,17,39.17703992093482,22.226631174914548,1,OK
2026-09-21T14:55:00Z,2806,2806,17,39.1738376409985,22.0971887588407,1,OK
2026-09-21T14:56:00Z,2772,2772,17,36.41063188776668,12.962991920967957,1,OK
2026-09-21T14:57:00Z,2784,2784,17,36.415023483154286,12.200647195785661,1,OK
2026-09-21T14:58:00Z,2811,2811,17,36.26495273016186,13.276924558720552,1,OK
2026-09-21T14:59:00Z,2813,2813,17,39.17632918884537,21.72813147656926,1,OK
2026-09-21T15:00:00Z,2812,2812,17,39.17597363328331,19.322926184283574,1,OK
2026-09-21T15:01:00Z,2813,2813,17,37.37664757484968,18.448212833887116,1,OK
2026-09-21T15:02:00Z,2813,2813,17,37.13575153339375,14.709024730981092,1,OK
2026-09-21T15:03:00Z,2813,2813,17,39.17632918884537,22.21088063638545,1,OK
2026-09-21T15:04:00Z,2813,2813,17,39.17632918884537,22.2657507149052,1,OK
2026-09-21T15:05:00Z,2813,2813,17,39.17632918884537,22.283290527752055,1,OK
2026-09-21T15:06:00Z,2811,2811,17,39.17561795125652,22.418658808369077,1,OK
2026-09-21T15:07:00Z,2814,2814,17,38.59250960366198,18.15730226690702,1,OK
2026-09-21T15:08:00Z,2812,2812,17,36.30632279868633,14.329083732767675,1,OK
2026-09-21T15:09:00Z,2814,2814,17,37.21820733207701,19.86379793602345,1,OK
2026-09-21T15:10:00Z,2812,2812,17,39.17597363328331,21.663224800793635,1,OK
2026-09-21T15:11:00Z,2815,2815,17,39.17703992093482,21.837370080690945,1,OK
2026-09-21T15:12:00Z,2812,2812,17,39.17597363328331,21.777786842368965,1,OK
2026-09-21T15:13:00Z,2793,2793,17,36.418304581426426,14.762815421132359,1,OK
2026-09-21T15:14:00Z,2788,2788,17,37.367644994177745,20.066319705993152,1,OK
2026-09-21T15:15:00Z,2795,2795,17,36.30006473185968,13.515199950423206,1,OK
2026-09-21T15:16:00Z,2806,2806,17,36.4230250381747,11.344189366073481,1,OK
2026-09-21T15:17:00Z,2815,2815,17,37.17330268721372,16.01790557336639,1,OK
2026-09-21T15:18:00Z,2814,2814,17,38.59250960366198,14.857826211597214,1,OK
2026-09-21T15:19:00Z,2813,2813,17,36.23081385121185,14.354323829756462,1,OK
2026-09-21T15:20:00Z,2812,2812,17,36.23044157570677,14.568737242856194,1,OK
2026-09-21T15:21:00Z,2806,2806,17,39.1738376409985,21.972240588460647,1,OK
2026-09-21T15:22:00Z,2812,2812,17,39.17597363328331,22.46055191200802,1,OK
2026-09-21T15:23:00Z,2813,2813,17,39.17632918884537,17.51082938237182,1,OK
2026-09-21T15:24:00Z,2814,2814,17,39.17668461803261,22.54055575618193,1,OK
2026-09-21T15:25:00Z,2813,2813,17,37.37664757484968,17.010720536331633,1,OK
2026-09-21T15:26:00Z,2804,2804,17,36.422300261451255,14.894727899707418,1,OK
2026-09-21T15:27:00Z,2812,2812,17,37.37628902277537,21.557534191753227,1,OK
2026-09-21T15:28:00Z,2812,2812,17,39.17597363328331,16.273052422985614,1,OK
2026-09-21T15:29:00Z,2813,2813,17,37.37664757484968,15.344295189370184,1,OK
2026-09-21T15:30:00Z,2806,2806,17,37.37413500751338,16.260349637185403,1,OK
2026-09-21T15:31:00Z,2768,2768,17,37.201325081932154,20.582293190098063,1,OK
2026-09-21T15:32:00Z,2787,2787,17,39.16704340776423,16.328207985090724,1,OK
2026-09-21T15:33:00Z,2811,2811,17,37.277783469728696,17.939671249016502,1,OK
2026-09-21T15:34:00Z,2813,2813,17,39.17632918884537,22.06155063270749,1,OK
2026-09-21T15:35:00Z,2812,2812,17,39.17597363328331,18.84056345995664,1,OK
2026-09-21T15:36:00Z,2812,2812,17,37.37628902277537,18.856592183293547,1,OK
2026-09-21T15:37:00Z,2812,2812,17,39.17597363328331,22.37830863475829,1,OK
2026-09-21T15:38:00Z,2813,2813,17,39.17632918884537,21.976625145659632,1,OK
2026-09-21T15:39:00Z,2814,2814,17,39.17668461803261,22.234123811960178,1,OK
2026-09-21T15:40:00Z,2811,2811,17,39.17561795125652,22.02343813573409,1,OK
2026-09-21T15:41:00Z,2811,2811,17,39.17561795125652,22.330757045714325,1,OK
2026-09-21T15:42:00Z,2813,2813,17,39.17632918884537,22.51282904619199,1,OK
2026-09-21T15:43:00Z,2811,2811,17,39.17561795125652,22.418727873099833,1,OK
2026-09-21T15:44:00Z,2814,2814,17,36.425918908432664,15.502818496750674,1,OK
2026-09-21T15:45:00Z,2811,2811,17,36.97520829724719,19.647433353874128,1,OK
2026-09-21T15:46:00Z,2809,2809,17,37.277060070295214,13.730905062365988,1,OK
2026-09-21T15:47:00Z,2812,2812,17,39.17597363328331,16.681324821697327,1,OK
2026-09-21T15:48:00Z,2790,2790,17,37.27016157428023,18.7315081639446,1,OK
2026-09-21T15:49:00Z,2784,2784,17,37.26797318717919,20.33802450191125,1,OK
2026-09-21T15:50:00Z,2791,2791,17,36.3492958619897,14.165317752960185,1,OK
2026-09-21T15:51:00Z,2807,2807,17,38.59001894227891,15.170415292927585,1,OK
2026-09-21T15:52:00Z,2813,2813,17,37.37664757484968,16.657741507277876,1,OK
2026-09-21T15:53:00Z,2813,2813,17,37.21784333623615,15.039921145223357,1,OK
2026-09-21T15:54:00Z,2812,2812,17,36.53622380552212,15.267879071103886,1,OK
2026-09-21T15:55:00Z,2813,2813,17,36.53658237448474,13.41442820927305,1,OK
2026-09-21T15:56:00Z,2808,2808,17,37.27669817443024,20.445191822613474,1,OK
2026-09-21T15:57:00Z,2812,2812,17,36.425196224850986,12.747077682448253,1,OK
2026-09-21T15:58:00Z,2815,2815,17,37.37736429371144,18.986805057814117,1,OK
2026-09-21T15:59:00Z,2813,2813,17,39.17632918884537,21.405407429965017,1,OK
2026-09-21T16:00:00Z,2812,2812,17,39.17597363328331,21.20775628490962,1,OK
2026-09-21T16:01:00Z,2811,2811,17,39.17561795125652,21.080705819089975,1,OK
2026-09-21T16:02:00Z,2815,2815,17,36.53729912708712,13.102570253848395,1,OK
2026-09-21T16:03:00Z,2813,2813,17,39.17632918884537,21.05362233299384,1,OK
2026-09-21T16:04:00Z,2813,2813,17,39.17632918884537,21.125384033291084,1,OK
2026-09-21T16:05:00Z,2805,2805,17,39.17348119829009,21.557575535376074,1,OK
2026-09-21T16:06:00Z,2768,2768,17,39.16020269696448,21.376736792136363,1,OK
2026-09-21T16:07:00Z,2782,2782,17,39.16524775275126,21.475056549119756,1,OK
2026-09-21T16:08:00Z,2813,2813,17,39.17632918884537,21.395626240574785,1,OK
2026-09-21T16:09:00Z,2813,2813,17,39.17632918884537,21.720536365506817,1,OK
2026-09-21T16:10:00Z,2810,2810,17,37.375571532879405,18.653783786351543,1,OK
2026-09-21T16:11:00Z,2815,2815,17,36.30742311875876,12.178660723847683,1,OK
2026-09-21T16:12:00Z,2814,2814,17,37.37700599846437,20.638142233678632,1,OK
2026-09-21T16:13:00Z,2813,2813,17,39.17632918884537,20.817225690469378,1,OK
2026-09-21T16:14:00Z,2812,2812,17,39.17597363328331,21.09219230253626,1,OK
2026-09-21T16:15:00Z,2812,2812,17,39.17597363328331,21.6140807834299,1,OK
2026-09-21T16:16:00Z,2809,2809,17,37.37521259487328,19.99680043477078,1,OK
2026-09-21T16:17:00Z,2811,2811,17,36.35661005449548,12.272238900064597,1,OK
2026-09-21T16:18:00Z,2813,2813,17,39.17632918884537,21.132900417636264,1,OK
2026-09-21T16:19:00Z,2814,2814,17,39.17668461803261,21.2533416952294,1,OK
2026-09-21T16:20:00Z,2812,2812,17,39.17597363328331,21.096237043567903,1,OK
2026-09-21T16:21:00Z,2808,2808,17,37.37485352803858,12.96671247309449,1,OK
2026-09-21T16:22:00Z,2814,2814,17,39.17668461803261,15.628192507414266,1,OK
2026-09-21T16:23:00Z,2786,2786,17,37.268703181280436,19.72848535663522,1,OK
2026-09-21T16:24:00Z,2783,2783,17,37.36583471559341,21.03389851269789,1,OK
2026-09-21T16:25:00Z,2796,2796,17,36.25939020521275,13.81479139643228,1,OK
2026-09-21T16:26:00Z,2818,2818,17,36.42736271215088,14.694199319780028,1,OK
2026-09-21T16:27:00Z,2813,2813,17,37.37664757484968,20.25833557238508,1,OK
2026-09-21T16:28:00Z,2814,2814,17,39.17668461803261,21.209469940780526,1,OK
2026-09-21T16:29:00Z,2814,2814,17,39.17668461803261,18.607916261289162,1,OK
2026-09-21T16:30:00Z,2814,2814,17,37.37700599846437,17.933246999029222,1,OK
2026-09-21T16:31:00Z,2814,2814,17,37.27886758955307,21.255000476826815,1,OK
2026-09-21T16:32:00Z,2811,2811,17,39.17561795125652,21.724602952234335,1,OK
2026-09-21T16:33:00Z,2814,2814,17,39.17668461803261,21.529234461886563,1,OK
2026-09-21T16:34:00Z,2811,2811,17,39.17561795125652,22.180679893456798,1,OK
2026-09-21T16:35:00Z,2812,2812,17,37.37628902277537,21.258968221716405,1,OK
2026-09-21T16:36:00Z,2815,2815,17,39.17703992093482,22.165102741065304,1,OK
2026-09-21T16:37:00Z,2812,2812,17,39.17597363328331,21.697351368805172,1,OK
2026-09-21T16:38:00Z,2809,2809,17,37.37521259487328,16.95038500698933,1,OK
2026-09-21T16:39:00Z,2815,2815,17,36.23155798835941,12.776778425660119,1,OK
2026-09-21T16:40:00Z,2805,2805,17,36.19716541477028,13.42559956297311,1,OK
2026-09-21T16:41:00Z,2776,2776,17,37.204281641151034,19.23484362464717,1,OK
2026-09-21T16:42:00Z,2785,2785,17,39.16632553263791,16.93581477630226,1,OK
2026-09-21T16:43:00Z,2811,2811,17,36.53586510799576,13.588583370233167,1,OK
2026-09-21T16:44:00Z,2813,2813,17,37.13575153339375,14.881639687873623,1,OK
2026-09-21T16:45:00Z,2814,2814,17,39.17668461803261,21.283701903163443,1,OK
2026-09-21T16:46:00Z,2813,2813,17,39.17632918884537,21.803696175139656,1,OK
2026-09-21T16:47:00Z,2814,2814,17,39.17668461803261,21.95874918829132,1,OK
2026-09-21T16:48:00Z,2811,2811,17,39.17561795125652,22.02574959965621,1,OK
2026-09-21T16:49:00Z,2816,2816,17,39.17739509764172,21.934478825674155,1,OK
2026-09-21T16:50:00Z,2811,2811,17,39.17561795125652,21.78756352907158,1,OK
2026-09-21T16:51:00Z,2813,2813,17,39.17632918884537,21.697893967508293,1,OK
2026-09-21T16:52:00Z,2812,2812,17,39.17597363328331,21.78074173491114,1,OK
2026-09-21T16:53:00Z,2814,2814,17,39.17668461803261,21.93443575287404,1,OK
2026-09-21T16:54:00Z,2811,2811,17,37.17183559522128,14.39041993913122,1,OK
2026-09-21T16:55:00Z,2814,2814,17,37.1729361154894,19.582018200658194,1,OK
2026-09-21T16:56:00Z,2806,2806,17,37.21529165463977,13.589086613821253,1,OK
2026-09-21T16:57:00Z,2814,2814,17,39.17668461803261,18.107405479027467,1,OK
2026-09-21T16:58:00Z,2787,2787,17,37.36728320042354,19.95792333972178,1,OK
2026-09-21T16:59:00Z,2781,2781,17,39.16488823449894,21.312869432116887,1,OK
2026-09-21T17:00:00Z,2788,2788,17,39.16740215216558,16.644748424722053,1,OK
2026-09-21T17:01:00Z,2811,2811,17,37.37593034214933,15.212816634612203,1,OK
2026-09-21T17:02:00Z,2808,2808,17,36.35551632487521,15.753116327616155,1,OK
2026-09-21T17:03:00Z,2814,2814,17,39.17668461803261,19.136339932571133,1,OK
2026-09-21T17:04:00Z,2814,2814,17,37.37700599846437,21.09223601506287,1,OK
2026-09-21T17:05:00Z,2814,2814,17,39.17668461803261,22.037464010532535,1,OK
2026-09-21T17:06:00Z,2812,2812,17,38.59179861889807,14.66710531058417,1,OK
2026-09-21T17:07:00Z,2812,2812,17,38.59179861889807,17.379246627629065,1,OK
2026-09-21T17:08:00Z,2814,2814,17,37.1729361154894,16.008685223847056,1,OK
2026-09-21T17:09:00Z,2813,2813,17,39.17632918884537,21.544548638728727,1,OK
2026-09-21T17:10:00Z,2815,2815,17,39.17703992093482,21.594918640881502,1,OK
2026-09-21T17:11:00Z,2812,2812,17,39.17597363328331,21.615632246841802,1,OK
2026-09-21T17:12:00Z,2811,2811,17,39.17561795125652,21.637620314056413,1,OK
2026-09-21T17:13:00Z,2812,2812,17,39.17597363328331,21.07771695805407,1,OK
2026-09-21T17:14:00Z,2813,2813,17,39.17632918884537,18.868752731341303,1,OK
2026-09-21T17:15:00Z,2798,2798,17,36.42012277715292,13.22853059042907,1,OK
2026-09-21T17:16:00Z,2762,2762,17,36.406957449113825,15.74412336149729,1,OK
2026-09-21T17:17:00Z,2200,2200,17,37.12851821815141,20.867697108034527,1,OK
2026-09-21T17:18:00Z,2806,2806,17,39.1738376409985,22.28415339722348,1,OK
2026-09-21T17:19:00Z,2812,2812,17,39.17597363328331,22.32096289072832,1,OK
2026-09-21T17:20:00Z,2813,2813,17,39.17632918884537,17.04514245376026,1,OK
2026-09-21T17:21:00Z,2816,2816,17,36.537657310910795,17.916181785302342,1,OK
2026-09-21T17:22:00Z,2814,2814,17,36.908076198757975,19.401785043061572,1,OK
2026-09-21T17:23:00Z,2812,2812,17,36.3569743657844,13.068883644088524,1,OK
2026-09-21T17:24:00Z,2812,2812,17,39.17597363328331,22.33979538272136,1,OK
2026-09-21T17:25:00Z,2811,2811,17,36.30595575673699,15.211065730073276,1,OK
2026-09-21T17:26:00Z,2812,2812,17,39.17597363328331,21.933483649249993,1,OK
2026-09-21T17:27:00Z,2810,2810,17,39.17526214267502,22.137963751099136,1,OK
2026-09-21T17:28:00Z,2814,2814,17,37.136120917225874,14.540284585139515,1,OK
2026-09-21T17:29:00Z,2812,2812,17,38.59179861889807,16.5706439866238,1,OK
2026-09-21T17:30:00Z,2814,2814,17,39.17668461803261,21.82514556646395,1,OK
2026-09-21T17:31:00Z,2812,2812,17,36.425196224850986,13.64940546603781,1,OK
2026-09-21T17:32:00Z,2814,2814,17,39.17668461803261,15.734929885672397,1,OK
2026-09-21T17:33:00Z,2793,2793,17,37.16520697645899,15.878157010264013,1,OK
2026-09-21T17:34:00Z,2785,2785,17,37.26833825077732,15.594897280950502,1,OK
2026-09-21T17:35:00Z,2791,2791,17,37.20980177630844,14.569550113592797,1,OK
2026-09-21T17:36:00Z,2813,2813,17,37.07655410332944,14.523029495992542,1,OK
2026-09-21T17:37:00Z,2813,2813,17,39.17632918884537,16.669859825776523,1,OK
2026-09-21T17:38:00Z,2813,2813,17,37.37664757484968,15.927011380312386,1,OK
2026-09-21T17:39:00Z,2814,2814,17,36.35770259106353,14.597955904771684,1,OK
2026-09-21T17:40:00Z,2813,2813,17,39.17632918884537,21.155047987143014,1,OK
2026-09-21T17:41:00Z,2813,2813,17,39.17632918884537,21.49114755362021,1,OK
2026-09-21T17:42:00Z,2814,2814,17,39.17668461803261,21.461097046557768,1,OK
2026-09-21T17:43:00Z,2814,2814,17,39.17668461803261,21.4010131100283,1,OK
2026-09-21T17:44:00Z,2813,2813,17,39.17632918884537,21.272682380011172,1,OK
2026-09-21T17:45:00Z,2812,2812,17,39.17597363328331,21.2400476845636,1,OK
2026-09-21T17:46:00Z,2811,2811,17,39.17561795125652,21.388330004353605,1,OK
2026-09-21T17:47:00Z,2812,2812,17,39.17597363328331,21.548547519579625,1,OK
2026-09-21T17:48:00Z,2813,2813,17,39.17632918884537,17.014836315367,1,OK
2026-09-21T17:49:00Z,2812,2812,17,39.17597363328331,20.898030730657883,1,OK
2026-09-21T17:50:00Z,2810,2810,17,36.2645828532725,14.755729802713155,1,OK
2026-09-21T17:51:00Z,2773,2773,17,37.26394867549248,16.0049054459003,1,OK
2026-09-21T17:52:00Z,2782,2782,17,39.16524775275126,20.974333896403976,1,OK
2026-09-21T17:53:00Z,2807,2807,17,39.17419395670076,21.121426703894205,1,OK
2026-09-21T17:54:00Z,2814,2814,17,39.17668461803261,21.184551763375858,1,OK
2026-09-21T17:55:00Z,2811,2811,17,37.277783469728696,14.964458130447989,1,OK
2026-09-21T17:56:00Z,2810,2810,17,37.375571532879405,20.519235975523685,1,OK
2026-09-21T17:57:00Z,2811,2811,17,37.37593034214933,20.279308075478692,1,OK
2026-09-21T17:58:00Z,2814,2814,17,39.17668461803261,21.361000758980225,1,OK
2026-09-21T17:59:00Z,2810,2810,17,37.17146848643973,15.206541531332562,1,OK
2026-09-21T18:00:00Z,2813,2813,17,37.37664757484968,20.21762576479046,1,OK
2026-09-21T18:01:00Z,2815,2815,17,39.17703992093482,21.154532306846402,1,OK
2026-09-21T18:02:00Z,2813,2813,17,39.17632918884537,21.300980415559486,1,OK
2026-09-21T18:03:00Z,2807,2807,17,37.17036635264157,12.874337904194181,1,OK
2026-09-21T18:04:00Z,2813,2813,17,37.37664757484968,20.081278773102262,1,OK
2026-09-21T18:05:00Z,2814,2814,17,39.17668461803261,20.862160636533687,1,OK
2026-09-21T18:06:00Z,2813,2813,17,39.17632918884537,19.163498475244914,1,OK
2026-09-21T18:07:00Z,2813,2813,17,37.37664757484968,13.971846307691083,1,OK
2026-09-21T18:08:00Z,2787,2787,17,37.269067978785486,20.497134161097524,1,OK
2026-09-21T18:09:00Z,2788,2788,17,39.16740215216558,17.37819339825232,1,OK
2026-09-21T18:10:00Z,2787,2787,17,37.208332712444005,15.410553353753595,1,OK
2026-09-21T18:11:00Z,2811,2811,17,39.17561795125652,21.676170746740155,1,OK
2026-09-21T18:12:00Z,2814,2814,17,38.59250960366198,15.740854118506743,1,OK
2026-09-21T18:13:00Z,2811,2811,17,37.37593034214933,16.689831014611574,1,OK
2026-09-21T18:14:00Z,2815,2815,17,36.358066505246,14.89594999328967,1,OK
2026-09-21T18:15:00Z,2814,2814,17,37.37700599846437,20.143734973569934,1,OK
2026-09-21T18:16:00Z,2807,2807,17,39.17419395670076,22.19956759884539,1,OK
2026-09-21T18:17:00Z,2814,2814,17,39.17668461803261,22.331544991295583,1,OK
2026-09-21T18:18:00Z,2812,2812,17,39.17597363328331,22.366351588977032,1,OK
2026-09-21T18:19:00Z,2813,2813,17,39.17632918884537,17.951154247723064,1,OK
2026-09-21T18:20:00Z,2813,2813,17,39.17632918884537,21.537734083024468,1,OK
2026-09-21T18:21:00Z,2810,2810,17,39.17526214267502,22.031521106464886,1,OK
2026-09-21T18:22:00Z,2812,2812,17,39.17597363328331,21.47479721251987,1,OK
2026-09-21T18:23:00Z,2813,2813,17,38.592154174467446,16.02167376910185,1,OK
2026-09-21T18:24:00Z,2813,2813,17,39.17632918884537,19.21795358528579,1,OK
2026-09-21T18:25:00Z,2807,2807,17,36.355151482762246,15.044950401683955,1,OK
2026-09-21T18:26:00Z,2770,2770,17,36.34155803770367,14.96921704372084,1,OK
2026-09-21T18:27:00Z,2784,2784,17,39.165966401727964,21.68869560871643,1,OK
2026-09-21T18:28:00Z,2805,2805,17,39.17348119829009,16.131104866870846,1,OK
2026-09-21T18:29:00Z,2812,2812,17,37.278144973486015,15.119051521438827,1,OK
2026-09-21T18:30:00Z,2813,2813,17,37.27850634672942,14.187202678306743,1,OK
2026-09-21T18:31:00Z,2814,2814,17,39.17668461803261,21.94603759571849,1,OK
2026-09-21T18:32:00Z,2812,2812,17,39.17597363328331,22.70537424336271,1,OK
2026-09-21T18:33:00Z,2813,2813,17,36.425557631863704,14.836274329657257,1,OK
2026-09-21T18:34:00Z,2812,2812,17,37.21747920806251,14.579586987908193,1,OK
2026-09-21T18:35:00Z,2814,2814,17,37.1729361154894,14.8421906575881,1,OK
2026-09-21T18:36:00Z,2812,2812,17,37.21747920806251,20.05239023013085,1,OK
2026-09-21T18:37:00Z,2812,2812,17,39.17597363328331,21.378094459898232,1,OK
2026-09-21T18:38:00Z,2812,2812,17,39.17597363328331,21.670920712281795,1,OK
2026-09-21T18:39:00Z,2809,2809,17,37.216386028582725,15.255831713554793,1,OK
2026-09-21T18:40:00Z,2813,2813,17,37.13575153339375,15.450104841892673,1,OK
2026-09-21T18:41:00Z,2810,2810,17,36.35624561064526,13.510943269505674,1,OK
2026-09-21T18:42:00Z,2813,2813,17,39.17632918884537,16.9728874582248,1,OK
2026-09-21T18:43:00Z,2792,2792,17,37.210168705846236,16.25716574688449,1,OK
2026-09-21T18:44:00Z,2788,2788,17,37.26943264338932,16.527249656351966,1,OK
2026-09-21T18:45:00Z,2785,2785,17,36.34709114811666,14.725574855993127,1,OK
2026-09-21T18:46:00Z,2807,2807,17,39.17419395670076,17.59140992652229,1,OK
2026-09-21T18:47:00Z,2815,2815,17,37.17330268721372,15.666902982891264,1,OK
2026-09-21T18:48:00Z,2813,2813,17,37.27850634672942,21.62702008633665,1,OK
2026-09-21T18:49:00Z,2812,2812,17,39.17597363328331,22.81921136118825,1,OK
2026-09-21T18:50:00Z,2812,2812,17,39.17597363328331,22.977592186899415,1,OK
2026-09-21T18:51:00Z,2808,2808,17,39.17455014548736,22.92014190082962,1,OK
2026-09-21T18:52:00Z,2813,2813,17,39.17632918884537,22.89995001315578,1,OK
2026-09-21T18:53:00Z,2812,2812,17,39.17597363328331,23.052864789474228,1,OK
2026-09-21T18:54:00Z,2811,2811,17,39.17561795125652,22.749377500537054,1,OK
2026-09-21T18:55:00Z,2815,2815,17,38.59286490657149,15.573391567808736,1,OK
2026-09-21T18:56:00Z,2811,2811,17,38.59144293686397,15.405034874778732,1,OK
2026-09-21T18:57:00Z,2813,2813,17,36.53658237448474,17.048401350172245,1,OK
2026-09-21T18:58:00Z,2812,2812,17,36.30632279868633,17.044385586281333,1,OK
2026-09-21T18:59:00Z,2811,2811,17,37.277783469728696,14.021596587572727,1,OK
2026-09-21T19:00:00Z,2809,2809,17,39.174906207448686,17.652581858500564,1,OK
2026-09-21T19:01:00Z,2776,2776,17,37.265047875303594,20.556675191310966,1,OK
2026-09-21T19:02:00Z,2783,2783,17,39.165607141796656,21.692054395268425,1,OK
2026-09-21T19:03:00Z,2809,2809,17,39.174906207448686,21.836917290125697,1,OK
2026-09-21T19:04:00Z,2813,2813,17,39.17632918884537,22.0485115905838,1,OK
2026-09-21T19:05:00Z,2814,2814,17,39.17668461803261,22.284802885010635,1,OK
2026-09-21T19:06:00Z,2806,2806,17,39.1738376409985,21.589716131099074,1,OK
2026-09-21T19:07:00Z,2812,2812,17,39.17597363328331,21.73134736512272,1,OK
2026-09-21T19:08:00Z,2815,2815,17,39.17703992093482,21.68487525053128,1,OK
2026-09-21T19:09:00Z,2808,2808,17,39.17455014548736,21.8683699992902,1,OK
2026-09-21T19:10:00Z,2815,2815,17,39.17703992093482,21.7719166705181,1,OK
2026-09-21T19:11:00Z,2811,2811,17,39.17561795125652,17.76769512621734,1,OK
2026-09-21T19:12:00Z,2814,2814,17,39.17668461803261,17.86427217893773,1,OK
2026-09-21T19:13:00Z,2813,2813,17,37.13575153339375,16.218448738724746,1,OK
2026-09-21T19:14:00Z,2813,2813,17,37.21784333623615,15.094420010953982,1,OK
2026-09-21T19:15:00Z,2813,2813,17,37.37664757484968,21.086403536669366,1,OK
2026-09-21T19:16:00Z,2808,2808,17,36.35551632487521,12.839065190510068,1,OK
2026-09-21T19:17:00Z,2815,2815,17,36.53729912708712,15.185760232308045,1,OK
2026-09-21T19:18:00Z,2791,2791,17,37.27052584076048,19.78660766920947,1,OK
2026-09-21T19:19:00Z,2782,2782,17,37.26724266030951,21.286402829040735,1,OK
2026-09-21T19:20:00Z,2788,2788,17,37.26943264338932,15.366049616908347,1,OK
2026-09-21T19:21:00Z,2813,2813,17,36.53658237448474,14.504711904237194,1,OK
2026-09-21T19:22:00Z,2812,2812,17,39.17597363328331,18.856377086061634,1,OK
2026-09-21T19:23:00Z,2813,2813,17,36.306689706274305,14.850750575532114,1,OK
2026-09-21T19:24:00Z,2812,2812,17,36.425196224850986,12.32763133745872,1,OK
2026-09-21T19:25:00Z,2814,2814,17,36.23118598872874,12.540320477649264,1,OK
2026-09-21T19:26:00Z,2814,2814,17,37.37700599846437,20.170742500017187,1,OK
2026-09-21T19:27:00Z,2814,2814,17,39.17668461803261,20.87465860518887,1,OK
2026-09-21T19:28:00Z,2811,2811,17,36.35661005449548,15.301620922285528,1,OK
2026-09-21T19:29:00Z,2813,2813,17,38.592154174467446,15.420819667790976,1,OK
2026-09-21T19:30:00Z,2815,2815,17,37.37736429371144,15.16172520923508,1,OK
2026-09-21T19:31:00Z,2809,2809,17,38.5907311930415,15.025608440395988,1,OK
2026-09-21T19:32:00Z,2814,2814,17,39.17668461803261,20.96896653134344,1,OK
2026-09-21T19:33:00Z,2812,2812,17,36.53622380552212,13.752386033541441,1,OK
2026-09-21T19:34:00Z,2813,2813,17,39.17632918884537,16.048549775083373,1,OK
2026-09-21T19:35:00Z,2808,2808,17,36.534788243111834,13.154545562518232,1,OK
2026-09-21T19:36:00Z,2766,2766,17,37.26137917199653,20.673293333161983,1,OK
2026-09-21T19:37:00Z,2783,2783,17,39.165607141796656,21.648134571634053,1,OK
2026-09-21T19:38:00Z,2810,2810,17,39.17526214267502,21.497203693821955,1,OK
2026-09-21T19:39:00Z,2814,2814,17,37.37700599846437,18.147924211340438,1,OK
2026-09-21T19:40:00Z,2812,2812,17,36.3569743657844,13.05527110820103,1,OK
2026-09-21T19:41:00Z,2812,2812,17,37.278144973486015,20.225624330100906,1,OK
2026-09-21T19:42:00Z,2812,2812,17,39.17597363328331,21.22998140728591,1,OK
2026-09-21T19:43:00Z,2814,2814,17,39.17668461803261,21.315206727997502,1,OK
2026-09-21T19:44:00Z,2813,2813,17,39.17632918884537,21.312963950188983,1,OK
2026-09-21T19:45:00Z,2814,2814,17,39.17668461803261,21.448781973804756,1,OK
2026-09-21T19:46:00Z,2814,2814,17,39.17668461803261,21.21248343282387,1,OK
2026-09-21T19:47:00Z,2812,2812,17,37.21747920806251,16.03041230681665,1,OK
2026-09-21T19:48:00Z,2814,2814,17,39.17668461803261,21.825609229655747,1,OK
2026-09-21T19:49:00Z,2811,2811,17,39.17561795125652,21.913247416477617,1,OK
2026-09-21T19:50:00Z,2814,2814,17,37.1729361154894,14.427516551594513,1,OK
2026-09-21T19:51:00Z,2812,2812,17,37.37628902277537,20.674070492362148,1,OK
2026-09-21T19:52:00Z,2815,2815,17,39.17703992093482,21.909292906885646,1,OK
2026-09-21T19:53:00Z,2791,2791,17,39.16847761383006,17.881776153342955,1,OK
2026-09-21T19:54:00Z,2786,2786,17,36.220713641905036,15.306358902806315,1,OK
2026-09-21T19:55:00Z,2787,2787,17,36.29710618434801,13.800891433848221,1,OK
2026-09-21T19:56:00Z,2814,2814,17,37.27886758955307,20.829635577957553,1,OK
2026-09-21T19:57:00Z,2811,2811,17,39.17561795125652,22.17266715415815,1,OK
2026-09-21T19:58:00Z,2814,2814,17,39.17668461803261,22.377712723728354,1,OK
2026-09-21T19:59:00Z,2811,2811,17,39.17561795125652,22.253144167887413,1,OK
2026-09-21T20:00:00Z,2808,2808,17,39.17455014548736,17.05069427587813,1,OK
2026-09-21T20:01:00Z,2810,2810,17,39.17526214267502,22.525662167035744,1,OK
2026-09-21T20:02:00Z,2813,2813,17,39.17632918884537,21.956842595397273,1,OK
2026-09-21T20:03:00Z,2813,2813,17,36.53658237448474,11.911581516085475,1,OK
2026-09-21T20:04:00Z,2814,2814,17,39.17668461803261,16.145726698741676,1,OK
2026-09-21T20:05:00Z,2812,2812,17,38.59179861889807,15.293485663492552,1,OK
2026-09-21T20:06:00Z,2811,2811,17,39.17561795125652,20.479725656287737,1,OK
2026-09-21T20:07:00Z,2813,2813,17,39.17632918884537,17.847560510223808,1,OK
2026-09-21T20:08:00Z,2813,2813,17,37.37664757484968,15.083377058404286,1,OK
2026-09-21T20:09:00Z,2815,2815,17,37.17330268721372,14.259233055350375,1,OK
2026-09-21T20:10:00Z,2805,2805,17,36.42266271541299,14.70203578972425,1,OK
2026-09-21T20:11:00Z,2769,2769,17,36.52068248407815,11.399095013440578,1,OK
2026-09-21T20:12:00Z,2782,2782,17,37.26724266030951,19.68754070377266,1,OK
2026-09-21T20:13:00Z,2808,2808,17,39.17455014548736,21.348860567248977,1,OK
2026-09-21T20:14:00Z,2812,2812,17,38.59179861889807,13.49770924916256,1,OK
2026-09-21T20:15:00Z,2813,2813,17,39.17632918884537,18.252191493860604,1,OK
2026-09-21T20:16:00Z,2813,2813,17,37.37664757484968,17.111408662359196,1,OK
2026-09-21T20:17:00Z,2812,2812,17,39.17597363328331,21.53729674295842,1,OK
2026-09-21T20:18:00Z,2815,2815,17,39.17703992093482,21.478056501938816,1,OK
2026-09-21T20:19:00Z,2814,2814,17,37.21820733207701,15.02194009226871,1,OK
2026-09-21T20:20:00Z,2809,2809,17,36.42411122020802,17.71558713510442,1,OK
2026-09-21T20:21:00Z,2807,2807,17,39.17419395670076,21.84029593458804,1,OK
2026-09-21T20:22:00Z,2813,2813,17,36.35733854460836,13.547815756295538,1,OK
2026-09-21T20:23:00Z,2813,2813,17,39.17632918884537,21.801863438952783,1,OK
2026-09-21T20:24:00Z,2814,2814,17,39.17668461803261,21.941885469874272,1,OK
2026-09-21T20:25:00Z,2814,2814,17,39.17668461803261,21.974423426244577,1,OK
2026-09-21T20:26:00Z,2811,2811,17,36.30595575673699,12.197286548250693,1,OK
2026-09-21T20:27:00Z,2813,2813,17,36.35733854460836,12.776974977242084,1,OK
2026-09-21T20:28:00Z,2782,2782,17,37.12423264105518,15.985227867011046,1,OK
2026-09-21T20:29:00Z,2789,2789,17,39.16776076791552,20.98939712402295,1,OK
2026-09-21T20:30:00Z,2790,2790,17,39.1681192551063,21.422576471878507,1,OK
2026-09-21T20:31:00Z,2812,2812,17,39.17597363328331,21.176657762506277,1,OK
2026-09-21T20:32:00Z,2813,2813,17,39.17632918884537,21.36179901258053,1,OK
2026-09-21T20:33:00Z,2813,2813,17,37.37664757484968,14.844343290253857,1,OK
2026-09-21T20:34:00Z,2813,2813,17,37.27850634672942,15.715326103657324,1,OK
2026-09-21T20:35:00Z,2812,2812,17,36.30632279868633,14.535429550848743,1,OK
2026-09-21T20:36:00Z,2811,2811,17,39.17561795125652,16.226700816184618,1,OK
2026-09-21T20:37:00Z,2815,2815,17,37.37736429371144,15.375506261037428,1,OK
2026-09-21T20:38:00Z,2813,2813,17,37.21784333623615,19.931692333468884,1,OK
2026-09-21T20:39:00Z,2810,2810,17,39.17526214267502,21.06964894884055,1,OK
2026-09-21T20:40:00Z,2814,2814,17,38.59250960366198,16.350107864838176,1,OK
2026-09-21T20:41:00Z,2811,2811,17,36.42483468730034,13.112670456334062,1,OK
2026-09-21T20:42:00Z,2813,2813,17,37.27850634672942,19.806534481673378,1,OK
2026-09-21T20:43:00Z,2810,2810,17,39.17526214267502,20.907582958191533,1,OK
2026-09-21T20:44:00Z,2815,2815,17,39.17703992093482,20.676829439048458,1,OK
2026-09-21T20:45:00Z,2806,2806,17,39.1738376409985,20.831504389010508,1,OK
2026-09-21T20:46:00Z,2756,2756,17,39.155858012324664,20.984083320677303,1,OK
2026-09-21T20:47:00Z,2783,2783,17,36.41465825188745,15.05646146389569,1,OK
2026-09-21T20:48:00Z,2808,2808,17,39.17455014548736,20.56396363446892,1,OK
2026-09-21T20:49:00Z,2813,2813,17,39.17632918884537,20.69649181412835,1,OK
2026-09-21T20:50:00Z,2813,2813,17,39.17632918884537,16.45557013451176,1,OK
2026-09-21T20:51:00Z,2804,2804,17,36.533350617769365,13.121180169845445,1,OK
2026-09-21T20:52:00Z,2813,2813,17,39.17632918884537,18.743180328389478,1,OK
2026-09-21T20:53:00Z,2813,2813,17,39.17632918884537,20.71849143143642,1,OK
2026-09-21T20:54:00Z,2813,2813,17,37.21784333623615,14.405272440815114,1,OK
2026-09-21T20:55:00Z,2813,2813,17,37.37664757484968,20.224422927591647,1,OK
2026-09-21T20:56:00Z,2807,2807,17,39.17419395670076,21.209897631957055,1,OK
2026-09-21T20:57:00Z,2813,2813,17,37.37664757484968,15.452725026658987,1,OK
2026-09-21T20:58:00Z,2815,2815,17,39.17703992093482,16.960447372598168,1,OK
2026-09-21T20:59:00Z,2813,2813,17,39.17632918884537,20.675494556341164,1,OK
2026-09-21T21:00:00Z,2811,2811,17,37.37593034214933,20.065479885126948,1,OK
2026-09-21T21:01:00Z,2812,2812,17,39.17597363328331,18.189910636283912,1,OK
2026-09-21T21:02:00Z,2814,2814,17,38.59250960366198,15.587264164987078,1,OK
2026-09-21T21:03:00Z,2786,2786,17,39.16668453461917,20.691949423997926,1,OK
2026-09-21T21:04:00Z,2783,2783,17,39.165607141796656,20.847975929580425,1,OK
2026-09-21T21:05:00Z,2787,2787,17,39.16704340776423,21.000392597352764,1,OK
2026-09-21T21:06:00Z,2812,2812,17,39.17597363328331,20.52162254429466,1,OK
2026-09-21T21:07:00Z,2811,2811,17,37.277783469728696,13.66186022724383,1,OK
2026-09-21T21:08:00Z,2813,2813,17,37.27850634672942,14.834709043821844,1,OK
2026-09-21T21:09:00Z,2813,2813,17,39.17632918884537,21.17363432800821,1,OK
2026-09-21T21:10:00Z,2815,2815,17,37.17330268721372,14.699784826648077,1,OK
2026-09-21T21:11:00Z,2809,2809,17,37.37521259487328,16.4802355911448,1,OK
2026-09-21T21:12:00Z,2812,2812,17,36.26532247071603,11.982557056505586,1,OK
2026-09-21T21:13:00Z,2814,2814,17,37.37700599846437,19.92676547853595,1,OK
2026-09-21T21:14:00Z,2813,2813,17,36.425557631863704,14.48649676192936,1,OK
2026-09-21T21:15:00Z,2813,2813,17,39.17632918884537,21.265210478064155,1,OK
2026-09-21T21:16:00Z,2808,2808,17,39.17455014548736,21.152545782841553,1,OK
2026-09-21T21:17:00Z,2813,2813,17,39.17632918884537,21.054878729323537,1,OK
2026-09-21T21:18:00Z,2812,2812,17,36.425196224850986,12.78707415530057,1,OK
2026-09-21T21:19:00Z,2813,2813,17,39.17632918884537,15.605579091479465,1,OK
2026-09-21T21:20:00Z,2806,2806,17,37.37413500751338,15.50809944401457,1,OK
2026-09-21T21:21:00Z,2766,2766,17,36.51958914285857,14.870114698927031,1,OK
2026-09-21T21:22:00Z,2783,2783,17,39.165607141796656,21.165970151906283,1,OK
2026-09-21T21:23:00Z,2804,2804,17,38.58894961404111,14.687096131064049,1,OK
2026-09-21T21:24:00Z,2813,2813,17,37.27850634672942,14.164929792138626,1,OK
2026-09-21T21:25:00Z,2814,2814,17,36.200543527727355,13.99622533106047,1,OK
2026-09-21T21:26:00Z,2813,2813,17,36.17262942693146,13.876124949007357,1,OK
2026-09-21T21:27:00Z,2813,2813,17,37.27850634672942,20.00199262577584,1,OK
2026-09-21T21:28:00Z,2814,2814,17,36.536940814975736,14.776473950516268,1,OK
2026-09-21T21:29:00Z,2813,2813,17,37.37664757484968,14.860310786041948,1,OK
2026-09-21T21:30:00Z,2812,2812,17,37.278144973486015,20.111828582631812,1,OK
2026-09-21T21:31:00Z,2812,2812,17,39.17597363328331,20.461595130679463,1,OK
2026-09-21T21:32:00Z,2814,2814,17,39.17668461803261,20.78300749660771,1,OK
2026-09-21T21:33:00Z,2812,2812,17,39.17597363328331,20.884861445533687,1,OK
2026-09-21T21:34:00Z,2812,2812,17,39.17597363328331,21.209453730800107,1,OK
2026-09-21T21:35:00Z,2814,2814,17,39.17668461803261,21.282220618568484,1,OK
2026-09-21T21:36:00Z,2811,2811,17,39.17561795125652,21.408050708450578,1,OK
2026-09-21T21:37:00Z,2812,2812,17,39.17597363328331,21.35958855379037,1,OK
2026-09-21T21:38:00Z,2765,2765,17,37.11785921775325,14.881615909715256,1,OK
2026-09-21T21:39:00Z,2785,2785,17,37.36655922016071,20.01368387259834,1,OK
2026-09-21T21:40:00Z,2789,2789,17,39.16776076791552,21.06392380242818,1,OK
2026-09-21T21:41:00Z,2810,2810,17,39.17526214267502,21.244971014685877,1,OK
2026-09-21T21:42:00Z,2808,2808,17,36.423749290477474,11.388335704076649,1,OK
2026-09-21T21:43:00Z,2813,2813,17,39.17632918884537,21.64101377791057,1,OK
2026-09-21T21:44:00Z,2814,2814,17,36.536940814975736,12.93527074528743,1,OK
2026-09-21T21:45:00Z,2813,2813,17,36.53658237448474,13.48700767063597,1,OK
2026-09-21T21:46:00Z,2807,2807,17,36.22857812478096,14.571680019642464,1,OK
2026-09-21T21:47:00Z,2814,2814,17,37.27886758955307,20.546884235438963,1,OK
2026-09-21T21:48:00Z,2813,2813,17,39.17632918884537,21.206200932313596,1,OK
2026-09-21T21:49:00Z,2813,2813,17,39.17632918884537,21.32535263125739,1,OK
2026-09-21T21:50:00Z,2813,2813,17,39.17632918884537,21.728556160069235,1,OK
2026-09-21T21:51:00Z,2813,2813,17,37.37664757484968,20.793199587627715,1,OK
2026-09-21T21:52:00Z,2813,2813,17,37.37664757484968,19.109415477004138,1,OK
2026-09-21T21:53:00Z,2814,2814,17,39.17668461803261,22.060520933570036,1,OK
2026-09-21T21:54:00Z,2812,2812,17,38.59179861889807,14.011102412988796,1,OK
2026-09-21T21:55:00Z,2807,2807,17,39.17419395670076,17.53677718557115,1,OK
2026-09-21T21:56:00Z,2773,2773,17,37.36220430154006,20.688692770004497,1,OK
2026-09-21T21:57:00Z,2779,2779,17,39.16416881000167,21.719019212982108,1,OK
2026-09-21T21:58:00Z,2809,2809,17,39.174906207448686,22.187571947397075,1,OK
2026-09-21T21:59:00Z,2812,2812,17,39.17597363328331,22.217940690601445,1,OK
2026-09-21T22:00:00Z,2813,2813,17,39.17632918884537,21.5939931176083,1,OK
2026-09-21T22:01:00Z,2809,2809,17,39.174906207448686,21.7159339143744,1,OK
2026-09-21T22:02:00Z,2813,2813,17,39.17632918884537,21.855071703390998,1,OK
2026-09-21T22:03:00Z,2814,2814,17,36.425918908432664,14.441787945981481,1,OK
2026-09-21T22:04:00Z,2811,2811,17,37.37593034214933,17.902009307800824,1,OK
2026-09-21T22:05:00Z,2815,2815,17,36.358066505246,15.035058968458253,1,OK
2026-09-21T22:06:00Z,2809,2809,17,37.277060070295214,21.205246693960888,1,OK
2026-09-21T22:07:00Z,2812,2812,17,39.17597363328331,22.495236891709332,1,OK
2026-09-21T22:08:00Z,2812,2812,17,39.17597363328331,22.228526309377624,1,OK
2026-09-21T22:09:00Z,2816,2816,17,37.377722460682776,16.825702953356124,1,OK
2026-09-21T22:10:00Z,2811,2811,17,37.277783469728696,14.820015501051452,1,OK
2026-09-21T22:11:00Z,2807,2807,17,36.534429030407544,14.296523225572637,1,OK
2026-09-21T22:12:00Z,2812,2812,17,39.17597363328331,17.018788919955824,1,OK
2026-09-21T22:13:00Z,2789,2789,17,37.368006657140015,16.602680584219073,1,OK
2026-09-21T22:14:00Z,2783,2783,17,38.58143212719731,15.807530987735642,1,OK
2026-09-21T22:15:00Z,2786,2786,17,38.58250952004217,12.100452265552986,1,OK
2026-09-21T22:16:00Z,2813,2813,17,36.53658237448474,13.154044554520377,1,OK
2026-09-21T22:17:00Z,2813,2813,17,39.17632918884537,18.124132459909177,1,OK
2026-09-21T22:18:00Z,2812,2812,17,37.37628902277537,20.607183601463667,1,OK
2026-09-21T22:19:00Z,2812,2812,17,39.17597363328331,21.422103889721953,1,OK
2026-09-21T22:20:00Z,2812,2812,17,39.17597363328331,21.4581510324776,1,OK
2026-09-21T22:21:00Z,2811,2811,17,39.17561795125652,17.281667988709025,1,OK
2026-09-21T22:22:00Z,2814,2814,17,36.26606154321969,13.219234238351842,1,OK
2026-09-21T22:23:00Z,2811,2811,17,37.37593034214933,18.206235352076096,1,OK
2026-09-21T22:24:00Z,2813,2813,17,39.17632918884537,21.283342166505957,1,OK
2026-09-21T22:25:00Z,2813,2813,17,39.17632918884537,21.452198252724955,1,OK
2026-09-21T22:26:00Z,2813,2813,17,39.17632918884537,21.42166933828343,1,OK
2026-09-21T22:27:00Z,2810,2810,17,36.5355062818135,17.54427648933035,1,OK
2026-09-21T22:28:00Z,2813,2813,17,36.425557631863704,14.848396087409558,1,OK
2026-09-21T22:29:00Z,2814,2814,17,36.536940814975736,12.180970856839576,1,OK
2026-09-21T22:30:00Z,2803,2803,17,37.27488672983752,15.94215665693082,1,OK
2026-09-21T22:31:00Z,2770,2770,17,37.20206504031774,15.498959850816597,1,OK
2026-09-21T22:32:00Z,2780,2780,17,38.580353572325016,15.353242714926326,1,OK
2026-09-21T22:33:00Z,2809,2809,17,37.216386028582725,15.516713475081112,1,OK
2026-09-21T22:34:00Z,2812,2812,17,39.17597363328331,21.543847880871418,1,OK
2026-09-21T22:35:00Z,2811,2811,17,39.17561795125652,20.872384425068077,1,OK
2026-09-21T22:36:00Z,2813,2813,17,38.592154174467446,15.55209951943563,1,OK
2026-09-21T22:37:00Z,2813,2813,17,38.592154174467446,16.404095486261784,1,OK
2026-09-21T22:38:00Z,2813,2813,17,39.17632918884537,21.444640648220084,1,OK
2026-09-21T22:39:00Z,2813,2813,17,39.17632918884537,21.163315215848854,1,OK
2026-09-21T22:40:00Z,2813,2813,17,39.17632918884537,21.310370345372903,1,OK
2026-09-21T22:41:00Z,2813,2813,17,39.17632918884537,20.919792815963753,1,OK
2026-09-21T22:42:00Z,2811,2811,17,37.37593034214933,15.938871115304726,1,OK
2026-09-21T22:43:00Z,2814,2814,17,36.35770259106353,14.641813889229768,1,OK
2026-09-21T22:44:00Z,2815,2815,17,39.17703992093482,16.04039850402072,1,OK
2026-09-21T22:45:00Z,2812,2812,17,39.17597363328331,19.18740899511888,1,OK
2026-09-21T22:46:00Z,2811,2811,17,36.42483468730034,10.692468334985923,1,OK
2026-09-21T22:47:00Z,2815,2815,17,39.17703992093482,15.252677993417086,1,OK
2026-09-21T22:48:00Z,2784,2784,17,37.1618761552293,17.81108292502899,1,OK
2026-09-21T22:49:00Z,2782,2782,17,37.26724266030951,18.859493805226613,1,OK
2026-09-21T22:50:00Z,2792,2792,17,39.168835844178865,19.935044208487056,1,OK
2026-09-21T22:51:00Z,2811,2811,17,39.17561795125652,19.824424419509597,1,OK
2026-09-21T22:52:00Z,2814,2814,17,39.17668461803261,19.446235370820812,1,OK
2026-09-21T22:53:00Z,2813,2813,17,37.37664757484968,14.844107161942112,1,OK
2026-09-21T22:54:00Z,2813,2813,17,37.27850634672942,18.355500121927538,1,OK
2026-09-21T22:55:00Z,2813,2813,17,39.17632918884537,21.985348621864954,1,OK
2026-09-21T22:56:00Z,2811,2811,17,39.17561795125652,21.859982458664266,1,OK
2026-09-21T22:57:00Z,2809,2809,17,36.42411122020802,15.697476018066723,1,OK
2026-09-21T22:58:00Z,2813,2813,17,39.17632918884537,22.099875406476002,1,OK
2026-09-21T22:59:00Z,2811,2811,17,39.14181662643159,21.184322288926552,1,OK
2026-09-21T23:00:00Z,2811,2811,17,39.17561795125652,22.109771215328298,1,OK
2026-09-21T23:01:00Z,2811,2811,17,39.17561795125652,22.06045656627095,1,OK
2026-09-21T23:02:00Z,2815,2815,17,37.37736429371144,16.004070058085965,1,OK
2026-09-21T23:03:00Z,2811,2811,17,36.26495273016186,12.64009835007818,1,OK
2026-09-21T23:04:00Z,2815,2815,17,37.37736429371144,16.354895985366934,1,OK
2026-09-21T23:05:00Z,2805,2805,17,37.37377555363761,16.40152594170337,1,OK
2026-09-21T23:06:00Z,2777,2777,17,39.16344886756014,21.465306768452827,1,OK
2026-09-21T23:07:00Z,2782,2782,17,39.16524775275126,21.53226985089511,1,OK
2026-09-21T23:08:00Z,2811,2811,17,39.17561795125652,22.018527581204772,1,OK
2026-09-21T23:09:00Z,2813,2813,17,39.17632918884537,22.52305444821491,1,OK
2026-09-21T23:10:00Z,2813,2813,17,39.17632918884537,17.924370092854538,1,OK
2026-09-21T23:11:00Z,2812,2812,17,36.199793816689514,11.324402900973343,1,OK
2026-09-21T23:12:00Z,2813,2813,17,37.27850634672942,21.18299271434279,1,OK
2026-09-21T23:13:00Z,2811,2811,17,39.17561795125652,17.820827827808888,1,OK
2026-09-21T23:14:00Z,2815,2815,17,36.42628005465194,14.54714469442519,1,OK
2026-09-21T23:15:00Z,2813,2813,17,36.35733854460836,14.030453325034504,1,OK
2026-09-21T23:16:00Z,2809,2809,17,37.216386028582725,21.112095091981104,1,OK
2026-09-21T23:17:00Z,2814,2814,17,39.17668461803261,22.841494452674212,1,OK
2026-09-21T23:18:00Z,2814,2814,17,39.17668461803261,22.40100931494627,1,OK
2026-09-21T23:19:00Z,2813,2813,17,37.27850634672942,15.264297219788475,1,OK
2026-09-21T23:20:00Z,2812,2812,17,39.17597363328331,22.42292809405439,1,OK
2026-09-21T23:21:00Z,2813,2813,17,39.17632918884537,22.65937212075494,1,OK
2026-09-21T23:22:00Z,2811,2811,17,39.17561795125652,16.640466043326576,1,OK
2026-09-21T23:23:00Z,2790,2790,17,37.27016157428023,21.619068369776983,1,OK
2026-09-21T23:24:00Z,2780,2780,17,37.205756654466036,15.533653352369342,1,OK
2026-09-21T23:25:00Z,2792,2792,17,39.168835844178865,22.174557600902208,1,OK
2026-09-21T23:26:00Z,2808,2808,17,39.17455014548736,22.62703918362469,1,OK
2026-09-21T23:27:00Z,2814,2814,17,39.17668461803261,22.451742588816494,1,OK
2026-09-21T23:28:00Z,2809,2809,17,38.5907311930415,15.883392289468262,1,OK
2026-09-21T23:29:00Z,2813,2813,17,39.17632918884537,20.461359948905507,1,OK
2026-09-21T23:30:00Z,2812,2812,17,39.17597363328331,22.428669635867763,1,OK
2026-09-21T23:31:00Z,2814,2814,17,36.35770259106353,14.89700371760608,1,OK
2026-09-21T23:32:00Z,2810,2810,17,39.17526214267502,21.114446140219123,1,OK
2026-09-21T23:33:00Z,2813,2813,17,39.17632918884537,21.633878248156897,1,OK
2026-09-21T23:34:00Z,2812,2812,17,38.59179861889807,16.076048012688233,1,OK
2026-09-21T23:35:00Z,2813,2813,17,38.592154174467446,15.992680090520185,1,OK
2026-09-21T23:36:00Z,2813,2813,17,39.17632918884537,21.705059686211904,1,OK
2026-09-21T23:37:00Z,2814,2814,17,39.17668461803261,22.004436403192013,1,OK
2026-09-21T23:38:00Z,2806,2806,17,37.27597398993101,13.914663629497957,1,OK
2026-09-21T23:39:00Z,2815,2815,17,38.59286490657149,13.035431503779602,1,OK
2026-09-21T23:40:00Z,2807,2807,17,39.17419395670076,16.16569164544822,1,OK
2026-09-21T23:41:00Z,2768,2768,17,37.118986885946555,15.210372857561456,1,OK
2026-09-21T23:42:00Z,2755,2755,17,37.35563617118347,15.822252343172254,1,OK
2026-09-21T23:43:00Z,2799,2799,17,37.21273345562489,20.650368111065422,1,OK
2026-09-21T23:44:00Z,2815,2815,17,39.17703992093482,17.81082815472802,1,OK
2026-09-21T23:45:00Z,2813,2813,17,37.21784333623615,15.613446997181715,1,OK
2026-09-21T23:46:00Z,2815,2815,17,37.37736429371144,20.98592677442685,1,OK
2026-09-21T23:47:00Z,2813,2813,17,36.53658237448474,17.189030906213155,1,OK
2026-09-21T23:48:00Z,2813,2813,17,36.97593124179599,19.451460549306542,1,OK
2026-09-21T23:49:00Z,2813,2813,17,36.53658237448474,15.518363676179117,1,OK
2026-09-21T23:50:00Z,2813,2813,17,37.104297102268404,14.640753472106047,1,OK
2026-09-21T23:51:00Z,2804,2804,17,36.533350617769365,14.80811651408293,1,OK
2026-09-21T23:52:00Z,2812,2812,17,37.37628902277537,20.110057990030477,1,OK
2026-09-21T23:53:00Z,2810,2810,17,39.17526214267502,22.5202768093163,1,OK
2026-09-21T23:54:00Z,2815,2815,17,38.59286490657149,17.917175586227884,1,OK
2026-09-21T23:55:00Z,2812,2812,17,36.425196224850986,14.027150340478123,1,OK
2026-09-21T23:56:00Z,2813,2813,17,36.53658237448474,12.995975890847149,1,OK
2026-09-21T23:57:00Z,2812,2812,17,38.59179861889807,15.854888876418036,1,OK
2026-09-21T23:58:00Z,2789,2789,17,37.368006657140015,17.53965224714063,1,OK
2026-09-21T23:59:00Z,2776,2776,17,39.16308870187712,22.333896399638483,1,OK
2026-09-22T00:00:00Z,2791,2791,17,39.16847761383006,16.951426423336905,1,OK
2026-09-22T00:01:00Z,2813,2813,17,39.17632918884537,22.760542466750316,1,OK
2026-09-22T00:02:00Z,2813,2813,17,39.17632918884537,19.74000496437182,1,OK
2026-09-22T00:03:00Z,2814,2814,17,37.37700599846437,18.494588704306402,1,OK
2026-09-22T00:04:00Z,2815,2815,17,39.17703992093482,21.878194036238806,1,OK
2026-09-22T00:05:00Z,2813,2813,17,39.17632918884537,17.415865561050715,1,OK
2026-09-22T00:06:00Z,2811,2811,17,37.37593034214933,20.462685179121326,1,OK
2026-09-22T00:07:00Z,2813,2813,17,37.27850634672942,15.394850468966716,1,OK
2026-09-22T00:08:00Z,2812,2812,17,39.17597363328331,21.659376024351207,1,OK
2026-09-22T00:09:00Z,2813,2813,17,39.17632918884537,21.56538230504218,1,OK
2026-09-22T00:10:00Z,2814,2814,17,39.17668461803261,21.915305280238915,1,OK
2026-09-22T00:11:00Z,2812,2812,17,39.17597363328331,21.860318643783778,1,OK
2026-09-22T00:12:00Z,2812,2812,17,37.37628902277537,16.714043390208214,1,OK
2026-09-22T00:13:00Z,2811,2811,17,37.21711494745991,18.90863720604555,1,OK
2026-09-22T00:14:00Z,2814,2814,17,36.536940814975736,12.543007177666693,1,OK
2026-09-22T00:15:00Z,2803,2803,17,38.58859291704127,15.789945335490412,1,OK
2026-09-22T00:16:00Z,2771,2771,17,37.15704534344741,21.113168435161736,1,OK
2026-09-22T00:17:00Z,2781,2781,17,37.26687719684351,16.34745299259394,1,OK
2026-09-22T00:18:00Z,2810,2810,17,39.17526214267502,17.66956892969214,1,OK
2026-09-22T00:19:00Z,2814,2814,17,37.27886758955307,16.63680424479485,1,OK
2026-09-22T00:20:00Z,2811,2811,17,39.17561795125652,22.341434672673092,1,OK
2026-09-22T00:21:00Z,2815,2815,17,39.17703992093482,22.212805787967152,1,OK
2026-09-22T00:22:00Z,2813,2813,17,39.17632918884537,22.49181193714839,1,OK
2026-09-22T00:23:00Z,2809,2809,17,36.264212839947554,14.481820885970976,1,OK
2026-09-22T00:24:00Z,2813,2813,17,37.37664757484968,21.377586920872236,1,OK
2026-09-22T00:25:00Z,2813,2813,17,39.17632918884537,22.155356916738555,1,OK
2026-09-22T00:26:00Z,2811,2811,17,38.59144293686397,16.095742637236658,1,OK
2026-09-22T00:27:00Z,2814,2814,17,37.27886758955307,20.966648567335213,1,OK
2026-09-22T00:28:00Z,2812,2812,17,38.59179861889807,18.08974634548351,1,OK
2026-09-22T00:29:00Z,2814,2814,17,39.17668461803261,22.958032499956538,1,OK
2026-09-22T00:30:00Z,2810,2810,17,37.375571532879405,18.85909459291581,1,OK
2026-09-22T00:31:00Z,2810,2810,17,37.17146848643973,13.100910051092418,1,OK
2026-09-22T00:32:00Z,2813,2813,17,39.17632918884537,16.40159346491203,1,OK
2026-09-22T00:33:00Z,2785,2785,17,36.34709114811666,14.758916364100974,1,OK
2026-09-22T00:34:00Z,2778,2778,17,36.21770136983513,14.047147598504838,1,OK
2026-09-22T00:35:00Z,2790,2790,17,37.12721794485122,20.01330812092589,1,OK
2026-09-22T00:36:00Z,2810,2810,17,39.17526214267502,21.612163583285135,1,OK
2026-09-22T00:37:00Z,2812,2812,17,39.17597363328331,21.99630149777271,1,OK
2026-09-22T00:38:00Z,2812,2812,17,39.17597363328331,22.140190383765596,1,OK
2026-09-22T00:39:00Z,2813,2813,17,39.17632918884537,22.255937343597644,1,OK
2026-09-22T00:40:00Z,2813,2813,17,39.17632918884537,21.982797616247723,1,OK
2026-09-22T00:41:00Z,2811,2811,17,39.17561795125652,22.06912204552941,1,OK
2026-09-22T00:42:00Z,2814,2814,17,39.17668461803261,22.024724778051322,1,OK
2026-09-22T00:43:00Z,2811,2811,17,39.17561795125652,21.97156063502245,1,OK
2026-09-22T00:44:00Z,2813,2813,17,39.17632918884537,22.03491185435389,1,OK
2026-09-22T00:45:00Z,2813,2813,17,39.17632918884537,22.387317616517073,1,OK
2026-09-22T00:46:00Z,2814,2814,17,39.17668461803261,22.341887216214474,1,OK
2026-09-22T00:47:00Z,2813,2813,17,39.17632918884537,22.301976691258805,1,OK
2026-09-22T00:48:00Z,2816,2816,17,39.17739509764172,21.85905373279249,1,OK
2026-09-22T00:49:00Z,2809,2809,17,39.174906207448686,21.984745484399724,1,OK
2026-09-22T00:50:00Z,2803,2803,17,39.17276793149248,22.18107183511728,1,OK
2026-09-22T00:51:00Z,2773,2773,17,39.162007425857425,22.387950505744122,1,OK
2026-09-22T00:52:00Z,2782,2782,17,39.16524775275126,22.02365583064284,1,OK
2026-09-22T00:53:00Z,2808,2808,17,38.590375131072854,13.779049858506985,1,OK
2026-09-22T00:54:00Z,2810,2810,17,38.59108712827515,16.207431906540187,1,OK
2026-09-22T00:55:00Z,2813,2813,17,37.13575153339375,14.891810708951853,1,OK
2026-09-22T00:56:00Z,2814,2814,17,37.21820733207701,18.663072822246924,1,OK
2026-09-22T00:57:00Z,2812,2812,17,37.278144973486015,14.031519088624824,1,OK
2026-09-22T00:58:00Z,2812,2812,17,39.17597363328331,17.977679090503415,1,OK
2026-09-22T00:59:00Z,2813,2813,17,38.592154174467446,11.33756423524953,1,OK
2026-09-22T01:00:00Z,2814,2814,17,39.17668461803261,16.965977385183777,1,OK
2026-09-22T01:01:00Z,2806,2806,17,37.37413500751338,15.607502596005894,1,OK
2026-09-22T01:02:00Z,2813,2813,17,37.27850634672942,15.209547521594992,1,OK
2026-09-22T01:03:00Z,2812,2812,17,39.17597363328331,20.96111859041498,1,OK
2026-09-22T01:04:00Z,2812,2812,17,39.17597363328331,20.727506898246453,1,OK
2026-09-22T01:05:00Z,2814,2814,17,36.35770259106353,13.57243886128407,1,OK
2026-09-22T01:06:00Z,2812,2812,17,36.26532247071603,12.717515339397984,1,OK
2026-09-22T01:07:00Z,2814,2814,17,37.27886758955307,14.77132323613852,1,OK
2026-09-22T01:08:00Z,2789,2789,17,37.09532662022138,16.53055260352552,1,OK
2026-09-22T01:09:00Z,2777,2777,17,39.16344886756014,21.28509609068338,1,OK
2026-09-22T01:10:00Z,2792,2792,17,37.369090862219664,15.752347447201581,1,OK
2026-09-22T01:11:00Z,2812,2812,17,39.17597363328331,21.740963742979492,1,OK
2026-09-22T01:12:00Z,2813,2813,17,36.35733854460836,14.23020943492729,1,OK
2026-09-22T01:13:00Z,2815,2815,17,36.26643087536939,13.021399546137248,1,OK
2026-09-22T01:14:00Z,2813,2813,17,36.425557631863704,12.814572936682008,1,OK
2026-09-22T01:15:00Z,2812,2812,17,39.17597363328331,21.0160989588909,1,OK
2026-09-22T01:16:00Z,2810,2810,17,37.375571532879405,18.287718812847906,1,OK
2026-09-22T01:17:00Z,2815,2815,17,39.17703992093482,21.22687235043128,1,OK
2026-09-22T01:18:00Z,2813,2813,17,39.17632918884537,21.47105691356366,1,OK
2026-09-22T01:19:00Z,2814,2814,17,39.17668461803261,21.281926577832433,1,OK
2026-09-22T01:20:00Z,2811,2811,17,39.17561795125652,21.34810549726625,1,OK
2026-09-22T01:21:00Z,2814,2814,17,39.17668461803261,21.300411627323626,1,OK
2026-09-22T01:22:00Z,2812,2812,17,39.17597363328331,21.112899511962212,1,OK
2026-09-22T01:23:00Z,2813,2813,17,39.17632918884537,21.41701037623936,1,OK
2026-09-22T01:24:00Z,2811,2811,17,39.17561795125652,21.341289549230485,1,OK
2026-09-22T01:25:00Z,2803,2803,17,37.16889495316961,16.30454087597123,1,OK
2026-09-22T01:26:00Z,2776,2776,17,37.265047875303594,20.68312351033443,1,OK
2026-09-22T01:27:00Z,2782,2782,17,37.36547226645823,12.712337556732441,1,OK
2026-09-22T01:28:00Z,2812,2812,17,37.21747920806251,14.95799901092084,1,OK
2026-09-22T01:29:00Z,2813,2813,17,37.13575153339375,14.110825250818236,1,OK
2026-09-22T01:30:00Z,2813,2813,17,37.27850634672942,20.47469352095979,1,OK
2026-09-22T01:31:00Z,2807,2807,17,39.17419395670076,21.772120114360852,1,OK
2026-09-22T01:32:00Z,2810,2810,17,36.42447301911747,14.622245403521452,1,OK
2026-09-22T01:33:00Z,2814,2814,17,37.37700599846437,20.43386920302552,1,OK
2026-09-22T01:34:00Z,2814,2814,17,39.17668461803261,22.5001379424887,1,OK
2026-09-22T01:35:00Z,2810,2810,17,37.27742183536321,15.768776016304802,1,OK
2026-09-22T01:36:00Z,2813,2813,17,36.53658237448474,15.387446351307714,1,OK
2026-09-22T01:37:00Z,2814,2814,17,39.17668461803261,22.22575225211413,1,OK
2026-09-22T01:38:00Z,2813,2813,17,39.17632918884537,22.57259861044108,1,OK
2026-09-22T01:39:00Z,2806,2806,17,39.1738376409985,21.933323997269422,1,OK
2026-09-22T01:40:00Z,2812,2812,17,38.59179861889807,18.271803896199916,1,OK
2026-09-22T01:41:00Z,2811,2811,17,36.35661005449548,16.931354244769345,1,OK
2026-09-22T01:42:00Z,2812,2812,17,37.21747920806251,20.051791695027443,1,OK
2026-09-22T01:43:00Z,2785,2785,17,39.16632553263791,21.16988970414801,1,OK
2026-09-22T01:44:00Z,2775,2775,17,39.16272840642804,21.52609775048949,1,OK
2026-09-22T01:45:00Z,2787,2787,17,38.58286839319468,13.108319695523546,1,OK
2026-09-22T01:46:00Z,2813,2813,17,37.37664757484968,16.057995281338055,1,OK
2026-09-22T01:47:00Z,2814,2814,17,37.37700599846437,15.79575234280396,1,OK
2026-09-22T01:48:00Z,2813,2813,17,36.53658237448474,14.383320241094427,1,OK
2026-09-22T01:49:00Z,2813,2813,17,39.17632918884537,21.055763113915063,1,OK
2026-09-22T01:50:00Z,2813,2813,17,37.37664757484968,15.779949311486968,1,OK
2026-09-22T01:51:00Z,2807,2807,17,39.17419395670076,20.859181301923858,1,OK
2026-09-22T01:52:00Z,2813,2813,17,39.17632918884537,21.221046637828163,1,OK
2026-09-22T01:53:00Z,2814,2814,17,39.17668461803261,21.496480878012065,1,OK
2026-09-22T01:54:00Z,2816,2816,17,36.4266410706155,14.926066452245502,1,OK
2026-09-22T01:55:00Z,2813,2813,17,36.425557631863704,14.299249325425292,1,OK
2026-09-22T01:56:00Z,2806,2806,17,39.1738376409985,21.22180575261718,1,OK
2026-09-22T01:57:00Z,2812,2812,17,37.37628902277537,20.788086709325416,1,OK
2026-09-22T01:58:00Z,2810,2810,17,36.30558858032799,12.53766878231115,1,OK
2026-09-22T01:59:00Z,2815,2815,17,36.53729912708712,13.179476453165519,1,OK
2026-09-22T02:00:00Z,2802,2802,17,36.30264631667661,12.644044039526486,1,OK
2026-09-22T02:01:00Z,2768,2768,17,36.2900444359735,13.97127730789826,1,OK
2026-09-22T02:02:00Z,2788,2788,17,37.367644994177745,14.909703774000342,1,OK
2026-09-22T02:03:00Z,2810,2810,17,37.27742183536321,16.554991510292098,1,OK
2026-09-22T02:04:00Z,2814,2814,17,39.17668461803261,18.372901626777793,1,OK
2026-09-22T02:05:00Z,2814,2814,17,37.27886758955307,15.629969589636655,1,OK
2026-09-22T02:06:00Z,2814,2814,17,39.17668461803261,21.794945644714954,1,OK
2026-09-22T02:07:00Z,2814,2814,17,39.17668461803261,16.85685909436136,1,OK
2026-09-22T02:08:00Z,2814,2814,17,37.27886758955307,16.670723745578474,1,OK
2026-09-22T02:09:00Z,2811,2811,17,37.37593034214933,17.269673927861497,1,OK
2026-09-22T02:10:00Z,2815,2815,17,39.17703992093482,22.458706568115577,1,OK
2026-09-22T02:11:00Z,2806,2806,17,37.21529165463977,15.436703692642428,1,OK
2026-09-22T02:12:00Z,2815,2815,17,37.37736429371144,21.404748305457645,1,OK
2026-09-22T02:13:00Z,2813,2813,17,39.17632918884537,22.563912308041612,1,OK
2026-09-22T02:14:00Z,2813,2813,17,39.17632918884537,22.386300233674,1,OK
2026-09-22T02:15:00Z,2814,2814,17,36.536940814975736,15.708906195244403,1,OK
2026-09-22T02:16:00Z,2809,2809,17,36.53514732688298,12.704203880415074,1,OK
2026-09-22T02:17:00Z,2813,2813,17,39.17632918884537,17.531480832190507,1,OK
2026-09-22T02:18:00Z,2785,2785,17,39.16632553263791,19.285720222835497,1,OK
2026-09-22T02:19:00Z,2787,2787,17,37.269067978785486,20.828337132342487,1,OK
2026-09-22T02:20:00Z,2791,2791,17,39.16847761383006,22.084286888763774,1,OK
2026-09-22T02:21:00Z,2811,2811,17,39.17561795125652,22.166270323638546,1,OK
2026-09-22T02:22:00Z,2810,2810,17,39.17526214267502,22.418889351584667,1,OK
2026-09-22T02:23:00Z,2815,2815,17,39.17703992093482,16.854941275149955,1,OK
2026-09-22T02:24:00Z,2812,2812,17,36.3569743657844,10.910162965175507,1,OK
2026-09-22T02:25:00Z,2813,2813,17,38.592154174467446,14.8973309152444,1,OK
2026-09-22T02:26:00Z,2812,2812,17,38.59179861889807,18.545879531808744,1,OK
2026-09-22T02:27:00Z,2814,2814,17,36.35770259106353,17.367716759870994,1,OK
2026-09-22T02:28:00Z,2813,2813,17,37.27850634672942,20.81070573035545,1,OK
2026-09-22T02:29:00Z,2814,2814,17,39.17668461803261,22.214703898619106,1,OK
2026-09-22T02:30:00Z,2811,2811,17,39.17561795125652,22.254786594911373,1,OK
2026-09-22T02:31:00Z,2808,2808,17,39.17455014548736,22.314099752764875,1,OK
2026-09-22T02:32:00Z,2815,2815,17,39.17703992093482,22.070949083092778,1,OK
2026-09-22T02:33:00Z,2809,2809,17,39.174906207448686,22.4049049163281,1,OK
2026-09-22T02:34:00Z,2813,2813,17,36.53658237448474,11.882332147732841,1,OK
2026-09-22T02:35:00Z,2803,2803,17,38.58859291704127,14.80689255361528,1,OK
2026-09-22T02:36:00Z,2775,2775,17,36.2515504836675,14.061853247617726,1,OK
2026-09-22T02:37:00Z,2786,2786,17,37.268703181280436,15.526438061017105,1,OK
2026-09-22T02:38:00Z,2809,2809,17,37.277060070295214,20.917123070096473,1,OK
2026-09-22T02:39:00Z,2813,2813,17,37.37664757484968,15.974314172365977,1,OK
2026-09-22T02:40:00Z,2814,2814,17,39.17668461803261,21.407366640985522,1,OK
2026-09-22T02:41:00Z,2812,2812,17,39.17597363328331,21.87582003960536,1,OK
2026-09-22T02:42:00Z,2811,2811,17,39.17561795125652,21.773673797299107,1,OK
2026-09-22T02:43:00Z,2810,2810,17,39.17526214267502,22.28089074590759,1,OK
2026-09-22T02:44:00Z,2815,2815,17,36.42628005465194,14.878237689676435,1,OK
2026-09-22T02:45:00Z,2812,2812,17,37.37628902277537,15.216747574030395,1,OK
2026-09-22T02:46:00Z,2817,2817,17,36.538015366538545,14.74549199586979,1,OK
2026-09-22T02:47:00Z,2814,2814,17,36.425918908432664,14.470489881496736,1,OK
2026-09-22T02:48:00Z,2813,2813,17,37.37664757484968,15.416289869275209,1,OK
2026-09-22T02:49:00Z,2813,2813,17,37.37664757484968,15.135085794392817,1,OK
2026-09-22T02:50:00Z,2812,2812,17,38.59179861889807,14.904650298524158,1,OK
2026-09-22T02:51:00Z,2813,2813,17,36.306689706274305,10.280007759117625,1,OK
2026-09-22T02:52:00Z,2813,2813,17,37.21784333623615,15.82082089985554,1,OK
2026-09-22T02:53:00Z,2788,2788,17,37.20870018046431,15.430775849490917,1,OK
2026-09-22T02:54:00Z,2782,2782,17,39.16524775275126,19.466243646028534,1,OK
2026-09-22T02:55:00Z,2792,2792,17,39.168835844178865,19.583818347083863,1,OK
2026-09-22T02:56:00Z,2813,2813,17,38.592154174467446,13.86261741214125,1,OK
2026-09-22T02:57:00Z,2811,2811,17,37.37593034214933,15.128999845706787,1,OK
2026-09-22T02:58:00Z,2812,2812,17,39.17597363328331,19.490710818603493,1,OK
2026-09-22T02:59:00Z,2814,2814,17,39.17668461803261,19.18019834069795,1,OK
2026-09-22T03:00:00Z,2814,2814,17,39.17668461803261,19.24889333057958,1,OK
2026-09-22T03:01:00Z,2802,2802,17,39.17241110722184,19.543501590080982,1,OK
2026-09-22T03:02:00Z,2811,2811,17,39.17561795125652,19.11195734278406,1,OK
2026-09-22T03:03:00Z,2813,2813,17,39.17632918884537,19.148723150914655,1,OK
2026-09-22T03:04:00Z,2812,2812,17,37.37628902277537,13.92607640618218,1,OK
2026-09-22T03:05:00Z,2813,2813,17,36.53658237448474,18.596974892040517,1,OK
2026-09-22T03:06:00Z,2810,2810,17,37.375571532879405,20.587827092574383,1,OK
2026-09-22T03:07:00Z,2811,2811,17,39.17561795125652,21.52066819785263,1,OK
2026-09-22T03:08:00Z,2813,2813,17,39.17632918884537,21.460977946917172,1,OK
2026-09-22T03:09:00Z,2812,2812,17,39.17597363328331,21.28224878557983,1,OK
2026-09-22T03:10:00Z,2803,2803,17,39.17276793149248,21.313251432991834,1,OK
2026-09-22T03:11:00Z,2766,2766,17,39.1594798924457,21.30142389994557,1,OK
2026-09-22T03:12:00Z,2788,2788,17,37.367644994177745,13.013193895602651,1,OK
2026-09-22T03:13:00Z,2812,2812,17,38.59179861889807,13.054764901209229,1,OK
2026-09-22T03:14:00Z,2812,2812,17,37.37628902277537,16.18580978342972,1,OK
2026-09-22T03:15:00Z,2813,2813,17,39.17632918884537,21.235767438440476,1,OK
2026-09-22T03:16:00Z,2812,2812,17,39.17597363328331,21.278383493459348,1,OK
2026-09-22T03:17:00Z,2814,2814,17,39.17668461803261,21.07593064944703,1,OK
2026-09-22T03:18:00Z,2815,2815,17,39.17703992093482,20.74107016177621,1,OK
2026-09-22T03:19:00Z,2813,2813,17,39.17632918884537,21.154515348751133,1,OK
2026-09-22T03:20:00Z,2812,2812,17,39.17597363328331,21.526212938417597,1,OK
2026-09-22T03:21:00Z,2815,2815,17,38.59286490657149,12.981079111799366,1,OK
2026-09-22T03:22:00Z,2813,2813,17,39.17632918884537,21.412134600856444,1,OK
2026-09-22T03:23:00Z,2812,2812,17,39.17597363328331,21.57044171063066,1,OK
2026-09-22T03:24:00Z,2813,2813,17,36.425557631863704,15.12396394046544,1,OK
2026-09-22T03:25:00Z,2812,2812,17,36.26532247071603,15.966125296190398,1,OK
2026-09-22T03:26:00Z,2810,2810,17,36.2645828532725,11.856507794004706,1,OK
2026-09-22T03:27:00Z,2813,2813,17,37.21784333623615,15.434563892265151,1,OK
2026-09-22T03:28:00Z,2787,2787,17,37.269067978785486,16.865112560047248,1,OK
2026-09-22T03:29:00Z,2785,2785,17,36.255291326543606,13.486737817209619,1,OK
2026-09-22T03:30:00Z,2795,2795,17,36.259018271188026,12.635687154005868,1,OK
2026-09-22T03:31:00Z,2804,2804,17,37.13242094350503,16.90364745808,1,OK
2026-09-22T03:32:00Z,2815,2815,17,37.218571195681136,17.627968494824803,1,OK
2026-09-22T03:33:00Z,2812,2812,17,36.425196224850986,14.99918488569493,1,OK
2026-09-22T03:34:00Z,2813,2813,17,36.425557631863704,13.429869031154633,1,OK
2026-09-22T03:35:00Z,2814,2814,17,37.37700599846437,20.513053963766442,1,OK
2026-09-22T03:36:00Z,2804,2804,17,39.17312462848498,21.637473879658394,1,OK
2026-09-22T03:37:00Z,2813,2813,17,36.425557631863704,15.486769323173084,1,OK
2026-09-22T03:38:00Z,2812,2812,17,39.17597363328331,21.546741124465694,1,OK
2026-09-22T03:39:00Z,2812,2812,17,39.17597363328331,21.658709901177893,1,OK
2026-09-22T03:40:00Z,2813,2813,17,39.17632918884537,21.5740010385245,1,OK
2026-09-22T03:41:00Z,2812,2812,17,39.17597363328331,21.49529208088133,1,OK
2026-09-22T03:42:00Z,2810,2810,17,39.17526214267502,21.51017963824675,1,OK
2026-09-22T03:43:00Z,2812,2812,17,39.17597363328331,21.624444206374058,1,OK
2026-09-22T03:44:00Z,2815,2815,17,39.17703992093482,21.327798263563878,1,OK
2026-09-22T03:45:00Z,2803,2803,17,39.17276793149248,21.26386615673942,1,OK
2026-09-22T03:46:00Z,2771,2771,17,39.161285925098746,21.684667105816384,1,OK
2026-09-22T03:47:00Z,2787,2787,17,39.16704340776423,21.346437705382197,1,OK
2026-09-22T03:48:00Z,2809,2809,17,36.42411122020802,15.464572433027413,1,OK
2026-09-22T03:49:00Z,2810,2810,17,38.59108712827515,14.897510772771822,1,OK
2026-09-22T03:50:00Z,2808,2808,17,36.423749290477474,11.578525292171639,1,OK
2026-09-22T03:51:00Z,2811,2811,17,39.17561795125652,14.781695315924564,1,OK
2026-09-22T03:52:00Z,2813,2813,17,39.17632918884537,20.97973642415339,1,OK
2026-09-22T03:53:00Z,2812,2812,17,39.17597363328331,20.786585037185404,1,OK
2026-09-22T03:54:00Z,2814,2814,17,37.37700599846437,14.370386799570356,1,OK
2026-09-22T03:55:00Z,2813,2813,17,37.37664757484968,19.979215603550635,1,OK
2026-09-22T03:56:00Z,2814,2814,17,37.37700599846437,19.773154946013715,1,OK
2026-09-22T03:57:00Z,2813,2813,17,38.592154174467446,19.93456486883767,1,OK
2026-09-22T03:58:00Z,2815,2815,17,39.17703992093482,20.836296730377615,1,OK
2026-09-22T03:59:00Z,2812,2812,17,39.17597363328331,20.97081456073512,1,OK
2026-09-22T04:00:00Z,2812,2812,17,39.17597363328331,21.249415332667308,1,OK
2026-09-22T04:01:00Z,2810,2810,17,39.17526214267502,20.835825939929414,1,OK
2026-09-22T04:02:00Z,2811,2811,17,39.17561795125652,21.209998406495966,1,OK
2026-09-22T04:03:00Z,2784,2784,17,39.165966401727964,21.40633509048524,1,OK
2026-09-22T04:04:00Z,2781,2781,17,39.16488823449894,21.556996368986454,1,OK
2026-09-22T04:05:00Z,2796,2796,17,39.170267483661675,21.45582474979852,1,OK
2026-09-22T04:06:00Z,2809,2809,17,39.174906207448686,21.605431793665357,1,OK
2026-09-22T04:07:00Z,2809,2809,17,38.5907311930415,12.791285859082967,1,OK
2026-09-22T04:08:00Z,2813,2813,17,37.37664757484968,20.723533366142334,1,OK
2026-09-22T04:09:00Z,2812,2812,17,39.17597363328331,21.49117933480307,1,OK
2026-09-22T04:10:00Z,2813,2813,17,39.17632918884537,21.38372185042269,1,OK
2026-09-22T04:11:00Z,2814,2814,17,39.17668461803261,21.36316104890222,1,OK
2026-09-22T04:12:00Z,2813,2813,17,36.425557631863704,15.79570541507166,1,OK
2026-09-22T04:13:00Z,2813,2813,17,36.53658237448474,17.976140807408157,1,OK
2026-09-22T04:14:00Z,2813,2813,17,36.265692075035254,13.71456622625121,1,OK
2026-09-22T04:15:00Z,2812,2812,17,37.278144973486015,20.775361972601598,1,OK
2026-09-22T04:16:00Z,2815,2815,17,39.17703992093482,22.22475013207627,1,OK
2026-09-22T04:17:00Z,2813,2813,17,37.37664757484968,21.513549871763935,1,OK
2026-09-22T04:18:00Z,2812,2812,17,37.278144973486015,14.312374987304342,1,OK
2026-09-22T04:19:00Z,2815,2815,17,36.42628005465194,12.979374613608835,1,OK
2026-09-22T04:20:00Z,2799,2799,17,36.16733068819447,13.15367130546293,1,OK
2026-09-22T04:21:00Z,2768,2768,17,37.05954783474268,14.999386852048426,1,OK
2026-09-22T04:22:00Z,2785,2785,17,37.26833825077732,14.669951257147535,1,OK
2026-09-22T04:23:00Z,2813,2813,17,37.27850634672942,19.83398766188297,1,OK
2026-09-22T04:24:00Z,2813,2813,17,39.17632918884537,20.900198857150265,1,OK
2026-09-22T04:25:00Z,2813,2813,17,39.17632918884537,21.25823066559369,1,OK
2026-09-22T04:26:00Z,2809,2809,17,39.174906207448686,21.221440577632375,1,OK
2026-09-22T04:27:00Z,2812,2812,17,37.278144973486015,15.272372352409661,1,OK
2026-09-22T04:28:00Z,2810,2810,17,39.17526214267502,18.387825579288386,1,OK
2026-09-22T04:29:00Z,2812,2812,17,37.37628902277537,20.632116478969785,1,OK
2026-09-22T04:30:00Z,2813,2813,17,39.17632918884537,17.02565423235541,1,OK
2026-09-22T04:31:00Z,2810,2810,17,36.2645828532725,13.387889277524643,1,OK
2026-09-22T04:32:00Z,2813,2813,17,37.172569409647934,14.932479877780752,1,OK
2026-09-22T04:33:00Z,2811,2811,17,37.17183559522128,19.813564125315793,1,OK
2026-09-22T04:34:00Z,2812,2812,17,39.17597363328331,20.88410316317318,1,OK
2026-09-22T04:35:00Z,2811,2811,17,39.17561795125652,21.073740022560557,1,OK
2026-09-22T04:36:00Z,2813,2813,17,39.17632918884537,21.111780374963587,1,OK
2026-09-22T04:37:00Z,2812,2812,17,39.17597363328331,21.216896908698,1,OK
2026-09-22T04:38:00Z,2783,2783,17,39.165607141796656,21.179345356210835,1,OK
2026-09-22T04:39:00Z,2780,2780,17,39.16452858694676,21.398458083827585,1,OK
2026-09-22T04:40:00Z,2792,2792,17,39.168835844178865,21.5006619560586,1,OK
2026-09-22T04:41:00Z,2809,2809,17,39.174906207448686,21.284526430616275,1,OK
2026-09-22T04:42:00Z,2809,2809,17,37.277060070295214,12.652602518776265,1,OK
2026-09-22T04:43:00Z,2815,2815,17,39.17703992093482,20.84691364976797,1,OK
2026-09-22T04:44:00Z,2813,2813,17,37.37664757484968,20.201708294426503,1,OK
2026-09-22T04:45:00Z,2813,2813,17,39.17632918884537,20.97584311062154,1,OK
2026-09-22T04:46:00Z,2806,2806,17,39.1738376409985,20.94745727122186,1,OK
2026-09-22T04:47:00Z,2813,2813,17,39.17632918884537,20.656397107591744,1,OK
2026-09-22T04:48:00Z,2813,2813,17,39.17632918884537,21.10775397027426,1,OK
2026-09-22T04:49:00Z,2814,2814,17,39.17668461803261,21.083491260950336,1,OK
2026-09-22T04:50:00Z,2812,2812,17,39.17597363328331,20.749791091391206,1,OK
2026-09-22T04:51:00Z,2808,2808,17,39.17455014548736,21.203093007549164,1,OK
2026-09-22T04:52:00Z,2811,2811,17,39.17561795125652,21.11682025229373,1,OK
2026-09-22T04:53:00Z,2814,2814,17,39.17668461803261,21.1824237564708,1,OK
2026-09-22T04:54:00Z,2810,2810,17,39.17526214267502,21.224333089003277,1,OK
2026-09-22T04:55:00Z,2806,2806,17,39.1738376409985,21.620047002913022,1,OK
2026-09-22T04:56:00Z,2775,2775,17,39.16272840642804,21.725416576358544,1,OK
2026-09-22T04:57:00Z,2794,2794,17,39.169551920119204,16.058823897347484,1,OK
2026-09-22T04:58:00Z,2810,2810,17,36.5355062818135,12.692556721636205,1,OK
2026-09-22T04:59:00Z,2814,2814,17,36.536940814975736,15.065842694171522,1,OK
2026-09-22T05:00:00Z,2814,2814,17,37.37700599846437,14.799655941936946,1,OK
2026-09-22T05:01:00Z,2814,2814,17,39.17668461803261,20.514638952758325,1,OK
2026-09-22T05:02:00Z,2815,2815,17,39.17703992093482,21.01230316794311,1,OK
2026-09-22T05:03:00Z,2816,2816,17,36.4266410706155,15.120169436906256,1,OK
2026-09-22T05:04:00Z,2815,2815,17,37.136490165083195,14.866155456054784,1,OK
2026-09-22T05:05:00Z,2813,2813,17,36.425557631863704,15.484336278690156,1,OK
2026-09-22T05:06:00Z,2812,2812,17,39.17597363328331,21.24628594836391,1,OK
2026-09-22T05:07:00Z,2815,2815,17,37.27922870205102,15.206898766188063,1,OK
2026-09-22T05:08:00Z,2813,2813,17,37.37664757484968,21.07825782005876,1,OK
2026-09-22T05:09:00Z,2815,2815,17,39.17703992093482,21.715716072992365,1,OK
2026-09-22T05:10:00Z,2813,2813,17,37.37664757484968,18.929702420124777,1,OK
2026-09-22T05:11:00Z,2814,2814,17,36.307056479599076,12.201609620168153,1,OK
2026-09-22T05:12:00Z,2815,2815,17,39.17703992093482,16.394472944171135,1,OK
2026-09-22T05:13:00Z,2789,2789,17,37.12684526737425,16.42991372106206,1,OK
2026-09-22T05:14:00Z,2784,2784,17,39.165966401727964,21.449578996422968,1,OK
2026-09-22T05:15:00Z,2801,2801,17,37.372336445213804,14.366165299283637,1,OK
2026-09-22T05:16:00Z,2810,2810,17,36.146326931261704,13.410188593604854,1,OK
2026-09-22T05:17:00Z,2816,2816,17,36.17376124888534,14.39034288742844,1,OK
2026-09-22T05:18:00Z,2814,2814,17,37.1729361154894,19.776634758840242,1,OK
2026-09-22T05:19:00Z,2813,2813,17,39.17632918884537,20.8377103230893,1,OK
2026-09-22T05:20:00Z,2815,2815,17,39.17703992093482,21.047132468735292,1,OK
2026-09-22T05:21:00Z,2815,2815,17,39.17703992093482,20.938304526360483,1,OK
2026-09-22T05:22:00Z,2814,2814,17,39.17668461803261,21.075158094640813,1,OK
2026-09-22T05:23:00Z,2815,2815,17,39.17703992093482,21.11928462049402,1,OK
2026-09-22T05:24:00Z,2814,2814,17,39.17668461803261,20.977402062625767,1,OK
2026-09-22T05:25:00Z,2815,2815,17,39.17703992093482,21.110727925677512,1,OK
2026-09-22T05:26:00Z,2813,2813,17,39.17632918884537,21.256353266144032,1,OK
2026-09-22T05:27:00Z,2814,2814,17,39.17668461803261,21.269740614466507,1,OK
2026-09-22T05:28:00Z,2814,2814,17,39.17668461803261,21.10819139161702,1,OK
2026-09-22T05:29:00Z,2815,2815,17,39.17703992093482,21.116321530542923,1,OK
2026-09-22T05:30:00Z,2798,2798,17,39.170982535539046,20.99105425340941,1,OK
2026-09-22T05:31:00Z,2773,2773,17,39.162007425857425,21.406703219949453,1,OK
2026-09-22T05:32:00Z,2789,2789,17,39.16776076791552,21.46796425109854,1,OK
2026-09-22T05:33:00Z,2813,2813,17,37.27850634672942,15.553571106797895,1,OK
2026-09-22T05:34:00Z,2815,2815,17,37.27922870205102,17.158607336493308,1,OK
2026-09-22T05:35:00Z,2814,2814,17,39.17668461803261,20.879619221851073,1,OK
2026-09-22T05:36:00Z,2812,2812,17,39.17597363328331,20.98621247901048,1,OK
2026-09-22T05:37:00Z,2814,2814,17,37.37700599846437,20.342396505912898,1,OK
2026-09-22T05:38:00Z,2811,2811,17,39.17561795125652,15.904231112828588,1,OK
2026-09-22T05:39:00Z,2811,2811,17,37.21711494745991,14.291913756735074,1,OK
2026-09-22T05:40:00Z,2814,2814,17,39.17668461803261,21.780990550239217,1,OK
2026-09-22T05:41:00Z,2812,2812,17,39.17597363328331,17.233059395486272,1,OK
2026-09-22T05:42:00Z,2813,2813,17,39.17632918884537,21.935939275450934,1,OK
2026-09-22T05:43:00Z,2816,2816,17,39.17739509764172,22.38399453493359,1,OK
2026-09-22T05:44:00Z,2816,2816,17,37.377722460682776,16.52506458804714,1,OK
2026-09-22T05:45:00Z,2814,2814,17,39.17668461803261,22.236180089786718,1,OK
2026-09-22T05:46:00Z,2813,2813,17,39.17632918884537,22.33852085479602,1,OK
2026-09-22T05:47:00Z,2816,2816,17,37.2795896843172,16.08763137029692,1,OK
2026-09-22T05:48:00Z,2785,2785,17,39.16632553263791,21.893511250823742,1,OK
2026-09-22T05:49:00Z,2788,2788,17,39.16740215216558,22.205266201512053,1,OK
2026-09-22T05:50:00Z,2799,2799,17,39.1713398698319,18.331695259202426,1,OK
2026-09-22T05:51:00Z,2812,2812,17,39.17597363328331,22.089962295172143,1,OK
2026-09-22T05:52:00Z,2812,2812,17,36.23044157570677,11.365933954770323,1,OK
2026-09-22T05:53:00Z,2817,2817,17,36.267169131964195,14.999795189159727,1,OK
2026-09-22T05:54:00Z,2815,2815,17,39.17703992093482,21.35615612160756,1,OK
2026-09-22T05:55:00Z,2816,2816,17,39.17739509764172,21.36527884706513,1,OK
2026-09-22T05:56:00Z,2810,2810,17,39.17526214267502,21.327443622679038,1,OK
2026-09-22T05:57:00Z,2814,2814,17,37.37700599846437,19.970033593678817,1,OK
2026-09-22T05:58:00Z,2814,2814,17,39.17668461803261,20.555120118722716,1,OK
2026-09-22T05:59:00Z,2815,2815,17,39.17703992093482,20.425182356568012,1,OK
2026-09-22T06:00:00Z,2812,2812,17,39.17597363328331,21.136319749447388,1,OK
2026-09-22T06:01:00Z,2807,2807,17,39.17419395670076,21.449101859499475,1,OK
2026-09-22T06:02:00Z,2816,2816,17,37.2795896843172,14.916234000649963,1,OK
2026-09-22T06:03:00Z,2814,2814,17,37.27886758955307,14.92271418044547,1,OK
2026-09-22T06:04:00Z,2814,2814,17,39.17668461803261,21.51751461017464,1,OK
2026-09-22T06:05:00Z,2804,2804,17,38.58894961404111,15.654473943285186,1,OK
2026-09-22T06:06:00Z,2773,2773,17,38.57783241118323,13.050488033016896,1,OK
2026-09-22T06:07:00Z,2788,2788,17,37.367644994177745,20.188937270088452,1,OK
2026-09-22T06:08:00Z,2813,2813,17,36.265692075035254,11.372374355547318,1,OK
2026-09-22T06:09:00Z,2816,2816,17,38.59322008328568,14.953764626551076,1,OK
2026-09-22T06:10:00Z,2814,2814,17,39.17668461803261,21.144999512045793,1,OK
2026-09-22T06:11:00Z,2815,2815,17,38.59286490657149,13.611213227018819,1,OK
2026-09-22T06:12:00Z,2816,2816,17,36.537657310910795,13.276868592972974,1,OK
2026-09-22T06:13:00Z,2814,2814,17,37.27886758955307,17.807368923705496,1,OK
2026-09-22T06:14:00Z,2814,2814,17,36.425918908432664,13.428472111085208,1,OK
2026-09-22T06:15:00Z,2815,2815,17,37.37736429371144,16.10372533972927,1,OK
2026-09-22T06:16:00Z,2814,2814,17,37.27886758955307,19.826254728082393,1,OK
2026-09-22T06:17:00Z,2812,2812,17,36.53622380552212,15.048014646455831,1,OK
2026-09-22T06:18:00Z,2814,2814,17,39.17668461803261,21.760083580067935,1,OK
2026-09-22T06:19:00Z,2810,2810,17,36.19904354592958,12.217029120719522,1,OK
2026-09-22T06:20:00Z,2816,2816,17,36.307789623851306,13.710875276033644,1,OK
2026-09-22T06:21:00Z,2813,2813,17,36.265692075035254,11.266494711350212,1,OK
2026-09-22T06:22:00Z,2813,2813,17,39.17632918884537,16.658927640743432,1,OK
2026-09-22T06:23:00Z,2785,2785,17,37.04091334364749,17.100731244296494,1,OK
2026-09-22T06:24:00Z,2783,2783,17,37.267607990388974,20.248684720945704,1,OK
2026-09-22T06:25:00Z,2796,2796,17,37.37053464362703,17.486982094759856,1,OK
2026-09-22T06:26:00Z,2809,2809,17,36.35588103413734,16.51524504839261,1,OK
2026-09-22T06:27:00Z,2816,2816,17,37.2795896843172,19.647510585851393,1,OK
2026-09-22T06:28:00Z,2814,2814,17,36.536940814975736,13.16369594274147,1,OK
2026-09-22T06:29:00Z,2816,2816,17,37.377722460682776,19.910664770380567,1,OK
2026-09-22T06:30:00Z,2813,2813,17,39.17632918884537,21.062082199095922,1,OK
2026-09-22T06:31:00Z,2813,2813,17,37.27850634672942,15.17162518826672,1,OK
2026-09-22T06:32:00Z,2814,2814,17,36.536940814975736,12.686712822740143,1,OK
2026-09-22T06:33:00Z,2813,2813,17,37.21784333623615,19.78094638308217,1,OK
2026-09-22T06:34:00Z,2815,2815,17,39.17703992093482,21.101634980871747,1,OK
2026-09-22T06:35:00Z,2814,2814,17,39.17668461803261,21.20089012171559,1,OK
2026-09-22T06:36:00Z,2815,2815,17,39.17703992093482,21.449466901299903,1,OK
2026-09-22T06:37:00Z,2812,2812,17,39.17597363328331,16.274773107653118,1,OK
2026-09-22T06:38:00Z,2816,2816,17,37.2795896843172,15.305967029541788,1,OK
2026-09-22T06:39:00Z,2813,2813,17,39.17632918884537,21.316444548028674,1,OK
2026-09-22T06:40:00Z,2801,2801,17,39.17205415558219,21.570212478843857,1,OK
2026-09-22T06:41:00Z,2780,2780,17,39.16452858694676,21.36971369438749,1,OK
2026-09-22T06:42:00Z,2790,2790,17,39.1681192551063,16.265640119393215,1,OK
2026-09-22T06:43:00Z,2811,2811,17,39.17561795125652,20.46173862107494,1,OK
2026-09-22T06:44:00Z,2815,2815,17,39.17703992093482,21.232250801411528,1,OK
2026-09-22T06:45:00Z,2815,2815,17,36.30742311875876,13.253834288115618,1,OK
2026-09-22T06:46:00Z,2812,2812,17,39.17597363328331,20.319744924617044,1,OK
2026-09-22T06:47:00Z,2810,2810,17,37.375571532879405,19.254811451399178,1,OK
2026-09-22T06:48:00Z,2811,2811,17,39.17561795125652,14.18407867407997,1,OK
2026-09-22T06:49:00Z,2815,2815,17,37.27922870205102,18.831068904111355,1,OK
2026-09-22T06:50:00Z,2814,2814,17,39.17668461803261,20.31827300467349,1,OK
2026-09-22T06:51:00Z,2812,2812,17,39.17597363328331,21.127385725467196,1,OK
2026-09-22T06:52:00Z,2813,2813,17,39.17632918884537,21.02054745401187,1,OK
2026-09-22T06:53:00Z,2815,2815,17,36.53729912708712,16.001414848140477,1,OK
2026-09-22T06:54:00Z,2814,2814,17,39.17668461803261,21.205212976821823,1,OK
2026-09-22T06:55:00Z,2815,2815,17,39.17703992093482,21.140900297541503,1,OK
2026-09-22T06:56:00Z,2812,2812,17,38.59179861889807,13.236142909703338,1,OK
2026-09-22T06:57:00Z,2817,2817,17,39.1777501482429,16.89983356818854,1,OK
2026-09-22T06:58:00Z,2782,2782,17,37.36547226645823,20.707796652109646,1,OK
2026-09-22T06:59:00Z,2788,2788,17,39.16740215216558,22.003386416713788,1,OK
2026-09-22T07:00:00Z,2802,2802,17,39.17241110722184,22.424523591367816,1,OK
2026-09-22T07:01:00Z,2814,2814,17,36.35770259106353,15.47149124828691,1,OK
2026-09-22T07:02:00Z,2814,2814,17,37.21820733207701,15.51404515350487,1,OK
2026-09-22T07:03:00Z,2814,2814,17,37.37700599846437,15.597157967243653,1,OK
2026-09-22T07:04:00Z,2813,2813,17,36.35733854460836,14.352982380779265,1,OK
2026-09-22T07:05:00Z,2814,2814,17,37.37700599846437,19.376181807485686,1,OK
2026-09-22T07:06:00Z,2817,2817,17,37.21929852656291,14.258203839198984,1,OK
2026-09-22T07:07:00Z,2815,2815,17,37.136490165083195,14.65694463952449,1,OK
2026-09-22T07:08:00Z,2814,2814,17,39.17668461803261,21.450141584507325,1,OK
2026-09-22T07:09:00Z,2815,2815,17,37.17330268721372,14.437659669664086,1,OK
2026-09-22T07:10:00Z,2813,2813,17,37.21784333623615,19.95683428864634,1,OK
2026-09-22T07:11:00Z,2810,2810,17,39.17526214267502,20.976772446714236,1,OK
2026-09-22T07:12:00Z,2812,2812,17,39.17597363328331,21.229336722411713,1,OK
2026-09-22T07:13:00Z,2815,2815,17,39.17703992093482,21.37143265626442,1,OK
2026-09-22T07:14:00Z,2813,2813,17,39.17632918884537,20.090011084356718,1,OK
2026-09-22T07:15:00Z,2800,2800,17,36.531910923558655,12.942957721093714,1,OK
2026-09-22T07:16:00Z,2771,2771,17,37.2632152044479,21.065648017061427,1,OK
2026-09-22T07:17:00Z,2792,2792,17,38.58466082964644,13.63519375460083,1,OK
2026-09-22T07:18:00Z,2812,2812,17,39.17597363328331,16.878174138801562,1,OK
2026-09-22T07:19:00Z,2814,2814,17,37.27886758955307,15.516697254328914,1,OK
2026-09-22T07:20:00Z,2817,2817,17,39.1777501482429,20.890403489777253,1,OK
2026-09-22T07:21:00Z,2801,2801,17,39.17205415558219,21.388047793493836,1,OK
2026-09-22T07:22:00Z,2814,2814,17,37.37700599846437,15.339205018201602,1,OK
2026-09-22T07:23:00Z,2816,2816,17,38.59322008328568,14.536325341400909,1,OK
2026-09-22T07:24:00Z,2813,2813,17,37.37664757484968,17.93059013109602,1,OK
2026-09-22T07:25:00Z,2813,2813,17,39.17632918884537,21.867186361427297,1,OK
2026-09-22T07:26:00Z,2817,2817,17,36.42700195641722,15.678546246359913,1,OK
2026-09-22T07:27:00Z,2814,2814,17,36.425918908432664,13.79883976487468,1,OK
2026-09-22T07:28:00Z,2812,2812,17,39.17597363328331,21.04353032036341,1,OK
2026-09-22T07:29:00Z,2815,2815,17,39.17703992093482,21.413135427034785,1,OK
2026-09-22T07:30:00Z,2813,2813,17,39.17632918884537,21.595296636485312,1,OK
2026-09-22T07:31:00Z,2816,2816,17,39.17739509764172,21.32617646495491,1,OK
2026-09-22T07:32:00Z,2811,2811,17,36.53586510799576,12.616995100468888,1,OK
2026-09-22T07:33:00Z,2786,2786,17,36.41575354613452,14.820784537074752,1,OK
2026-09-22T07:34:00Z,2781,2781,17,39.16488823449894,20.965382303952275,1,OK
2026-09-22T07:35:00Z,2801,2801,17,39.17205415558219,15.62754871828281,1,OK
2026-09-22T07:36:00Z,2808,2808,17,36.423749290477474,11.272980410360415,1,OK
2026-09-22T07:37:00Z,2815,2815,17,39.17703992093482,21.194742561540664,1,OK
2026-09-22T07:38:00Z,2814,2814,17,39.17668461803261,20.21692559864195,1,OK
2026-09-22T07:39:00Z,2817,2817,17,36.358793937176735,12.100208516354328,1,OK
2026-09-22T07:40:00Z,2816,2816,17,36.4266410706155,13.977733780937863,1,OK
2026-09-22T07:41:00Z,2811,2811,17,39.17561795125652,21.2968312779173,1,OK
2026-09-22T07:42:00Z,2815,2815,17,39.17703992093482,21.436253164637833,1,OK
2026-09-22T07:43:00Z,2816,2816,17,36.537657310910795,15.461856277410263,1,OK
2026-09-22T07:44:00Z,2815,2815,17,36.42628005465194,18.995183034132026,1,OK
2026-09-22T07:45:00Z,2816,2816,17,36.4266410706155,14.839717546211059,1,OK
2026-09-22T07:46:00Z,2815,2815,17,39.17703992093482,21.373277124589944,1,OK
2026-09-22T07:47:00Z,2815,2815,17,39.17703992093482,20.964657171556603,1,OK
2026-09-22T07:48:00Z,2814,2814,17,39.17668461803261,14.417590223772388,1,OK
2026-09-22T07:49:00Z,2815,2815,17,36.53729912708712,12.526333504348269,1,OK
2026-09-22T07:50:00Z,2800,2800,17,36.097408387847146,13.216945597427777,1,OK
2026-09-22T07:51:00Z,2779,2779,17,37.091565134362966,19.840615347633545,1,OK
2026-09-22T07:52:00Z,2795,2795,17,39.16990976589433,21.42035606098695,1,OK
2026-09-22T07:53:00Z,2814,2814,17,39.17668461803261,17.625993240170924,1,OK
2026-09-22T07:54:00Z,2815,2815,17,37.37736429371144,16.548635143177464,1,OK
2026-09-22T07:55:00Z,2814,2814,17,37.21820733207701,15.724766049197559,1,OK
2026-09-22T07:56:00Z,2814,2814,17,37.21820733207701,20.69278324493651,1,OK
2026-09-22T07:57:00Z,2817,2817,17,37.37808049947017,15.987839109540873,1,OK
2026-09-22T07:58:00Z,2813,2813,17,37.27850634672942,21.035436826361657,1,OK
2026-09-22T07:59:00Z,2814,2814,17,39.17668461803261,22.39048689785847,1,OK
2026-09-22T08:00:00Z,2814,2814,17,39.17668461803261,22.39455427844844,1,OK
2026-09-22T08:01:00Z,2814,2814,17,39.17668461803261,22.353165832751092,1,OK
2026-09-22T08:02:00Z,2813,2813,17,39.17632918884537,22.371973733826746,1,OK
2026-09-22T08:03:00Z,2816,2816,17,39.17739509764172,21.82323056715362,1,OK
2026-09-22T08:04:00Z,2815,2815,17,39.17703992093482,21.751205811666537,1,OK
2026-09-22T08:05:00Z,2816,2816,17,39.17739509764172,21.924399139777847,1,OK
2026-09-22T08:06:00Z,2814,2814,17,39.17668461803261,22.26657932129145,1,OK
2026-09-22T08:07:00Z,2815,2815,17,39.17703992093482,22.533110392197507,1,OK
2026-09-22T08:08:00Z,2785,2785,17,36.34709114811666,14.373649511810148,1,OK
2026-09-22T08:09:00Z,2791,2791,17,39.16847761383006,21.73407039381138,1,OK
2026-09-22T08:10:00Z,2802,2802,17,39.17241110722184,22.016124844164704,1,OK
2026-09-22T08:11:00Z,2812,2812,17,39.17597363328331,22.50486336300741,1,OK
2026-09-22T08:12:00Z,2816,2816,17,39.17739509764172,22.489863650304564,1,OK
2026-09-22T08:13:00Z,2809,2809,17,36.35588103413734,12.327199993205275,1,OK
2026-09-22T08:14:00Z,2816,2816,17,38.59322008328568,14.773085839967909,1,OK
2026-09-22T08:15:00Z,2815,2815,17,37.136490165083195,15.303804470892967,1,OK
2026-09-22T08:16:00Z,2815,2815,17,39.17703992093482,22.185356500150768,1,OK
2026-09-22T08:17:00Z,2815,2815,17,39.17703992093482,22.310719330605984,1,OK
2026-09-22T08:18:00Z,2816,2816,17,36.4266410706155,15.485588791291539,1,OK
2026-09-22T08:19:00Z,2815,2815,17,38.59286490657149,15.212103277493632,1,OK
2026-09-22T08:20:00Z,2815,2815,17,37.37736429371144,16.567322735203906,1,OK
2026-09-22T08:21:00Z,2814,2814,17,36.536940814975736,17.412749686972344,1,OK
2026-09-22T08:22:00Z,2816,2816,17,39.17739509764172,22.055022989784884,1,OK
2026-09-22T08:23:00Z,2815,2815,17,39.17703992093482,16.528439828028482,1,OK
2026-09-22T08:24:00Z,2815,2815,17,38.59286490657149,15.389890119181379,1,OK
2026-09-22T08:25:00Z,2802,2802,17,37.37269641644383,17.29735777822279,1,OK
2026-09-22T08:26:00Z,2783,2783,17,36.41465825188745,15.419491245797866,1,OK
2026-09-22T08:27:00Z,2798,2798,17,39.170982535539046,22.455484808815193,1,OK
2026-09-22T08:28:00Z,2814,2814,17,39.17668461803261,22.412139734789218,1,OK
2026-09-22T08:29:00Z,2814,2814,17,39.17668461803261,17.495404433069297,1,OK
2026-09-22T08:30:00Z,2815,2815,17,37.27922870205102,21.12733217774182,1,OK
2026-09-22T08:31:00Z,2814,2814,17,37.37700599846437,17.703632156915408,1,OK
2026-09-22T08:32:00Z,2817,2817,17,37.279950536445476,21.412585109583418,1,OK
2026-09-22T08:33:00Z,2816,2816,17,36.35843028725178,14.95830021838548,1,OK
2026-09-22T08:34:00Z,2814,2814,17,36.26606154321969,15.742152723425564,1,OK
2026-09-22T08:35:00Z,2815,2815,17,36.53729912708712,15.447684053313337,1,OK
2026-09-22T08:36:00Z,2816,2816,17,37.377722460682776,16.899285424087314,1,OK
2026-09-22T08:37:00Z,2814,2814,17,39.17668461803261,22.09360773894623,1,OK
2026-09-22T08:38:00Z,2816,2816,17,39.17739509764172,22.18836586295287,1,OK
2026-09-22T08:39:00Z,2812,2812,17,39.17597363328331,21.873655124043662,1,OK
2026-09-22T08:40:00Z,2816,2816,17,39.17739509764172,22.042302301444973,1,OK
2026-09-22T08:41:00Z,2815,2815,17,36.23155798835941,11.886933969530675,1,OK
2026-09-22T08:42:00Z,2813,2813,17,37.37664757484968,15.231885900680544,1,OK
2026-09-22T08:43:00Z,2780,2780,17,37.01598511356789,16.38250271940289,1,OK
2026-09-22T08:44:00Z,2790,2790,17,37.27016157428023,20.85067787784624,1,OK
2026-09-22T08:45:00Z,2804,2804,17,39.17312462848498,22.024084579757933,1,OK
2026-09-22T08:46:00Z,2815,2815,17,39.17703992093482,21.929277551698366,1,OK
2026-09-22T08:47:00Z,2816,2816,17,39.17739509764172,21.88924158901368,1,OK
2026-09-22T08:48:00Z,2817,2817,17,39.1777501482429,17.34122180883156,1,OK
2026-09-22T08:49:00Z,2815,2815,17,39.17703992093482,21.528788701917147,1,OK
2026-09-22T08:50:00Z,2815,2815,17,39.17703992093482,22.103423355407635,1,OK
2026-09-22T08:51:00Z,2815,2815,17,39.17703992093482,22.48407940981866,1,OK
2026-09-22T08:52:00Z,2816,2816,17,39.17739509764172,19.14553021588004,1,OK
2026-09-22T08:53:00Z,2814,2814,17,37.21820733207701,19.59566866255845,1,OK
2026-09-22T08:54:00Z,2815,2815,17,37.27922870205102,16.041195966288154,1,OK
2026-09-22T08:55:00Z,2816,2816,17,39.17739509764172,21.8579314622739,1,OK
2026-09-22T08:56:00Z,2815,2815,17,39.17703992093482,22.26485819591449,1,OK
2026-09-22T08:57:00Z,2815,2815,17,39.17703992093482,21.959875268282204,1,OK
2026-09-22T08:58:00Z,2817,2817,17,39.1777501482429,22.10561472789417,1,OK
2026-09-22T08:59:00Z,2811,2811,17,28.672021172509535,10.186419140539913,1,OK
2026-09-22T09:00:00Z,2800,2800,17,36.531910923558655,12.8511457857681,1,OK
2026-09-22T09:01:00Z,2825,2825,17,39.180586023968885,21.664924753223282,1,OK
2026-09-22T09:02:00Z,2793,2793,17,39.169193946244626,22.23850319480514,1,OK
2026-09-22T09:03:00Z,2812,2812,17,38.59179861889807,16.73735426069176,1,OK
2026-09-22T09:04:00Z,2817,2817,17,38.59357513389414,16.6780092121155,1,OK
2026-09-22T09:05:00Z,2815,2815,17,39.17703992093482,21.74531013968014,1,OK
2026-09-22T09:06:00Z,2816,2816,17,39.17739509764172,17.619038928755757,1,OK
2026-09-22T09:07:00Z,2815,2815,17,37.37736429371144,17.735691360279947,1,OK
2026-09-22T09:08:00Z,2815,2815,17,39.17703992093482,21.664572354978315,1,OK
2026-09-22T09:09:00Z,2815,2815,17,36.42628005465194,14.29631988022185,1,OK
2026-09-22T09:10:00Z,2814,2814,17,37.136120917225874,15.432742174065238,1,OK
2026-09-22T09:11:00Z,2815,2815,17,37.27922870205102,20.37356903734888,1,OK
2026-09-22T09:12:00Z,2815,2815,17,39.17703992093482,21.737754526377575,1,OK
2026-09-22T09:13:00Z,2815,2815,17,39.17703992093482,21.85002975426359,1,OK
2026-09-22T09:14:00Z,2812,2812,17,39.17597363328331,21.66293199888317,1,OK
2026-09-22T09:15:00Z,2810,2810,17,39.17526214267502,22.044377115299355,1,OK
2026-09-22T09:16:00Z,2808,2808,17,37.37485352803858,13.788537162754201,1,OK
2026-09-22T09:17:00Z,2811,2811,17,39.17561795125652,17.519534354271393,1,OK
2026-09-22T09:18:00Z,2768,2768,17,37.262113989157285,21.42549337863124,1,OK
2026-09-22T09:19:00Z,2782,2782,17,37.36547226645823,21.76005583360331,1,OK
2026-09-22T09:20:00Z,2797,2797,17,39.17062507351276,22.52846476028796,1,OK
2026-09-22T09:21:00Z,2811,2811,17,39.17561795125652,22.66276802061768,1,OK
2026-09-22T09:22:00Z,2811,2811,17,39.17561795125652,22.031707441019456,1,OK
2026-09-22T09:23:00Z,2811,2811,17,39.17561795125652,22.46064548309063,1,OK
2026-09-22T09:24:00Z,2809,2809,17,36.42411122020802,13.963420879138548,1,OK
2026-09-22T09:25:00Z,2811,2811,17,39.17561795125652,22.85283114474529,1,OK
2026-09-22T09:26:00Z,2809,2809,17,36.42411122020802,15.440057499191978,1,OK
2026-09-22T09:27:00Z,2811,2811,17,36.42483468730034,15.07513932939872,1,OK
2026-09-22T09:28:00Z,2810,2810,17,39.17526214267502,23.005432804611182,1,OK
2026-09-22T09:29:00Z,2811,2811,17,36.23006916211139,12.662439036158437,1,OK
2026-09-22T09:30:00Z,2811,2811,17,36.42483468730034,16.42063324949834,1,OK
2026-09-22T09:31:00Z,2815,2815,17,39.17703992093482,20.543774196670846,1,OK
2026-09-22T09:32:00Z,2816,2816,17,39.17739509764172,21.168850966792245,1,OK
2026-09-22T09:33:00Z,2813,2813,17,36.306689706274305,12.453062107358383,1,OK
2026-09-22T09:34:00Z,2816,2816,17,36.537657310910795,12.638780797507009,1,OK
2026-09-22T09:35:00Z,2792,2792,17,37.16483743134566,14.445510093051139,1,OK
2026-09-22T09:36:00Z,2785,2785,17,37.04091334364749,19.192095357930143,1,OK
2026-09-22T09:37:00Z,2793,2793,17,38.5850189317196,13.83068181765709,1,OK
2026-09-22T09:38:00Z,2812,2812,17,36.425196224850986,12.53239843994414,1,OK
2026-09-22T09:39:00Z,2815,2815,17,39.17703992093482,20.995945600373467,1,OK
2026-09-22T09:40:00Z,2816,2816,17,38.59322008328568,17.947812930010972,1,OK
2026-09-22T09:41:00Z,2816,2816,17,36.35843028725178,16.62651146350344,1,OK
2026-09-22T09:42:00Z,2814,2814,17,39.17668461803261,21.24577649538819,1,OK
2026-09-22T09:43:00Z,2815,2815,17,39.17703992093482,16.711069085758215,1,OK
2026-09-22T09:44:00Z,2815,2815,17,37.37736429371144,15.558159758448404,1,OK
2026-09-22T09:45:00Z,2814,2814,17,37.27886758955307,19.572423958957405,1,OK
2026-09-22T09:46:00Z,2817,2817,17,39.1777501482429,21.26056203760466,1,OK
2026-09-22T09:47:00Z,2813,2813,17,39.17632918884537,22.1356068003686,1,OK
2026-09-22T09:48:00Z,2816,2816,17,37.1736691249188,15.91996630620792,1,OK
2026-09-22T09:49:00Z,2813,2813,17,37.27850634672942,21.247984341262637,1,OK
2026-09-22T09:50:00Z,2815,2815,17,36.53729912708712,15.452606109164105,1,OK
2026-09-22T09:51:00Z,2814,2814,17,39.17668461803261,22.27724850451169,1,OK
2026-09-22T09:52:00Z,2815,2815,17,39.17703992093482,22.43803239385639,1,OK
2026-09-22T09:53:00Z,2779,2779,17,39.16416881000167,16.593879698826004,1,OK
2026-09-22T09:54:00Z,2784,2784,17,39.165966401727964,16.055999473117502,1,OK
2026-09-22T09:55:00Z,2805,2805,17,37.16963092291227,14.996305133131013,1,OK
2026-09-22T09:56:00Z,2814,2814,17,37.21820733207701,15.86105567319177,1,OK
2026-09-22T09:57:00Z,2814,2814,17,39.17668461803261,22.23432345310468,1,OK
2026-09-22T09:58:00Z,2814,2814,17,38.59250960366198,11.969143584945089,1,OK
2026-09-22T09:59:00Z,2814,2814,17,38.59250960366198,13.896023941242374,1,OK
2026-09-22T10:00:00Z,2815,2815,17,39.17703992093482,22.263798457012285,1,OK
2026-09-22T10:01:00Z,2814,2814,17,39.17668461803261,22.204651416311894,1,OK
2026-09-22T10:02:00Z,2815,2815,17,39.17703992093482,22.072125388294275,1,OK
2026-09-22T10:03:00Z,2815,2815,17,39.17703992093482,22.250434317292946,1,OK
2026-09-22T10:04:00Z,2816,2816,17,39.17739509764172,22.09586761651819,1,OK
2026-09-22T10:05:00Z,2815,2815,17,39.17703992093482,22.285697531171998,1,OK
2026-09-22T10:06:00Z,2816,2816,17,37.377722460682776,16.004447993583735,1,OK
2026-09-22T10:07:00Z,2815,2815,17,37.37736429371144,21.383798069643436,1,OK
2026-09-22T10:08:00Z,2813,2813,17,37.37664757484968,16.283853158248007,1,OK
2026-09-22T10:09:00Z,2813,2813,17,39.17632918884537,17.12768306177122,1,OK
2026-09-22T10:10:00Z,2803,2803,17,39.17276793149248,17.842681682381468,1,OK
2026-09-22T10:11:00Z,2785,2785,17,37.26833825077732,15.786522736728486,1,OK
2026-09-22T10:12:00Z,2795,2795,17,38.585734751384116,16.353277200141356,1,OK
2026-09-22T10:13:00Z,2813,2813,17,39.17632918884537,22.313750594832893,1,OK
2026-09-22T10:14:00Z,2815,2815,17,39.17703992093482,22.516376947492372,1,OK
2026-09-22T10:15:00Z,2815,2815,17,39.17703992093482,18.968727705511157,1,OK
2026-09-22T10:16:00Z,2815,2815,17,36.42628005465194,13.602695479975157,1,OK
2026-09-22T10:17:00Z,2816,2816,17,39.17739509764172,22.14724284627345,1,OK
2026-09-22T10:18:00Z,2815,2815,17,39.17703992093482,22.288493456902966,1,OK
2026-09-22T10:19:00Z,2816,2816,17,36.307789623851306,14.695421112962094,1,OK
2026-09-22T10:20:00Z,2815,2815,17,39.17703992093482,21.621179186282355,1,OK
2026-09-22T10:21:00Z,2814,2814,17,36.425918908432664,16.34110546148293,1,OK
2026-09-22T10:22:00Z,2813,2813,17,39.17632918884537,21.39778416119213,1,OK
2026-09-22T10:23:00Z,2813,2813,17,39.17632918884537,21.916718106567743,1,OK
2026-09-22T10:24:00Z,2815,2815,17,39.17703992093482,17.76391959934824,1,OK
2026-09-22T10:25:00Z,2815,2815,17,37.105041037045254,14.596935318433813,1,OK
2026-09-22T10:26:00Z,2815,2815,17,37.218571195681136,13.089488374484059,1,OK
2026-09-22T10:27:00Z,2816,2816,17,36.537657310910795,13.926679935794315,1,OK
2026-09-22T10:28:00Z,2784,2784,17,36.161622325638284,14.273175854891335,1,OK
2026-09-22T10:29:00Z,2788,2788,17,37.163357886898694,15.21865796282946,1,OK
2026-09-22T10:30:00Z,2804,2804,17,37.2145614071317,20.277959911716895,1,OK
2026-09-22T10:31:00Z,2815,2815,17,39.17703992093482,22.025279862715625,1,OK
2026-09-22T10:32:00Z,2815,2815,17,36.358066505246,15.784883672130139,1,OK
2026-09-22T10:33:00Z,2816,2816,17,36.307789623851306,13.904471812310797,1,OK
2026-09-22T10:34:00Z,2814,2814,17,37.27886758955307,21.437229934361852,1,OK
2026-09-22T10:35:00Z,2815,2815,17,37.37736429371144,16.03749828224132,1,OK
2026-09-22T10:36:00Z,2815,2815,17,37.27922870205102,20.996491101435126,1,OK
2026-09-22T10:37:00Z,2815,2815,17,36.53729912708712,14.91091348677812,1,OK
2026-09-22T10:38:00Z,2813,2813,17,39.17632918884537,20.952501158635226,1,OK
2026-09-22T10:39:00Z,2814,2814,17,39.17668461803261,21.213018895163607,1,OK
2026-09-22T10:40:00Z,2817,2817,17,37.21929852656291,15.260899026621344,1,OK
2026-09-22T10:41:00Z,2813,2813,17,39.17632918884537,21.316492238986307,1,OK
2026-09-22T10:42:00Z,2816,2816,17,39.17739509764172,21.647554136736833,1,OK
2026-09-22T10:43:00Z,2813,2813,17,39.17632918884537,21.365465282824903,1,OK
2026-09-22T10:44:00Z,2817,2817,17,39.1777501482429,21.47797260226036,1,OK
2026-09-22T10:45:00Z,2795,2795,17,39.16990976589433,21.799906396167778,1,OK
2026-09-22T10:46:00Z,2779,2779,17,39.16416881000167,22.000334397779024,1,OK
2026-09-22T10:47:00Z,2786,2786,17,39.16668453461917,22.131436887606736,1,OK
2026-09-22T10:48:00Z,2809,2809,17,37.277060070295214,14.05540934374416,1,OK
2026-09-22T10:49:00Z,2816,2816,17,36.537657310910795,13.522308075391393,1,OK
2026-09-22T10:50:00Z,2815,2815,17,37.27922870205102,15.85523567396877,1,OK
2026-09-22T10:51:00Z,2816,2816,17,39.17739509764172,21.40169804934915,1,OK
2026-09-22T10:52:00Z,2815,2815,17,39.17703992093482,21.574755385410924,1,OK
2026-09-22T10:53:00Z,2811,2811,17,39.17561795125652,21.635796453646357,1,OK
2026-09-22T10:54:00Z,2814,2814,17,39.17668461803261,21.716849548095446,1,OK
2026-09-22T10:55:00Z,2815,2815,17,39.17703992093482,16.52571438930412,1,OK
2026-09-22T10:56:00Z,2814,2814,17,37.37700599846437,16.002174559857774,1,OK
2026-09-22T10:57:00Z,2816,2816,17,39.17739509764172,22.128727360978306,1,OK
2026-09-22T10:58:00Z,2814,2814,17,39.17668461803261,22.14180320253089,1,OK
2026-09-22T10:59:00Z,2813,2813,17,39.17632918884537,22.22685941977377,1,OK
2026-09-22T11:00:00Z,2811,2811,17,39.17561795125652,18.580736641659755,1,OK
2026-09-22T11:01:00Z,2811,2811,17,38.59144293686397,14.076479780871342,1,OK
2026-09-22T11:02:00Z,2816,2816,17,39.17739509764172,16.866545545973402,1,OK
2026-09-22T11:03:00Z,2783,2783,17,37.20686149069865,14.895937575847302,1,OK
2026-09-22T11:04:00Z,2786,2786,17,39.16668453461917,21.58050416600342,1,OK
2026-09-22T11:05:00Z,2807,2807,17,38.59001894227891,17.541862743533727,1,OK
2026-09-22T11:06:00Z,2814,2814,17,38.59250960366198,14.991163682295472,1,OK
2026-09-22T11:07:00Z,2814,2814,17,37.37700599846437,21.329367297002275,1,OK
2026-09-22T11:08:00Z,2813,2813,17,38.592154174467446,14.94479730709302,1,OK
2026-09-22T11:09:00Z,2814,2814,17,36.425918908432664,11.405440487742426,1,OK
2026-09-22T11:10:00Z,2815,2815,17,36.53729912708712,15.719519695573648,1,OK
2026-09-22T11:11:00Z,2816,2816,17,37.2795896843172,20.842632621245645,1,OK
2026-09-22T11:12:00Z,2814,2814,17,36.35770259106353,13.990209802013489,1,OK
2026-09-22T11:13:00Z,2817,2817,17,36.538015366538545,13.206769212891803,1,OK
2026-09-22T11:14:00Z,2815,2815,17,36.53729912708712,15.102947479841745,1,OK
2026-09-22T11:15:00Z,2813,2813,17,37.37664757484968,21.367583974364035,1,OK
2026-09-22T11:16:00Z,2814,2814,17,39.17668461803261,22.45707944297685,1,OK
2026-09-22T11:17:00Z,2815,2815,17,39.17703992093482,22.521675447460332,1,OK
2026-09-22T11:18:00Z,2814,2814,17,36.26606154321969,12.758042678711913,1,OK
2026-09-22T11:19:00Z,2811,2811,17,36.42483468730034,13.096087961471277,1,OK
2026-09-22T11:20:00Z,2797,2797,17,37.129822817583424,15.363003838842639,1,OK
2026-09-22T11:21:00Z,2788,2788,17,37.126472451389546,15.473525006264605,1,OK
2026-09-22T11:22:00Z,2794,2794,17,37.36981301337626,15.689041367083101,1,OK
2026-09-22T11:23:00Z,2814,2814,17,37.27886758955307,20.440262927679488,1,OK
2026-09-22T11:24:00Z,2813,2813,17,36.53658237448474,14.981155326159916,1,OK
2026-09-22T11:25:00Z,2814,2814,17,39.17668461803261,21.45219420545954,1,OK
2026-09-22T11:26:00Z,2814,2814,17,39.17668461803261,21.649880730628418,1,OK
2026-09-22T11:27:00Z,2814,2814,17,39.17668461803261,21.795059857183677,1,OK
2026-09-22T11:28:00Z,2814,2814,17,39.17668461803261,17.39064366737862,1,OK
2026-09-22T11:29:00Z,2816,2816,17,37.377722460682776,15.751685610999107,1,OK
2026-09-22T11:30:00Z,2813,2813,17,39.17632918884537,21.65237759001127,1,OK
2026-09-22T11:31:00Z,2814,2814,17,39.17668461803261,21.687653705460942,1,OK
2026-09-22T11:32:00Z,2814,2814,17,39.17668461803261,21.523328488849568,1,OK
2026-09-22T11:33:00Z,2814,2814,17,39.17668461803261,21.843524374412947,1,OK
2026-09-22T11:34:00Z,2815,2815,17,39.17703992093482,21.923155976629236,1,OK
2026-09-22T11:35:00Z,2815,2815,17,39.17703992093482,22.157142229897495,1,OK
2026-09-22T11:36:00Z,2814,2814,17,37.21820733207701,13.65175087819104,1,OK
2026-09-22T11:37:00Z,2816,2816,17,37.377722460682776,18.140709252130062,1,OK
2026-09-22T11:38:00Z,2767,2767,17,36.34044773820756,14.507530090089864,1,OK
2026-09-22T11:39:00Z,2781,2781,17,36.34561863813498,15.707321507552969,1,OK
2026-09-22T11:40:00Z,2805,2805,17,37.27561170110733,21.526331291461847,1,OK
2026-09-22T11:41:00Z,2813,2813,17,37.37664757484968,16.305298285162966,1,OK
2026-09-22T11:42:00Z,2816,2816,17,38.59322008328568,16.12698812785252,1,OK
2026-09-22T11:43:00Z,2814,2814,17,36.35770259106353,15.780648485260304,1,OK
2026-09-22T11:44:00Z,2813,2813,17,39.17632918884537,21.675753177529916,1,OK
2026-09-22T11:45:00Z,2815,2815,17,39.17703992093482,22.015892326080877,1,OK
2026-09-22T11:46:00Z,2815,2815,17,39.17703992093482,21.792080594365533,1,OK
2026-09-22T11:47:00Z,2815,2815,17,39.17703992093482,21.584376094127187,1,OK
2026-09-22T11:48:00Z,2816,2816,17,39.17739509764172,22.12339765765824,1,OK
2026-09-22T11:49:00Z,2810,2810,17,39.17526214267502,22.240930270675076,1,OK
2026-09-22T11:50:00Z,2815,2815,17,39.17703992093482,22.07049379712917,1,OK
2026-09-22T11:51:00Z,2815,2815,17,39.17703992093482,22.286641995909537,1,OK
2026-09-22T11:52:00Z,2813,2813,17,39.17632918884537,21.748537396424222,1,OK
2026-09-22T11:53:00Z,2816,2816,17,36.537657310910795,15.83390081635561,1,OK
2026-09-22T11:54:00Z,2813,2813,17,38.592154174467446,14.990397948387871,1,OK
2026-09-22T11:55:00Z,2799,2799,17,37.273435210145216,20.58375834965756,1,OK
2026-09-22T11:56:00Z,2788,2788,17,37.367644994177745,14.327932384624464,1,OK
2026-09-22T11:57:00Z,2788,2788,17,39.16740215216558,19.457878602901285,1,OK
2026-09-22T11:58:00Z,2815,2815,17,36.42628005465194,13.073524850267646,1,OK
2026-09-22T11:59:00Z,2815,2815,17,37.27922870205102,20.67319862317182,1,OK
2026-09-22T12:00:00Z,2815,2815,17,37.37736429371144,20.512839496682343,1,OK
2026-09-22T12:01:00Z,2816,2816,17,39.17739509764172,21.247600672990338,1,OK
2026-09-22T12:02:00Z,2816,2816,17,39.17739509764172,17.972560657662815,1,OK
2026-09-22T12:03:00Z,2815,2815,17,37.37736429371144,17.905210847975567,1,OK
2026-09-22T12:04:00Z,2813,2813,17,36.306689706274305,14.471898440183192,1,OK
2026-09-22T12:05:00Z,2815,2815,17,39.17703992093482,21.421921975562007,1,OK
2026-09-22T12:06:00Z,2814,2814,17,37.37700599846437,20.806907596890806,1,OK
2026-09-22T12:07:00Z,2815,2815,17,39.17703992093482,21.182901777851686,1,OK
2026-09-22T12:08:00Z,2817,2817,17,39.1777501482429,20.95123793152354,1,OK
2026-09-22T12:09:00Z,2814,2814,17,39.17668461803261,20.98202899924405,1,OK
2026-09-22T12:10:00Z,2813,2813,17,37.37664757484968,18.208695763456078,1,OK
2026-09-22T12:11:00Z,2813,2813,17,37.27850634672942,14.799928405563723,1,OK
2026-09-22T12:12:00Z,2816,2816,17,37.2795896843172,15.857373049896532,1,OK
2026-09-22T12:13:00Z,844,844,17,35.31355666766955,13.60813459194114,1,OK
