cycle,session_index,session_id,start_utc,end_utc,start_epoch,end_epoch,offered_packets,sent_packets,failed_packets,returncode,accounting_ok,tcpreplay_duration_s,suricata_alerts,rf_reference_positive,provenance_tier,source_timestamp_correlated,min_alert_rf_delta_s,incident_key
1,0,E1_TEST_NORMAL_01,2026-09-21T10:13:36.417394Z,2026-09-21T10:14:06.080863Z,1789985616.417394,1789985646.080863,333,333,0,0,1,29.62,0,31,RF_ONLY_REVIEW,0,,E7:001:E1_TEST_NORMAL_01
1,1,E1_TEST_NORMAL_02,2026-09-21T10:14:06.582678Z,2026-09-21T10:14:36.311934Z,1789985646.582678,1789985676.311934,333,333,0,0,1,29.68,0,31,RF_ONLY_REVIEW,0,,E7:001:E1_TEST_NORMAL_02
1,2,E1_TEST_NORMAL_03,2026-09-21T10:14:36.813720Z,2026-09-21T10:15:06.803911Z,1789985676.813720,1789985706.803911,336,336,0,0,1,29.93,0,31,RF_ONLY_REVIEW,0,,E7:001:E1_TEST_NORMAL_03
1,3,E1_TEST_SCAN_01,2026-09-21T10:15:07.305725Z,2026-09-21T10:15:07.974897Z,1789985707.305725,1789985707.974897,1729,1729,0,0,1,0.625138,0,845,RF_ONLY_REVIEW,0,,E7:001:E1_TEST_SCAN_01
1,4,E1_TEST_SCAN_02,2026-09-21T10:15:08.479324Z,2026-09-21T10:15:09.104945Z,1789985708.479324,1789985709.104945,1715,1715,0,0,1,0.558623,0,837,RF_ONLY_REVIEW,0,,E7:001:E1_TEST_SCAN_02
1,5,E1_TEST_SCAN_03,2026-09-21T10:15:09.608196Z,2026-09-21T10:15:11.215150Z,1789985709.608196,1789985711.215150,1760,1760,0,0,1,1.55,0,861,RF_ONLY_REVIEW,0,,E7:001:E1_TEST_SCAN_03
1,6,E1_TEST_BRUTE_01,2026-09-21T10:15:11.718479Z,2026-09-21T10:15:22.976879Z,1789985711.718479,1789985722.976879,207,207,0,0,1,11.2,0,6,RF_ONLY_REVIEW,0,,E7:001:E1_TEST_BRUTE_01
1,7,E1_TEST_BRUTE_02,2026-09-21T10:15:23.478137Z,2026-09-21T10:15:34.592906Z,1789985723.478137,1789985734.592906,216,216,0,0,1,11.06,0,6,RF_ONLY_REVIEW,0,,E7:001:E1_TEST_BRUTE_02
1,8,E1_TEST_BRUTE_03,2026-09-21T10:15:35.094992Z,2026-09-21T10:15:46.265028Z,1789985735.094992,1789985746.265028,214,214,0,0,1,11.1,0,6,RF_ONLY_REVIEW,0,,E7:001:E1_TEST_BRUTE_03
1,9,E1_TEST_DOS_01,2026-09-21T10:15:46.766272Z,2026-09-21T10:16:24.410981Z,1789985746.766272,1789985784.410981,2659023,2659023,0,0,1,37.56,8640,65537,HYBRID_CORRELATED,1,25.78323,E7:001:E1_TEST_DOS_01
1,10,E1_TEST_DOS_02,2026-09-21T10:16:30.524377Z,2026-09-21T10:17:07.821619Z,1789985790.524377,1789985827.821619,2648088,2648088,0,0,1,37.22,60710,65537,HYBRID_CORRELATED,1,0.0,E7:001:E1_TEST_DOS_02
1,11,E1_TEST_DOS_03,2026-09-21T10:17:25.384077Z,2026-09-21T10:18:02.472093Z,1789985845.384077,1789985882.472093,2600786,2600786,0,0,1,37.01,95806,65537,HYBRID_CORRELATED,1,0.0,E7:001:E1_TEST_DOS_03
1,12,E1_TEST_EXPLOIT_01,2026-09-21T10:18:27.322687Z,2026-09-21T10:18:41.435999Z,1789985907.322687,1789985921.435999,23669,23666,3,0,1,14.02,0,2318,RF_ONLY_REVIEW,0,,E7:001:E1_TEST_EXPLOIT_01
1,13,E1_TEST_EXPLOIT_02,2026-09-21T10:18:42.017197Z,2026-09-21T10:18:51.564021Z,1789985922.017197,1789985931.564021,20747,20747,0,0,1,9.46,0,2072,RF_ONLY_REVIEW,0,,E7:001:E1_TEST_EXPLOIT_02
1,14,E1_TEST_EXPLOIT_03,2026-09-21T10:18:52.131822Z,2026-09-21T10:31:05.927830Z,1789985932.131822,1789986665.927830,71525,71523,2,0,1,733.7,0,21,RF_ONLY_REVIEW,0,,E7:001:E1_TEST_EXPLOIT_03
2,0,E1_TEST_NORMAL_01,2026-09-21T10:31:06.866546Z,2026-09-21T10:31:36.578909Z,1789986666.866546,1789986696.578909,333,333,0,0,1,29.62,0,31,RF_ONLY_REVIEW,0,,E7:002:E1_TEST_NORMAL_01
2,1,E1_TEST_NORMAL_02,2026-09-21T10:31:37.080607Z,2026-09-21T10:32:06.866843Z,1789986697.080607,1789986726.866843,333,333,0,0,1,29.68,0,31,RF_ONLY_REVIEW,0,,E7:002:E1_TEST_NORMAL_02
2,2,E1_TEST_NORMAL_03,2026-09-21T10:32:07.368605Z,2026-09-21T10:32:37.379015Z,1789986727.368605,1789986757.379015,336,336,0,0,1,29.93,0,31,RF_ONLY_REVIEW,0,,E7:002:E1_TEST_NORMAL_03
2,3,E1_TEST_SCAN_01,2026-09-21T10:32:37.882246Z,2026-09-21T10:32:38.588921Z,1789986757.882246,1789986758.588921,1729,1729,0,0,1,0.624633,0,845,RF_ONLY_REVIEW,0,,E7:002:E1_TEST_SCAN_01
2,4,E1_TEST_SCAN_02,2026-09-21T10:32:39.094074Z,2026-09-21T10:32:39.730933Z,1789986759.094074,1789986759.730933,1715,1715,0,0,1,0.558959,0,837,RF_ONLY_REVIEW,0,,E7:002:E1_TEST_SCAN_02
2,5,E1_TEST_SCAN_03,2026-09-21T10:32:40.234175Z,2026-09-21T10:32:41.857912Z,1789986760.234175,1789986761.857912,1760,1760,0,0,1,1.55,0,861,RF_ONLY_REVIEW,0,,E7:002:E1_TEST_SCAN_03
2,6,E1_TEST_BRUTE_01,2026-09-21T10:32:42.361394Z,2026-09-21T10:32:53.640900Z,1789986762.361394,1789986773.640900,207,207,0,0,1,11.2,0,6,RF_ONLY_REVIEW,0,,E7:002:E1_TEST_BRUTE_01
2,7,E1_TEST_BRUTE_02,2026-09-21T10:32:54.143085Z,2026-09-21T10:33:05.276842Z,1789986774.143085,1789986785.276842,216,216,0,0,1,11.06,0,6,RF_ONLY_REVIEW,0,,E7:002:E1_TEST_BRUTE_02
2,8,E1_TEST_BRUTE_03,2026-09-21T10:33:05.778085Z,2026-09-21T10:33:16.948154Z,1789986785.778085,1789986796.948154,214,214,0,0,1,11.1,0,6,RF_ONLY_REVIEW,0,,E7:002:E1_TEST_BRUTE_03
2,9,E1_TEST_DOS_01,2026-09-21T10:33:17.449467Z,2026-09-21T10:33:54.515639Z,1789986797.449467,1789986834.515639,2659023,2659023,0,0,1,36.98,8640,65537,HYBRID_CORRELATED,1,25.386704,E7:002:E1_TEST_DOS_01
2,10,E1_TEST_DOS_02,2026-09-21T10:34:00.699985Z,2026-09-21T10:34:37.680687Z,1789986840.699985,1789986877.680687,2648088,2648088,0,0,1,36.91,60710,65537,HYBRID_CORRELATED,1,1e-06,E7:002:E1_TEST_DOS_02
2,11,E1_TEST_DOS_03,2026-09-21T10:34:55.219541Z,2026-09-21T10:35:32.077812Z,1789986895.219541,1789986932.077812,2600786,2600786,0,0,1,36.79,95806,65537,HYBRID_CORRELATED,1,0.0,E7:002:E1_TEST_DOS_03
2,12,E1_TEST_EXPLOIT_01,2026-09-21T10:35:56.966148Z,2026-09-21T10:36:11.077479Z,1789986956.966148,1789986971.077479,23669,23666,3,0,1,14.02,0,2318,RF_ONLY_REVIEW,0,,E7:002:E1_TEST_EXPLOIT_01
2,13,E1_TEST_EXPLOIT_02,2026-09-21T10:36:11.659766Z,2026-09-21T10:36:21.222039Z,1789986971.659766,1789986981.222039,20747,20747,0,0,1,9.46,0,2072,RF_ONLY_REVIEW,0,,E7:002:E1_TEST_EXPLOIT_02
2,14,E1_TEST_EXPLOIT_03,2026-09-21T10:36:21.794271Z,2026-09-21T10:48:35.578897Z,1789986981.794271,1789987715.578897,71525,71523,2,0,1,733.71,0,21,RF_ONLY_REVIEW,0,,E7:002:E1_TEST_EXPLOIT_03
3,0,E1_TEST_NORMAL_01,2026-09-21T10:48:36.524894Z,2026-09-21T10:49:06.239900Z,1789987716.524894,1789987746.239900,333,333,0,0,1,29.62,0,31,RF_ONLY_REVIEW,0,,E7:003:E1_TEST_NORMAL_01
3,1,E1_TEST_NORMAL_02,2026-09-21T10:49:06.741668Z,2026-09-21T10:49:36.495846Z,1789987746.741668,1789987776.495846,333,333,0,0,1,29.68,0,31,RF_ONLY_REVIEW,0,,E7:003:E1_TEST_NORMAL_02
3,2,E1_TEST_NORMAL_03,2026-09-21T10:49:36.997723Z,2026-09-21T10:50:07.008940Z,1789987776.997723,1789987807.008940,336,336,0,0,1,29.93,0,31,RF_ONLY_REVIEW,0,,E7:003:E1_TEST_NORMAL_03
3,3,E1_TEST_SCAN_01,2026-09-21T10:50:07.510862Z,2026-09-21T10:50:08.217933Z,1789987807.510862,1789987808.217933,1729,1729,0,0,1,0.624851,0,845,RF_ONLY_REVIEW,0,,E7:003:E1_TEST_SCAN_01
3,4,E1_TEST_SCAN_02,2026-09-21T10:50:08.721242Z,2026-09-21T10:50:09.350963Z,1789987808.721242,1789987809.350963,1715,1715,0,0,1,0.558799,0,837,RF_ONLY_REVIEW,0,,E7:003:E1_TEST_SCAN_02
3,5,E1_TEST_SCAN_03,2026-09-21T10:50:09.856908Z,2026-09-21T10:50:11.503901Z,1789987809.856908,1789987811.503901,1760,1760,0,0,1,1.55,0,861,RF_ONLY_REVIEW,0,,E7:003:E1_TEST_SCAN_03
3,6,E1_TEST_BRUTE_01,2026-09-21T10:50:12.007501Z,2026-09-21T10:50:23.277877Z,1789987812.007501,1789987823.277877,207,207,0,0,1,11.2,0,6,RF_ONLY_REVIEW,0,,E7:003:E1_TEST_BRUTE_01
3,7,E1_TEST_BRUTE_02,2026-09-21T10:50:23.779150Z,2026-09-21T10:50:34.927844Z,1789987823.779150,1789987834.927844,216,216,0,0,1,11.06,0,6,RF_ONLY_REVIEW,0,,E7:003:E1_TEST_BRUTE_02
3,8,E1_TEST_BRUTE_03,2026-09-21T10:50:35.429154Z,2026-09-21T10:50:46.606888Z,1789987835.429154,1789987846.606888,214,214,0,0,1,11.1,0,6,RF_ONLY_REVIEW,0,,E7:003:E1_TEST_BRUTE_03
3,9,E1_TEST_DOS_01,2026-09-21T10:50:47.108975Z,2026-09-21T10:51:24.323814Z,1789987847.108975,1789987884.323814,2659023,2659023,0,0,1,37.15,8640,65537,HYBRID_CORRELATED,1,25.481625,E7:003:E1_TEST_DOS_01
3,10,E1_TEST_DOS_02,2026-09-21T10:51:30.573747Z,2026-09-21T10:52:07.725031Z,1789987890.573747,1789987927.725031,2648088,2648088,0,0,1,37.07,60710,65537,HYBRID_CORRELATED,1,0.0,E7:003:E1_TEST_DOS_02
3,11,E1_TEST_DOS_03,2026-09-21T10:52:25.298862Z,2026-09-21T10:53:02.146948Z,1789987945.298862,1789987982.146948,2600786,2600786,0,0,1,36.75,95962,65537,HYBRID_CORRELATED,1,0.0,E7:003:E1_TEST_DOS_03
3,12,E1_TEST_EXPLOIT_01,2026-09-21T10:53:27.148253Z,2026-09-21T10:53:41.262072Z,1789988007.148253,1789988021.262072,23669,23666,3,0,1,14.02,0,2318,RF_ONLY_REVIEW,0,,E7:003:E1_TEST_EXPLOIT_01
3,13,E1_TEST_EXPLOIT_02,2026-09-21T10:53:41.842518Z,2026-09-21T10:53:51.389129Z,1789988021.842518,1789988031.389129,20747,20747,0,0,1,9.46,0,2072,RF_ONLY_REVIEW,0,,E7:003:E1_TEST_EXPLOIT_02
3,14,E1_TEST_EXPLOIT_03,2026-09-21T10:53:51.959065Z,2026-09-21T11:06:05.739080Z,1789988031.959065,1789988765.739080,71525,71523,2,0,1,733.71,0,21,RF_ONLY_REVIEW,0,,E7:003:E1_TEST_EXPLOIT_03
4,0,E1_TEST_NORMAL_01,2026-09-21T11:06:06.691852Z,2026-09-21T11:06:36.402919Z,1789988766.691852,1789988796.402919,333,333,0,0,1,29.62,0,31,RF_ONLY_REVIEW,0,,E7:004:E1_TEST_NORMAL_01
4,1,E1_TEST_NORMAL_02,2026-09-21T11:06:36.904713Z,2026-09-21T11:07:06.669969Z,1789988796.904713,1789988826.669969,333,333,0,0,1,29.68,0,31,RF_ONLY_REVIEW,0,,E7:004:E1_TEST_NORMAL_02
4,2,E1_TEST_NORMAL_03,2026-09-21T11:07:07.171776Z,2026-09-21T11:07:37.176023Z,1789988827.171776,1789988857.176023,336,336,0,0,1,29.93,0,31,RF_ONLY_REVIEW,0,,E7:004:E1_TEST_NORMAL_03
4,3,E1_TEST_SCAN_01,2026-09-21T11:07:37.677877Z,2026-09-21T11:07:38.381978Z,1789988857.677877,1789988858.381978,1729,1729,0,0,1,0.624659,0,845,RF_ONLY_REVIEW,0,,E7:004:E1_TEST_SCAN_01
4,4,E1_TEST_SCAN_02,2026-09-21T11:07:38.887005Z,2026-09-21T11:07:39.532125Z,1789988858.887005,1789988859.532125,1715,1715,0,0,1,0.558729,0,837,RF_ONLY_REVIEW,0,,E7:004:E1_TEST_SCAN_02
4,5,E1_TEST_SCAN_03,2026-09-21T11:07:40.035372Z,2026-09-21T11:07:41.668373Z,1789988860.035372,1789988861.668373,1760,1760,0,0,1,1.55,0,861,RF_ONLY_REVIEW,0,,E7:004:E1_TEST_SCAN_03
4,6,E1_TEST_BRUTE_01,2026-09-21T11:07:42.171792Z,2026-09-21T11:07:53.454067Z,1789988862.171792,1789988873.454067,207,207,0,0,1,11.2,0,6,RF_ONLY_REVIEW,0,,E7:004:E1_TEST_BRUTE_01
4,7,E1_TEST_BRUTE_02,2026-09-21T11:07:53.955278Z,2026-09-21T11:08:05.096005Z,1789988873.955278,1789988885.096005,216,216,0,0,1,11.06,0,6,RF_ONLY_REVIEW,0,,E7:004:E1_TEST_BRUTE_02
4,8,E1_TEST_BRUTE_03,2026-09-21T11:08:05.597317Z,2026-09-21T11:08:16.757915Z,1789988885.597317,1789988896.757915,214,214,0,0,1,11.1,0,6,RF_ONLY_REVIEW,0,,E7:004:E1_TEST_BRUTE_03
4,9,E1_TEST_DOS_01,2026-09-21T11:08:17.260082Z,2026-09-21T11:08:54.292479Z,1789988897.260082,1789988934.292479,2659023,2659023,0,0,1,36.96,8640,65537,HYBRID_CORRELATED,1,25.33258,E7:004:E1_TEST_DOS_01
4,10,E1_TEST_DOS_02,2026-09-21T11:09:00.632880Z,2026-09-21T11:09:37.597203Z,1789988940.632880,1789988977.597203,2648088,2648088,0,0,1,36.87,60730,65537,HYBRID_CORRELATED,1,1e-06,E7:004:E1_TEST_DOS_02
4,11,E1_TEST_DOS_03,2026-09-21T11:09:55.215345Z,2026-09-21T11:10:32.100756Z,1789988995.215345,1789989032.100756,2600786,2600786,0,0,1,36.77,95904,65537,HYBRID_CORRELATED,1,0.0,E7:004:E1_TEST_DOS_03
4,12,E1_TEST_EXPLOIT_01,2026-09-21T11:10:57.138918Z,2026-09-21T11:11:11.249129Z,1789989057.138918,1789989071.249129,23669,23666,3,0,1,14.02,0,2318,RF_ONLY_REVIEW,0,,E7:004:E1_TEST_EXPLOIT_01
4,13,E1_TEST_EXPLOIT_02,2026-09-21T11:11:11.834570Z,2026-09-21T11:11:21.384026Z,1789989071.834570,1789989081.384026,20747,20747,0,0,1,9.46,0,2072,RF_ONLY_REVIEW,0,,E7:004:E1_TEST_EXPLOIT_02
4,14,E1_TEST_EXPLOIT_03,2026-09-21T11:11:21.963407Z,2026-09-21T11:23:35.739887Z,1789989081.963407,1789989815.739887,71525,71523,2,0,1,733.71,0,21,RF_ONLY_REVIEW,0,,E7:004:E1_TEST_EXPLOIT_03
5,0,E1_TEST_NORMAL_01,2026-09-21T11:23:36.690782Z,2026-09-21T11:24:06.408882Z,1789989816.690782,1789989846.408882,333,333,0,0,1,29.62,0,31,RF_ONLY_REVIEW,0,,E7:005:E1_TEST_NORMAL_01
5,1,E1_TEST_NORMAL_02,2026-09-21T11:24:06.910836Z,2026-09-21T11:24:36.672869Z,1789989846.910836,1789989876.672869,333,333,0,0,1,29.68,0,31,RF_ONLY_REVIEW,0,,E7:005:E1_TEST_NORMAL_02
5,2,E1_TEST_NORMAL_03,2026-09-21T11:24:37.175987Z,2026-09-21T11:25:07.157945Z,1789989877.175987,1789989907.157945,336,336,0,0,1,29.93,0,31,RF_ONLY_REVIEW,0,,E7:005:E1_TEST_NORMAL_03
5,3,E1_TEST_SCAN_01,2026-09-21T11:25:07.659874Z,2026-09-21T11:25:08.356923Z,1789989907.659874,1789989908.356923,1729,1729,0,0,1,0.624702,0,845,RF_ONLY_REVIEW,0,,E7:005:E1_TEST_SCAN_01
5,4,E1_TEST_SCAN_02,2026-09-21T11:25:08.860673Z,2026-09-21T11:25:09.502907Z,1789989908.860673,1789989909.502907,1715,1715,0,0,1,0.558204,0,837,RF_ONLY_REVIEW,0,,E7:005:E1_TEST_SCAN_02
5,5,E1_TEST_SCAN_03,2026-09-21T11:25:10.006226Z,2026-09-21T11:25:11.653875Z,1789989910.006226,1789989911.653875,1760,1760,0,0,1,1.55,0,861,RF_ONLY_REVIEW,0,,E7:005:E1_TEST_SCAN_03
5,6,E1_TEST_BRUTE_01,2026-09-21T11:25:12.157311Z,2026-09-21T11:25:23.461898Z,1789989912.157311,1789989923.461898,207,207,0,0,1,11.2,0,6,RF_ONLY_REVIEW,0,,E7:005:E1_TEST_BRUTE_01
5,7,E1_TEST_BRUTE_02,2026-09-21T11:25:23.964048Z,2026-09-21T11:25:35.109888Z,1789989923.964048,1789989935.109888,216,216,0,0,1,11.06,0,6,RF_ONLY_REVIEW,0,,E7:005:E1_TEST_BRUTE_02
5,8,E1_TEST_BRUTE_03,2026-09-21T11:25:35.611090Z,2026-09-21T11:25:46.780913Z,1789989935.611090,1789989946.780913,214,214,0,0,1,11.1,0,6,RF_ONLY_REVIEW,0,,E7:005:E1_TEST_BRUTE_03
5,9,E1_TEST_DOS_01,2026-09-21T11:25:47.282235Z,2026-09-21T11:26:24.433707Z,1789989947.282235,1789989984.433707,2659023,2659023,0,0,1,37.08,8640,65537,HYBRID_CORRELATED,1,25.431313,E7:005:E1_TEST_DOS_01
5,10,E1_TEST_DOS_02,2026-09-21T11:26:30.657800Z,2026-09-21T11:27:07.711659Z,1789989990.657800,1789990027.711659,2648088,2648088,0,0,1,36.95,60752,65537,HYBRID_CORRELATED,1,0.0,E7:005:E1_TEST_DOS_02
5,11,E1_TEST_DOS_03,2026-09-21T11:27:25.207701Z,2026-09-21T11:28:02.138596Z,1789990045.207701,1789990082.138596,2600786,2600786,0,0,1,36.85,95944,65537,HYBRID_CORRELATED,1,0.0,E7:005:E1_TEST_DOS_03
5,12,E1_TEST_EXPLOIT_01,2026-09-21T11:28:27.034772Z,2026-09-21T11:28:41.155039Z,1789990107.034772,1789990121.155039,23669,23666,3,0,1,14.02,0,2318,RF_ONLY_REVIEW,0,,E7:005:E1_TEST_EXPLOIT_01
5,13,E1_TEST_EXPLOIT_02,2026-09-21T11:28:41.736119Z,2026-09-21T11:28:51.304102Z,1789990121.736119,1789990131.304102,20747,20747,0,0,1,9.46,0,2072,RF_ONLY_REVIEW,0,,E7:005:E1_TEST_EXPLOIT_02
5,14,E1_TEST_EXPLOIT_03,2026-09-21T11:28:51.879690Z,2026-09-21T11:41:05.682952Z,1789990131.879690,1789990865.682952,71525,71523,2,0,1,733.71,0,21,RF_ONLY_REVIEW,0,,E7:005:E1_TEST_EXPLOIT_03
6,0,E1_TEST_NORMAL_01,2026-09-21T11:41:06.637554Z,2026-09-21T11:41:36.326908Z,1789990866.637554,1789990896.326908,333,333,0,0,1,29.62,0,31,RF_ONLY_REVIEW,0,,E7:006:E1_TEST_NORMAL_01
6,1,E1_TEST_NORMAL_02,2026-09-21T11:41:36.829941Z,2026-09-21T11:42:06.602113Z,1789990896.829941,1789990926.602113,333,333,0,0,1,29.68,0,31,RF_ONLY_REVIEW,0,,E7:006:E1_TEST_NORMAL_02
6,2,E1_TEST_NORMAL_03,2026-09-21T11:42:07.105184Z,2026-09-21T11:42:37.129989Z,1789990927.105184,1789990957.129989,336,336,0,0,1,29.93,0,31,RF_ONLY_REVIEW,0,,E7:006:E1_TEST_NORMAL_03
6,3,E1_TEST_SCAN_01,2026-09-21T11:42:37.631846Z,2026-09-21T11:42:38.341884Z,1789990957.631846,1789990958.341884,1729,1729,0,0,1,0.624749,0,845,RF_ONLY_REVIEW,0,,E7:006:E1_TEST_SCAN_01
6,4,E1_TEST_SCAN_02,2026-09-21T11:42:38.845127Z,2026-09-21T11:42:39.491930Z,1789990958.845127,1789990959.491930,1715,1715,0,0,1,0.558989,0,837,RF_ONLY_REVIEW,0,,E7:006:E1_TEST_SCAN_02
6,5,E1_TEST_SCAN_03,2026-09-21T11:42:39.995275Z,2026-09-21T11:42:41.626871Z,1789990959.995275,1789990961.626871,1760,1760,0,0,1,1.55,0,861,RF_ONLY_REVIEW,0,,E7:006:E1_TEST_SCAN_03
6,6,E1_TEST_BRUTE_01,2026-09-21T11:42:42.132859Z,2026-09-21T11:42:53.425892Z,1789990962.132859,1789990973.425892,207,207,0,0,1,11.2,0,6,RF_ONLY_REVIEW,0,,E7:006:E1_TEST_BRUTE_01
6,7,E1_TEST_BRUTE_02,2026-09-21T11:42:53.927141Z,2026-09-21T11:43:05.059916Z,1789990973.927141,1789990985.059916,216,216,0,0,1,11.06,0,6,RF_ONLY_REVIEW,0,,E7:006:E1_TEST_BRUTE_02
6,8,E1_TEST_BRUTE_03,2026-09-21T11:43:05.561986Z,2026-09-21T11:43:16.758842Z,1789990985.561986,1789990996.758842,214,214,0,0,1,11.1,0,6,RF_ONLY_REVIEW,0,,E7:006:E1_TEST_BRUTE_03
6,9,E1_TEST_DOS_01,2026-09-21T11:43:17.260502Z,2026-09-21T11:43:54.265977Z,1789990997.260502,1789991034.265977,2659023,2659023,0,0,1,36.93,8640,65537,HYBRID_CORRELATED,1,25.306086,E7:006:E1_TEST_DOS_01
6,10,E1_TEST_DOS_02,2026-09-21T11:44:00.473887Z,2026-09-21T11:44:37.411218Z,1789991040.473887,1789991077.411218,2648088,2648088,0,0,1,36.88,60710,65537,HYBRID_CORRELATED,1,0.0,E7:006:E1_TEST_DOS_02
6,11,E1_TEST_DOS_03,2026-09-21T11:44:54.926273Z,2026-09-21T11:45:31.821373Z,1789991094.926273,1789991131.821373,2600786,2600786,0,0,1,36.81,95886,65537,HYBRID_CORRELATED,1,0.0,E7:006:E1_TEST_DOS_03
6,12,E1_TEST_EXPLOIT_01,2026-09-21T11:45:56.821745Z,2026-09-21T11:46:10.926937Z,1789991156.821745,1789991170.926937,23669,23666,3,0,1,14.03,0,2318,RF_ONLY_REVIEW,0,,E7:006:E1_TEST_EXPLOIT_01
6,13,E1_TEST_EXPLOIT_02,2026-09-21T11:46:11.509422Z,2026-09-21T11:46:21.045000Z,1789991171.509422,1789991181.045000,20747,20747,0,0,1,9.46,0,2072,RF_ONLY_REVIEW,0,,E7:006:E1_TEST_EXPLOIT_02
6,14,E1_TEST_EXPLOIT_03,2026-09-21T11:46:21.619012Z,2026-09-21T11:58:35.416907Z,1789991181.619012,1789991915.416907,71525,71523,2,0,1,733.71,0,21,RF_ONLY_REVIEW,0,,E7:006:E1_TEST_EXPLOIT_03
7,0,E1_TEST_NORMAL_01,2026-09-21T11:58:36.366820Z,2026-09-21T11:59:06.066905Z,1789991916.366820,1789991946.066905,333,333,0,0,1,29.62,0,31,RF_ONLY_REVIEW,0,,E7:007:E1_TEST_NORMAL_01
7,1,E1_TEST_NORMAL_02,2026-09-21T11:59:06.568658Z,2026-09-21T11:59:36.334885Z,1789991946.568658,1789991976.334885,333,333,0,0,1,29.68,0,31,RF_ONLY_REVIEW,0,,E7:007:E1_TEST_NORMAL_02
7,2,E1_TEST_NORMAL_03,2026-09-21T11:59:36.836691Z,2026-09-21T12:00:06.863840Z,1789991976.836691,1789992006.863840,336,336,0,0,1,29.93,0,31,RF_ONLY_REVIEW,0,,E7:007:E1_TEST_NORMAL_03
7,3,E1_TEST_SCAN_01,2026-09-21T12:00:07.365752Z,2026-09-21T12:00:08.073892Z,1789992007.365752,1789992008.073892,1729,1729,0,0,1,0.624688,0,845,RF_ONLY_REVIEW,0,,E7:007:E1_TEST_SCAN_01
7,4,E1_TEST_SCAN_02,2026-09-21T12:00:08.579828Z,2026-09-21T12:00:09.226941Z,1789992008.579828,1789992009.226941,1715,1715,0,0,1,0.558845,0,837,RF_ONLY_REVIEW,0,,E7:007:E1_TEST_SCAN_02
7,5,E1_TEST_SCAN_03,2026-09-21T12:00:09.730422Z,2026-09-21T12:00:11.367846Z,1789992009.730422,1789992011.367846,1760,1760,0,0,1,1.55,0,861,RF_ONLY_REVIEW,0,,E7:007:E1_TEST_SCAN_03
7,6,E1_TEST_BRUTE_01,2026-09-21T12:00:11.873996Z,2026-09-21T12:00:23.160830Z,1789992011.873996,1789992023.160830,207,207,0,0,1,11.2,0,6,RF_ONLY_REVIEW,0,,E7:007:E1_TEST_BRUTE_01
7,7,E1_TEST_BRUTE_02,2026-09-21T12:00:23.662648Z,2026-09-21T12:00:34.827970Z,1789992023.662648,1789992034.827970,216,216,0,0,1,11.06,0,6,RF_ONLY_REVIEW,0,,E7:007:E1_TEST_BRUTE_02
7,8,E1_TEST_BRUTE_03,2026-09-21T12:00:35.330202Z,2026-09-21T12:00:46.514931Z,1789992035.330202,1789992046.514931,214,214,0,0,1,11.1,0,6,RF_ONLY_REVIEW,0,,E7:007:E1_TEST_BRUTE_03
7,9,E1_TEST_DOS_01,2026-09-21T12:00:47.017016Z,2026-09-21T12:01:24.002802Z,1789992047.017016,1789992084.002802,2659023,2659023,0,0,1,36.91,8640,65537,HYBRID_CORRELATED,1,25.287,E7:007:E1_TEST_DOS_01
7,10,E1_TEST_DOS_02,2026-09-21T12:01:30.191645Z,2026-09-21T12:02:07.206451Z,1789992090.191645,1789992127.206451,2648088,2648088,0,0,1,36.94,61182,65537,HYBRID_CORRELATED,1,1e-06,E7:007:E1_TEST_DOS_02
7,11,E1_TEST_DOS_03,2026-09-21T12:02:24.754922Z,2026-09-21T12:03:01.641831Z,1789992144.754922,1789992181.641831,2600786,2600786,0,0,1,36.81,96406,65537,HYBRID_CORRELATED,1,0.0,E7:007:E1_TEST_DOS_03
7,12,E1_TEST_EXPLOIT_01,2026-09-21T12:03:26.555853Z,2026-09-21T12:03:40.674071Z,1789992206.555853,1789992220.674071,23669,23666,3,0,1,14.02,0,2318,RF_ONLY_REVIEW,0,,E7:007:E1_TEST_EXPLOIT_01
7,13,E1_TEST_EXPLOIT_02,2026-09-21T12:03:41.256501Z,2026-09-21T12:03:50.787941Z,1789992221.256501,1789992230.787941,20747,20747,0,0,1,9.46,0,2072,RF_ONLY_REVIEW,0,,E7:007:E1_TEST_EXPLOIT_02
7,14,E1_TEST_EXPLOIT_03,2026-09-21T12:03:51.358649Z,2026-09-21T12:16:05.150861Z,1789992231.358649,1789992965.150861,71525,71523,2,0,1,733.71,0,21,RF_ONLY_REVIEW,0,,E7:007:E1_TEST_EXPLOIT_03
8,0,E1_TEST_NORMAL_01,2026-09-21T12:16:06.095946Z,2026-09-21T12:16:35.794875Z,1789992966.095946,1789992995.794875,333,333,0,0,1,29.62,0,31,RF_ONLY_REVIEW,0,,E7:008:E1_TEST_NORMAL_01
8,1,E1_TEST_NORMAL_02,2026-09-21T12:16:36.296594Z,2026-09-21T12:17:06.056864Z,1789992996.296594,1789993026.056864,333,333,0,0,1,29.68,0,31,RF_ONLY_REVIEW,0,,E7:008:E1_TEST_NORMAL_02
8,2,E1_TEST_NORMAL_03,2026-09-21T12:17:06.558577Z,2026-09-21T12:17:36.592885Z,1789993026.558577,1789993056.592885,336,336,0,0,1,29.93,0,31,RF_ONLY_REVIEW,0,,E7:008:E1_TEST_NORMAL_03
8,3,E1_TEST_SCAN_01,2026-09-21T12:17:37.096087Z,2026-09-21T12:17:37.817911Z,1789993057.096087,1789993057.817911,1729,1729,0,0,1,0.624935,0,845,RF_ONLY_REVIEW,0,,E7:008:E1_TEST_SCAN_01
8,4,E1_TEST_SCAN_02,2026-09-21T12:17:38.321144Z,2026-09-21T12:17:38.963870Z,1789993058.321144,1789993058.963870,1715,1715,0,0,1,0.558724,0,837,RF_ONLY_REVIEW,0,,E7:008:E1_TEST_SCAN_02
8,5,E1_TEST_SCAN_03,2026-09-21T12:17:39.468089Z,2026-09-21T12:17:41.107890Z,1789993059.468089,1789993061.107890,1760,1760,0,0,1,1.55,0,861,RF_ONLY_REVIEW,0,,E7:008:E1_TEST_SCAN_03
8,6,E1_TEST_BRUTE_01,2026-09-21T12:17:41.613836Z,2026-09-21T12:17:52.895832Z,1789993061.613836,1789993072.895832,207,207,0,0,1,11.2,0,6,RF_ONLY_REVIEW,0,,E7:008:E1_TEST_BRUTE_01
8,7,E1_TEST_BRUTE_02,2026-09-21T12:17:53.397009Z,2026-09-21T12:18:04.546065Z,1789993073.397009,1789993084.546065,216,216,0,0,1,11.06,0,6,RF_ONLY_REVIEW,0,,E7:008:E1_TEST_BRUTE_02
8,8,E1_TEST_BRUTE_03,2026-09-21T12:18:05.048248Z,2026-09-21T12:18:16.212834Z,1789993085.048248,1789993096.212834,214,214,0,0,1,11.1,0,6,RF_ONLY_REVIEW,0,,E7:008:E1_TEST_BRUTE_03
8,9,E1_TEST_DOS_01,2026-09-21T12:18:16.714923Z,2026-09-21T12:18:53.832037Z,1789993096.714923,1789993133.832037,2659023,2659023,0,0,1,37.02,8640,65537,HYBRID_CORRELATED,1,25.402013,E7:008:E1_TEST_DOS_01
8,10,E1_TEST_DOS_02,2026-09-21T12:19:00.026914Z,2026-09-21T12:19:36.997702Z,1789993140.026914,1789993176.997702,2648088,2648088,0,0,1,36.88,60710,65537,HYBRID_CORRELATED,1,1e-06,E7:008:E1_TEST_DOS_02
8,11,E1_TEST_DOS_03,2026-09-21T12:19:54.469031Z,2026-09-21T12:20:31.269726Z,1789993194.469031,1789993231.269726,2600786,2600786,0,0,1,36.71,96306,65537,HYBRID_CORRELATED,1,0.0,E7:008:E1_TEST_DOS_03
8,12,E1_TEST_EXPLOIT_01,2026-09-21T12:20:56.329806Z,2026-09-21T12:21:10.417938Z,1789993256.329806,1789993270.417938,23669,23666,3,0,1,14.02,0,2318,RF_ONLY_REVIEW,0,,E7:008:E1_TEST_EXPLOIT_01
8,13,E1_TEST_EXPLOIT_02,2026-09-21T12:21:11.002697Z,2026-09-21T12:21:20.552130Z,1789993271.002697,1789993280.552130,20747,20747,0,0,1,9.46,0,2072,RF_ONLY_REVIEW,0,,E7:008:E1_TEST_EXPLOIT_02
8,14,E1_TEST_EXPLOIT_03,2026-09-21T12:21:21.122431Z,2026-09-21T12:33:34.901865Z,1789993281.122431,1789994014.901865,71525,71523,2,0,1,733.7,0,21,RF_ONLY_REVIEW,0,,E7:008:E1_TEST_EXPLOIT_03
9,0,E1_TEST_NORMAL_01,2026-09-21T12:33:35.856860Z,2026-09-21T12:34:05.566973Z,1789994015.856860,1789994045.566973,333,333,0,0,1,29.62,0,31,RF_ONLY_REVIEW,0,,E7:009:E1_TEST_NORMAL_01
9,1,E1_TEST_NORMAL_02,2026-09-21T12:34:06.068762Z,2026-09-21T12:34:35.836858Z,1789994046.068762,1789994075.836858,333,333,0,0,1,29.68,0,31,RF_ONLY_REVIEW,0,,E7:009:E1_TEST_NORMAL_02
9,2,E1_TEST_NORMAL_03,2026-09-21T12:34:36.339964Z,2026-09-21T12:35:06.335902Z,1789994076.339964,1789994106.335902,336,336,0,0,1,29.93,0,31,RF_ONLY_REVIEW,0,,E7:009:E1_TEST_NORMAL_03
9,3,E1_TEST_SCAN_01,2026-09-21T12:35:06.837718Z,2026-09-21T12:35:07.544164Z,1789994106.837718,1789994107.544164,1729,1729,0,0,1,0.624548,0,845,RF_ONLY_REVIEW,0,,E7:009:E1_TEST_SCAN_01
9,4,E1_TEST_SCAN_02,2026-09-21T12:35:08.047628Z,2026-09-21T12:35:08.686867Z,1789994108.047628,1789994108.686867,1715,1715,0,0,1,0.559006,0,837,RF_ONLY_REVIEW,0,,E7:009:E1_TEST_SCAN_02
9,5,E1_TEST_SCAN_03,2026-09-21T12:35:09.192693Z,2026-09-21T12:35:10.820923Z,1789994109.192693,1789994110.820923,1760,1760,0,0,1,1.55,0,861,RF_ONLY_REVIEW,0,,E7:009:E1_TEST_SCAN_03
9,6,E1_TEST_BRUTE_01,2026-09-21T12:35:11.324239Z,2026-09-21T12:35:22.614831Z,1789994111.324239,1789994122.614831,207,207,0,0,1,11.2,0,6,RF_ONLY_REVIEW,0,,E7:009:E1_TEST_BRUTE_01
9,7,E1_TEST_BRUTE_02,2026-09-21T12:35:23.116097Z,2026-09-21T12:35:34.257829Z,1789994123.116097,1789994134.257829,216,216,0,0,1,11.06,0,6,RF_ONLY_REVIEW,0,,E7:009:E1_TEST_BRUTE_02
9,8,E1_TEST_BRUTE_03,2026-09-21T12:35:34.759104Z,2026-09-21T12:35:45.912892Z,1789994134.759104,1789994145.912892,214,214,0,0,1,11.1,0,6,RF_ONLY_REVIEW,0,,E7:009:E1_TEST_BRUTE_03
9,9,E1_TEST_DOS_01,2026-09-21T12:35:46.414094Z,2026-09-21T12:36:23.445267Z,1789994146.414094,1789994183.445267,2659023,2659023,0,0,1,36.94,8640,65537,HYBRID_CORRELATED,1,25.371389,E7:009:E1_TEST_DOS_01
9,10,E1_TEST_DOS_02,2026-09-21T12:36:29.610577Z,2026-09-21T12:37:06.653873Z,1789994189.610577,1789994226.653873,2648088,2648088,0,0,1,36.98,60710,65537,HYBRID_CORRELATED,1,1e-06,E7:009:E1_TEST_DOS_02
9,11,E1_TEST_DOS_03,2026-09-21T12:37:24.093075Z,2026-09-21T12:38:00.965771Z,1789994244.093075,1789994280.965771,2600786,2600786,0,0,1,36.8,95806,65537,HYBRID_CORRELATED,1,0.0,E7:009:E1_TEST_DOS_03
9,12,E1_TEST_EXPLOIT_01,2026-09-21T12:38:25.968434Z,2026-09-21T12:38:40.089103Z,1789994305.968434,1789994320.089103,23669,23666,3,0,1,14.02,0,2318,RF_ONLY_REVIEW,0,,E7:009:E1_TEST_EXPLOIT_01
9,13,E1_TEST_EXPLOIT_02,2026-09-21T12:38:40.674989Z,2026-09-21T12:38:50.222962Z,1789994320.674989,1789994330.222962,20747,20747,0,0,1,9.46,0,2072,RF_ONLY_REVIEW,0,,E7:009:E1_TEST_EXPLOIT_02
9,14,E1_TEST_EXPLOIT_03,2026-09-21T12:38:50.797448Z,2026-09-21T12:51:04.578859Z,1789994330.797448,1789995064.578859,71525,71523,2,0,1,733.7,0,21,RF_ONLY_REVIEW,0,,E7:009:E1_TEST_EXPLOIT_03
10,0,E1_TEST_NORMAL_01,2026-09-21T12:51:05.537315Z,2026-09-21T12:51:35.255873Z,1789995065.537315,1789995095.255873,333,333,0,0,1,29.62,0,31,RF_ONLY_REVIEW,0,,E7:010:E1_TEST_NORMAL_01
10,1,E1_TEST_NORMAL_02,2026-09-21T12:51:35.758011Z,2026-09-21T12:52:05.537891Z,1789995095.758011,1789995125.537891,333,333,0,0,1,29.68,0,31,RF_ONLY_REVIEW,0,,E7:010:E1_TEST_NORMAL_02
10,2,E1_TEST_NORMAL_03,2026-09-21T12:52:06.039682Z,2026-09-21T12:52:36.056891Z,1789995126.039682,1789995156.056891,336,336,0,0,1,29.93,0,31,RF_ONLY_REVIEW,0,,E7:010:E1_TEST_NORMAL_03
10,3,E1_TEST_SCAN_01,2026-09-21T12:52:36.558789Z,2026-09-21T12:52:37.260885Z,1789995156.558789,1789995157.260885,1729,1729,0,0,1,0.62483,0,845,RF_ONLY_REVIEW,0,,E7:010:E1_TEST_SCAN_01
10,4,E1_TEST_SCAN_02,2026-09-21T12:52:37.764193Z,2026-09-21T12:52:38.401913Z,1789995157.764193,1789995158.401913,1715,1715,0,0,1,0.558843,0,837,RF_ONLY_REVIEW,0,,E7:010:E1_TEST_SCAN_02
10,5,E1_TEST_SCAN_03,2026-09-21T12:52:38.905115Z,2026-09-21T12:52:40.522922Z,1789995158.905115,1789995160.522922,1760,1760,0,0,1,1.55,0,861,RF_ONLY_REVIEW,0,,E7:010:E1_TEST_SCAN_03
10,6,E1_TEST_BRUTE_01,2026-09-21T12:52:41.026275Z,2026-09-21T12:52:52.303820Z,1789995161.026275,1789995172.303820,207,207,0,0,1,11.2,0,6,RF_ONLY_REVIEW,0,,E7:010:E1_TEST_BRUTE_01
10,7,E1_TEST_BRUTE_02,2026-09-21T12:52:52.805040Z,2026-09-21T12:53:03.931854Z,1789995172.805040,1789995183.931854,216,216,0,0,1,11.06,0,6,RF_ONLY_REVIEW,0,,E7:010:E1_TEST_BRUTE_02
10,8,E1_TEST_BRUTE_03,2026-09-21T12:53:04.433616Z,2026-09-21T12:53:15.619866Z,1789995184.433616,1789995195.619866,214,214,0,0,1,11.1,0,6,RF_ONLY_REVIEW,0,,E7:010:E1_TEST_BRUTE_03
10,9,E1_TEST_DOS_01,2026-09-21T12:53:16.121538Z,2026-09-21T12:53:53.240701Z,1789995196.121538,1789995233.240701,2659023,2659023,0,0,1,37.02,8640,65537,HYBRID_CORRELATED,1,25.425,E7:010:E1_TEST_DOS_01
10,10,E1_TEST_DOS_02,2026-09-21T12:53:59.409687Z,2026-09-21T12:54:36.405445Z,1789995239.409687,1789995276.405445,2648088,2648088,0,0,1,36.89,60710,65537,HYBRID_CORRELATED,1,1e-06,E7:010:E1_TEST_DOS_02
10,11,E1_TEST_DOS_03,2026-09-21T12:54:53.886687Z,2026-09-21T12:55:30.879602Z,1789995293.886687,1789995330.879602,2600786,2600786,0,0,1,36.88,96046,65537,HYBRID_CORRELATED,1,0.0,E7:010:E1_TEST_DOS_03
10,12,E1_TEST_EXPLOIT_01,2026-09-21T12:55:55.766000Z,2026-09-21T12:56:09.850949Z,1789995355.766000,1789995369.850949,23669,23666,3,0,1,14.03,0,2318,RF_ONLY_REVIEW,0,,E7:010:E1_TEST_EXPLOIT_01
10,13,E1_TEST_EXPLOIT_02,2026-09-21T12:56:10.437661Z,2026-09-21T12:56:19.976001Z,1789995370.437661,1789995379.976001,20747,20747,0,0,1,9.46,0,2072,RF_ONLY_REVIEW,0,,E7:010:E1_TEST_EXPLOIT_02
10,14,E1_TEST_EXPLOIT_03,2026-09-21T12:56:20.546745Z,2026-09-21T13:08:34.313899Z,1789995380.546745,1789996114.313899,71525,71523,2,0,1,733.7,0,21,RF_ONLY_REVIEW,0,,E7:010:E1_TEST_EXPLOIT_03
11,0,E1_TEST_NORMAL_01,2026-09-21T13:08:35.278432Z,2026-09-21T13:09:04.969880Z,1789996115.278432,1789996144.969880,333,333,0,0,1,29.62,0,31,RF_ONLY_REVIEW,0,,E7:011:E1_TEST_NORMAL_01
11,1,E1_TEST_NORMAL_02,2026-09-21T13:09:05.471614Z,2026-09-21T13:09:35.224903Z,1789996145.471614,1789996175.224903,333,333,0,0,1,29.68,0,31,RF_ONLY_REVIEW,0,,E7:011:E1_TEST_NORMAL_02
11,2,E1_TEST_NORMAL_03,2026-09-21T13:09:35.727994Z,2026-09-21T13:10:05.750877Z,1789996175.727994,1789996205.750877,336,336,0,0,1,29.93,0,31,RF_ONLY_REVIEW,0,,E7:011:E1_TEST_NORMAL_03
11,3,E1_TEST_SCAN_01,2026-09-21T13:10:06.252738Z,2026-09-21T13:10:06.945940Z,1789996206.252738,1789996206.945940,1729,1729,0,0,1,0.624769,0,845,RF_ONLY_REVIEW,0,,E7:011:E1_TEST_SCAN_01
11,4,E1_TEST_SCAN_02,2026-09-21T13:10:07.449263Z,2026-09-21T13:10:08.075903Z,1789996207.449263,1789996208.075903,1715,1715,0,0,1,0.558949,0,837,RF_ONLY_REVIEW,0,,E7:011:E1_TEST_SCAN_02
11,5,E1_TEST_SCAN_03,2026-09-21T13:10:08.580457Z,2026-09-21T13:10:10.215061Z,1789996208.580457,1789996210.215061,1760,1760,0,0,1,1.55,0,861,RF_ONLY_REVIEW,0,,E7:011:E1_TEST_SCAN_03
11,6,E1_TEST_BRUTE_01,2026-09-21T13:10:10.718343Z,2026-09-21T13:10:22.003989Z,1789996210.718343,1789996222.003989,207,207,0,0,1,11.2,0,6,RF_ONLY_REVIEW,0,,E7:011:E1_TEST_BRUTE_01
11,7,E1_TEST_BRUTE_02,2026-09-21T13:10:22.506148Z,2026-09-21T13:10:33.655980Z,1789996222.506148,1789996233.655980,216,216,0,0,1,11.06,0,6,RF_ONLY_REVIEW,0,,E7:011:E1_TEST_BRUTE_02
11,8,E1_TEST_BRUTE_03,2026-09-21T13:10:34.158077Z,2026-09-21T13:10:45.326801Z,1789996234.158077,1789996245.326801,214,214,0,0,1,11.1,0,6,RF_ONLY_REVIEW,0,,E7:011:E1_TEST_BRUTE_03
11,9,E1_TEST_DOS_01,2026-09-21T13:10:45.828995Z,2026-09-21T13:11:22.903791Z,1789996245.828995,1789996282.903791,2659023,2659023,0,0,1,36.99,8640,65537,HYBRID_CORRELATED,1,25.382163,E7:011:E1_TEST_DOS_01
11,10,E1_TEST_DOS_02,2026-09-21T13:11:29.078153Z,2026-09-21T13:12:06.050896Z,1789996289.078153,1789996326.050896,2648088,2648088,0,0,1,36.91,60800,65537,HYBRID_CORRELATED,1,0.0,E7:011:E1_TEST_DOS_02
11,11,E1_TEST_DOS_03,2026-09-21T13:12:23.476166Z,2026-09-21T13:13:00.324457Z,1789996343.476166,1789996380.324457,2600786,2600786,0,0,1,36.78,96152,65537,HYBRID_CORRELATED,1,0.0,E7:011:E1_TEST_DOS_03
11,12,E1_TEST_EXPLOIT_01,2026-09-21T13:13:25.402669Z,2026-09-21T13:13:39.511041Z,1789996405.402669,1789996419.511041,23669,23666,3,0,1,14.02,0,2318,RF_ONLY_REVIEW,0,,E7:011:E1_TEST_EXPLOIT_01
11,13,E1_TEST_EXPLOIT_02,2026-09-21T13:13:40.097760Z,2026-09-21T13:13:49.617069Z,1789996420.097760,1789996429.617069,20747,20747,0,0,1,9.46,0,2072,RF_ONLY_REVIEW,0,,E7:011:E1_TEST_EXPLOIT_02
11,14,E1_TEST_EXPLOIT_03,2026-09-21T13:13:50.186779Z,2026-09-21T13:26:03.976850Z,1789996430.186779,1789997163.976850,71525,71523,2,0,1,733.7,0,21,RF_ONLY_REVIEW,0,,E7:011:E1_TEST_EXPLOIT_03
12,0,E1_TEST_NORMAL_01,2026-09-21T13:26:04.934057Z,2026-09-21T13:26:34.643833Z,1789997164.934057,1789997194.643833,333,333,0,0,1,29.62,0,31,RF_ONLY_REVIEW,0,,E7:012:E1_TEST_NORMAL_01
12,1,E1_TEST_NORMAL_02,2026-09-21T13:26:35.145494Z,2026-09-21T13:27:04.892902Z,1789997195.145494,1789997224.892902,333,333,0,0,1,29.68,0,31,RF_ONLY_REVIEW,0,,E7:012:E1_TEST_NORMAL_02
12,2,E1_TEST_NORMAL_03,2026-09-21T13:27:05.394775Z,2026-09-21T13:27:35.408940Z,1789997225.394775,1789997255.408940,336,336,0,0,1,29.93,0,31,RF_ONLY_REVIEW,0,,E7:012:E1_TEST_NORMAL_03
12,3,E1_TEST_SCAN_01,2026-09-21T13:27:35.910791Z,2026-09-21T13:27:36.628958Z,1789997255.910791,1789997256.628958,1729,1729,0,0,1,0.624748,0,845,RF_ONLY_REVIEW,0,,E7:012:E1_TEST_SCAN_01
12,4,E1_TEST_SCAN_02,2026-09-21T13:27:37.134411Z,2026-09-21T13:27:37.788894Z,1789997257.134411,1789997257.788894,1715,1715,0,0,1,0.559226,0,837,RF_ONLY_REVIEW,0,,E7:012:E1_TEST_SCAN_02
12,5,E1_TEST_SCAN_03,2026-09-21T13:27:38.292135Z,2026-09-21T13:27:39.939971Z,1789997258.292135,1789997259.939971,1760,1760,0,0,1,1.55,0,861,RF_ONLY_REVIEW,0,,E7:012:E1_TEST_SCAN_03
12,6,E1_TEST_BRUTE_01,2026-09-21T13:27:40.444632Z,2026-09-21T13:27:51.735840Z,1789997260.444632,1789997271.735840,207,207,0,0,1,11.2,0,6,RF_ONLY_REVIEW,0,,E7:012:E1_TEST_BRUTE_01
12,7,E1_TEST_BRUTE_02,2026-09-21T13:27:52.236955Z,2026-09-21T13:28:03.365905Z,1789997272.236955,1789997283.365905,216,216,0,0,1,11.06,0,6,RF_ONLY_REVIEW,0,,E7:012:E1_TEST_BRUTE_02
12,8,E1_TEST_BRUTE_03,2026-09-21T13:28:03.867214Z,2026-09-21T13:28:15.062923Z,1789997283.867214,1789997295.062923,214,214,0,0,1,11.1,0,6,RF_ONLY_REVIEW,0,,E7:012:E1_TEST_BRUTE_03
12,9,E1_TEST_DOS_01,2026-09-21T13:28:15.564473Z,2026-09-21T13:28:52.724078Z,1789997295.564473,1789997332.724078,2659023,2659023,0,0,1,37.05,8640,65537,HYBRID_CORRELATED,1,25.439295,E7:012:E1_TEST_DOS_01
12,10,E1_TEST_DOS_02,2026-09-21T13:28:58.932321Z,2026-09-21T13:29:35.991546Z,1789997338.932321,1789997375.991546,2648088,2648088,0,0,1,36.96,60710,65537,HYBRID_CORRELATED,1,1e-06,E7:012:E1_TEST_DOS_02
12,11,E1_TEST_DOS_03,2026-09-21T13:29:53.456793Z,2026-09-21T13:30:30.201874Z,1789997393.456793,1789997430.201874,2600786,2600786,0,0,1,36.69,95806,65537,HYBRID_CORRELATED,1,0.0,E7:012:E1_TEST_DOS_03
12,12,E1_TEST_EXPLOIT_01,2026-09-21T13:30:55.164875Z,2026-09-21T13:31:09.282026Z,1789997455.164875,1789997469.282026,23669,23666,3,0,1,14.02,0,2318,RF_ONLY_REVIEW,0,,E7:012:E1_TEST_EXPLOIT_01
12,13,E1_TEST_EXPLOIT_02,2026-09-21T13:31:09.866257Z,2026-09-21T13:31:19.414158Z,1789997469.866257,1789997479.414158,20747,20747,0,0,1,9.46,0,2072,RF_ONLY_REVIEW,0,,E7:012:E1_TEST_EXPLOIT_02
12,14,E1_TEST_EXPLOIT_03,2026-09-21T13:31:19.984849Z,2026-09-21T13:43:33.768131Z,1789997479.984849,1789998213.768131,71525,71523,2,0,1,733.71,0,21,RF_ONLY_REVIEW,0,,E7:012:E1_TEST_EXPLOIT_03
13,0,E1_TEST_NORMAL_01,2026-09-21T13:43:34.713615Z,2026-09-21T13:44:04.455911Z,1789998214.713615,1789998244.455911,333,333,0,0,1,29.62,0,31,RF_ONLY_REVIEW,0,,E7:013:E1_TEST_NORMAL_01
13,1,E1_TEST_NORMAL_02,2026-09-21T13:44:04.957704Z,2026-09-21T13:44:34.724906Z,1789998244.957704,1789998274.724906,333,333,0,0,1,29.68,0,31,RF_ONLY_REVIEW,0,,E7:013:E1_TEST_NORMAL_02
13,2,E1_TEST_NORMAL_03,2026-09-21T13:44:35.226632Z,2026-09-21T13:45:05.242863Z,1789998275.226632,1789998305.242863,336,336,0,0,1,29.93,0,31,RF_ONLY_REVIEW,0,,E7:013:E1_TEST_NORMAL_03
13,3,E1_TEST_SCAN_01,2026-09-21T13:45:05.744717Z,2026-09-21T13:45:06.452965Z,1789998305.744717,1789998306.452965,1729,1729,0,0,1,0.623965,0,845,RF_ONLY_REVIEW,0,,E7:013:E1_TEST_SCAN_01
13,4,E1_TEST_SCAN_02,2026-09-21T13:45:06.958920Z,2026-09-21T13:45:07.571840Z,1789998306.958920,1789998307.571840,1715,1715,0,0,1,0.558404,0,837,RF_ONLY_REVIEW,0,,E7:013:E1_TEST_SCAN_02
13,5,E1_TEST_SCAN_03,2026-09-21T13:45:08.075100Z,2026-09-21T13:45:09.700912Z,1789998308.075100,1789998309.700912,1760,1760,0,0,1,1.55,0,861,RF_ONLY_REVIEW,0,,E7:013:E1_TEST_SCAN_03
13,6,E1_TEST_BRUTE_01,2026-09-21T13:45:10.204205Z,2026-09-21T13:45:21.481848Z,1789998310.204205,1789998321.481848,207,207,0,0,1,11.2,0,6,RF_ONLY_REVIEW,0,,E7:013:E1_TEST_BRUTE_01
13,7,E1_TEST_BRUTE_02,2026-09-21T13:45:21.983030Z,2026-09-21T13:45:33.125128Z,1789998321.983030,1789998333.125128,216,216,0,0,1,11.06,0,6,RF_ONLY_REVIEW,0,,E7:013:E1_TEST_BRUTE_02
13,8,E1_TEST_BRUTE_03,2026-09-21T13:45:33.627298Z,2026-09-21T13:45:44.791996Z,1789998333.627298,1789998344.791996,214,214,0,0,1,11.1,0,6,RF_ONLY_REVIEW,0,,E7:013:E1_TEST_BRUTE_03
13,9,E1_TEST_DOS_01,2026-09-21T13:45:45.293200Z,2026-09-21T13:46:22.485025Z,1789998345.293200,1789998382.485025,2659023,2659023,0,0,1,37.11,8640,65537,HYBRID_CORRELATED,1,25.487675,E7:013:E1_TEST_DOS_01
13,10,E1_TEST_DOS_02,2026-09-21T13:46:28.679862Z,2026-09-21T13:47:05.707853Z,1789998388.679862,1789998425.707853,2648088,2648088,0,0,1,36.95,60710,65537,HYBRID_CORRELATED,1,0.0,E7:013:E1_TEST_DOS_02
13,11,E1_TEST_DOS_03,2026-09-21T13:47:23.162531Z,2026-09-21T13:48:00.016090Z,1789998443.162531,1789998480.016090,2600786,2600786,0,0,1,36.76,95966,65537,HYBRID_CORRELATED,1,0.0,E7:013:E1_TEST_DOS_03
13,12,E1_TEST_EXPLOIT_01,2026-09-21T13:48:24.971752Z,2026-09-21T13:48:39.080045Z,1789998504.971752,1789998519.080045,23669,23666,3,0,1,14.02,0,2318,RF_ONLY_REVIEW,0,,E7:013:E1_TEST_EXPLOIT_01
13,13,E1_TEST_EXPLOIT_02,2026-09-21T13:48:39.660912Z,2026-09-21T13:48:49.201133Z,1789998519.660912,1789998529.201133,20747,20747,0,0,1,9.46,0,2072,RF_ONLY_REVIEW,0,,E7:013:E1_TEST_EXPLOIT_02
13,14,E1_TEST_EXPLOIT_03,2026-09-21T13:48:49.770281Z,2026-09-21T14:01:03.554918Z,1789998529.770281,1789999263.554918,71525,71523,2,0,1,733.7,0,21,RF_ONLY_REVIEW,0,,E7:013:E1_TEST_EXPLOIT_03
14,0,E1_TEST_NORMAL_01,2026-09-21T14:01:04.511550Z,2026-09-21T14:01:34.189825Z,1789999264.511550,1789999294.189825,333,333,0,0,1,29.62,0,31,RF_ONLY_REVIEW,0,,E7:014:E1_TEST_NORMAL_01
14,1,E1_TEST_NORMAL_02,2026-09-21T14:01:34.691612Z,2026-09-21T14:02:04.458917Z,1789999294.691612,1789999324.458917,333,333,0,0,1,29.68,0,31,RF_ONLY_REVIEW,0,,E7:014:E1_TEST_NORMAL_02
14,2,E1_TEST_NORMAL_03,2026-09-21T14:02:04.962114Z,2026-09-21T14:02:34.978942Z,1789999324.962114,1789999354.978942,336,336,0,0,1,29.93,0,31,RF_ONLY_REVIEW,0,,E7:014:E1_TEST_NORMAL_03
14,3,E1_TEST_SCAN_01,2026-09-21T14:02:35.480839Z,2026-09-21T14:02:36.174036Z,1789999355.480839,1789999356.174036,1729,1729,0,0,1,0.624578,0,845,RF_ONLY_REVIEW,0,,E7:014:E1_TEST_SCAN_01
14,4,E1_TEST_SCAN_02,2026-09-21T14:02:36.679751Z,2026-09-21T14:02:37.305934Z,1789999356.679751,1789999357.305934,1715,1715,0,0,1,0.558871,0,837,RF_ONLY_REVIEW,0,,E7:014:E1_TEST_SCAN_02
14,5,E1_TEST_SCAN_03,2026-09-21T14:02:37.811192Z,2026-09-21T14:02:39.429981Z,1789999357.811192,1789999359.429981,1760,1760,0,0,1,1.55,0,861,RF_ONLY_REVIEW,0,,E7:014:E1_TEST_SCAN_03
14,6,E1_TEST_BRUTE_01,2026-09-21T14:02:39.933898Z,2026-09-21T14:02:51.214903Z,1789999359.933898,1789999371.214903,207,207,0,0,1,11.2,0,6,RF_ONLY_REVIEW,0,,E7:014:E1_TEST_BRUTE_01
14,7,E1_TEST_BRUTE_02,2026-09-21T14:02:51.716197Z,2026-09-21T14:03:02.857013Z,1789999371.716197,1789999382.857013,216,216,0,0,1,11.06,0,6,RF_ONLY_REVIEW,0,,E7:014:E1_TEST_BRUTE_02
14,8,E1_TEST_BRUTE_03,2026-09-21T14:03:03.358291Z,2026-09-21T14:03:14.548913Z,1789999383.358291,1789999394.548913,214,214,0,0,1,11.1,0,6,RF_ONLY_REVIEW,0,,E7:014:E1_TEST_BRUTE_03
14,9,E1_TEST_DOS_01,2026-09-21T14:03:15.050099Z,2026-09-21T14:03:52.252638Z,1789999395.050099,1789999432.252638,2659023,2659023,0,0,1,37.12,8710,65537,HYBRID_CORRELATED,1,25.27188,E7:014:E1_TEST_DOS_01
14,10,E1_TEST_DOS_02,2026-09-21T14:03:58.464356Z,2026-09-21T14:04:35.531813Z,1789999438.464356,1789999475.531813,2648088,2648088,0,0,1,36.99,60990,65537,HYBRID_CORRELATED,1,1e-06,E7:014:E1_TEST_DOS_02
14,11,E1_TEST_DOS_03,2026-09-21T14:04:53.057159Z,2026-09-21T14:05:29.850658Z,1789999493.057159,1789999529.850658,2600786,2600786,0,0,1,36.71,96072,65537,HYBRID_CORRELATED,1,0.0,E7:014:E1_TEST_DOS_03
14,12,E1_TEST_EXPLOIT_01,2026-09-21T14:05:54.820958Z,2026-09-21T14:06:08.943063Z,1789999554.820958,1789999568.943063,23669,23666,3,0,1,14.02,0,2318,RF_ONLY_REVIEW,0,,E7:014:E1_TEST_EXPLOIT_01
14,13,E1_TEST_EXPLOIT_02,2026-09-21T14:06:09.526349Z,2026-09-21T14:06:19.064984Z,1789999569.526349,1789999579.064984,20747,20747,0,0,1,9.46,0,2072,RF_ONLY_REVIEW,0,,E7:014:E1_TEST_EXPLOIT_02
14,14,E1_TEST_EXPLOIT_03,2026-09-21T14:06:19.633953Z,2026-09-21T14:18:33.436817Z,1789999579.633953,1790000313.436817,71525,71523,2,0,1,733.7,0,21,RF_ONLY_REVIEW,0,,E7:014:E1_TEST_EXPLOIT_03
15,0,E1_TEST_NORMAL_01,2026-09-21T14:18:34.385443Z,2026-09-21T14:19:04.082888Z,1790000314.385443,1790000344.082888,333,333,0,0,1,29.62,0,31,RF_ONLY_REVIEW,0,,E7:015:E1_TEST_NORMAL_01
15,1,E1_TEST_NORMAL_02,2026-09-21T14:19:04.585912Z,2026-09-21T14:19:34.329880Z,1790000344.585912,1790000374.329880,333,333,0,0,1,29.68,0,31,RF_ONLY_REVIEW,0,,E7:015:E1_TEST_NORMAL_02
15,2,E1_TEST_NORMAL_03,2026-09-21T14:19:34.832970Z,2026-09-21T14:20:04.851933Z,1790000374.832970,1790000404.851933,336,336,0,0,1,29.93,0,31,RF_ONLY_REVIEW,0,,E7:015:E1_TEST_NORMAL_03
15,3,E1_TEST_SCAN_01,2026-09-21T14:20:05.353783Z,2026-09-21T14:20:06.044990Z,1790000405.353783,1790000406.044990,1729,1729,0,0,1,0.624655,0,845,RF_ONLY_REVIEW,0,,E7:015:E1_TEST_SCAN_01
15,4,E1_TEST_SCAN_02,2026-09-21T14:20:06.548256Z,2026-09-21T14:20:07.184005Z,1790000406.548256,1790000407.184005,1715,1715,0,0,1,0.558224,0,837,RF_ONLY_REVIEW,0,,E7:015:E1_TEST_SCAN_02
15,5,E1_TEST_SCAN_03,2026-09-21T14:20:07.687299Z,2026-09-21T14:20:09.307009Z,1790000407.687299,1790000409.307009,1760,1760,0,0,1,1.55,0,861,RF_ONLY_REVIEW,0,,E7:015:E1_TEST_SCAN_03
15,6,E1_TEST_BRUTE_01,2026-09-21T14:20:09.810279Z,2026-09-21T14:20:21.090832Z,1790000409.810279,1790000421.090832,207,207,0,0,1,11.2,0,6,RF_ONLY_REVIEW,0,,E7:015:E1_TEST_BRUTE_01
15,7,E1_TEST_BRUTE_02,2026-09-21T14:20:21.592058Z,2026-09-21T14:20:32.736952Z,1790000421.592058,1790000432.736952,216,216,0,0,1,11.06,0,6,RF_ONLY_REVIEW,0,,E7:015:E1_TEST_BRUTE_02
15,8,E1_TEST_BRUTE_03,2026-09-21T14:20:33.238158Z,2026-09-21T14:20:44.399949Z,1790000433.238158,1790000444.399949,214,214,0,0,1,11.1,0,6,RF_ONLY_REVIEW,0,,E7:015:E1_TEST_BRUTE_03
15,9,E1_TEST_DOS_01,2026-09-21T14:20:44.901197Z,2026-09-21T14:21:22.104245Z,1790000444.901197,1790000482.104245,2659023,2659023,0,0,1,37.12,8640,65537,HYBRID_CORRELATED,1,25.48066,E7:015:E1_TEST_DOS_01
15,10,E1_TEST_DOS_02,2026-09-21T14:21:28.310880Z,2026-09-21T14:22:05.265795Z,1790000488.310880,1790000525.265795,2648088,2648088,0,0,1,36.86,60838,65537,HYBRID_CORRELATED,1,1e-06,E7:015:E1_TEST_DOS_02
15,11,E1_TEST_DOS_03,2026-09-21T14:22:22.876705Z,2026-09-21T14:22:59.747843Z,1790000542.876705,1790000579.747843,2600786,2600786,0,0,1,36.77,96110,65537,HYBRID_CORRELATED,1,0.0,E7:015:E1_TEST_DOS_03
15,12,E1_TEST_EXPLOIT_01,2026-09-21T14:23:24.855481Z,2026-09-21T14:23:38.947978Z,1790000604.855481,1790000618.947978,23669,23666,3,0,1,14.02,0,2318,RF_ONLY_REVIEW,0,,E7:015:E1_TEST_EXPLOIT_01
15,13,E1_TEST_EXPLOIT_02,2026-09-21T14:23:39.530020Z,2026-09-21T14:23:49.065995Z,1790000619.530020,1790000629.065995,20747,20747,0,0,1,9.46,0,2072,RF_ONLY_REVIEW,0,,E7:015:E1_TEST_EXPLOIT_02
15,14,E1_TEST_EXPLOIT_03,2026-09-21T14:23:49.636577Z,2026-09-21T14:36:03.421830Z,1790000629.636577,1790001363.421830,71525,71523,2,0,1,733.7,0,21,RF_ONLY_REVIEW,0,,E7:015:E1_TEST_EXPLOIT_03
16,0,E1_TEST_NORMAL_01,2026-09-21T14:36:04.377948Z,2026-09-21T14:36:34.076852Z,1790001364.377948,1790001394.076852,333,333,0,0,1,29.62,0,31,RF_ONLY_REVIEW,0,,E7:016:E1_TEST_NORMAL_01
16,1,E1_TEST_NORMAL_02,2026-09-21T14:36:34.578623Z,2026-09-21T14:37:04.342855Z,1790001394.578623,1790001424.342855,333,333,0,0,1,29.68,0,31,RF_ONLY_REVIEW,0,,E7:016:E1_TEST_NORMAL_02
16,2,E1_TEST_NORMAL_03,2026-09-21T14:37:04.844680Z,2026-09-21T14:37:34.875906Z,1790001424.844680,1790001454.875906,336,336,0,0,1,29.93,0,31,RF_ONLY_REVIEW,0,,E7:016:E1_TEST_NORMAL_03
16,3,E1_TEST_SCAN_01,2026-09-21T14:37:35.379193Z,2026-09-21T14:37:36.092925Z,1790001455.379193,1790001456.092925,1729,1729,0,0,1,0.624471,0,845,RF_ONLY_REVIEW,0,,E7:016:E1_TEST_SCAN_01
16,4,E1_TEST_SCAN_02,2026-09-21T14:37:36.598903Z,2026-09-21T14:37:37.260892Z,1790001456.598903,1790001457.260892,1715,1715,0,0,1,0.558684,0,837,RF_ONLY_REVIEW,0,,E7:016:E1_TEST_SCAN_02
16,5,E1_TEST_SCAN_03,2026-09-21T14:37:37.765761Z,2026-09-21T14:37:39.406876Z,1790001457.765761,1790001459.406876,1760,1760,0,0,1,1.55,0,861,RF_ONLY_REVIEW,0,,E7:016:E1_TEST_SCAN_03
16,6,E1_TEST_BRUTE_01,2026-09-21T14:37:39.910292Z,2026-09-21T14:37:51.205956Z,1790001459.910292,1790001471.205956,207,207,0,0,1,11.2,0,6,RF_ONLY_REVIEW,0,,E7:016:E1_TEST_BRUTE_01
16,7,E1_TEST_BRUTE_02,2026-09-21T14:37:51.707152Z,2026-09-21T14:38:02.854919Z,1790001471.707152,1790001482.854919,216,216,0,0,1,11.06,0,6,RF_ONLY_REVIEW,0,,E7:016:E1_TEST_BRUTE_02
16,8,E1_TEST_BRUTE_03,2026-09-21T14:38:03.356128Z,2026-09-21T14:38:14.546046Z,1790001483.356128,1790001494.546046,214,214,0,0,1,11.1,0,6,RF_ONLY_REVIEW,0,,E7:016:E1_TEST_BRUTE_03
16,9,E1_TEST_DOS_01,2026-09-21T14:38:15.047998Z,2026-09-21T14:38:52.046398Z,1790001495.047998,1790001532.046398,2659023,2659023,0,0,1,36.9,8640,65537,HYBRID_CORRELATED,1,25.309553,E7:016:E1_TEST_DOS_01
16,10,E1_TEST_DOS_02,2026-09-21T14:38:58.297921Z,2026-09-21T14:39:35.291114Z,1790001538.297921,1790001575.291114,2648088,2648088,0,0,1,36.89,60710,65537,HYBRID_CORRELATED,1,1e-06,E7:016:E1_TEST_DOS_02
16,11,E1_TEST_DOS_03,2026-09-21T14:39:52.838083Z,2026-09-21T14:40:29.720911Z,1790001592.838083,1790001629.720911,2600786,2600786,0,0,1,36.79,95806,65537,HYBRID_CORRELATED,1,1e-06,E7:016:E1_TEST_DOS_03
16,12,E1_TEST_EXPLOIT_01,2026-09-21T14:40:54.773325Z,2026-09-21T14:41:08.883037Z,1790001654.773325,1790001668.883037,23669,23666,3,0,1,14.02,0,2318,RF_ONLY_REVIEW,0,,E7:016:E1_TEST_EXPLOIT_01
16,13,E1_TEST_EXPLOIT_02,2026-09-21T14:41:09.466263Z,2026-09-21T14:41:19.008982Z,1790001669.466263,1790001679.008982,20747,20747,0,0,1,9.46,0,2072,RF_ONLY_REVIEW,0,,E7:016:E1_TEST_EXPLOIT_02
16,14,E1_TEST_EXPLOIT_03,2026-09-21T14:41:19.579604Z,2026-09-21T14:53:33.361905Z,1790001679.579604,1790002413.361905,71525,71523,2,0,1,733.71,0,21,RF_ONLY_REVIEW,0,,E7:016:E1_TEST_EXPLOIT_03
17,0,E1_TEST_NORMAL_01,2026-09-21T14:53:34.315546Z,2026-09-21T14:54:04.018882Z,1790002414.315546,1790002444.018882,333,333,0,0,1,29.62,0,31,RF_ONLY_REVIEW,0,,E7:017:E1_TEST_NORMAL_01
17,1,E1_TEST_NORMAL_02,2026-09-21T14:54:04.521754Z,2026-09-21T14:54:34.285882Z,1790002444.521754,1790002474.285882,333,333,0,0,1,29.68,0,31,RF_ONLY_REVIEW,0,,E7:017:E1_TEST_NORMAL_02
17,2,E1_TEST_NORMAL_03,2026-09-21T14:54:34.788858Z,2026-09-21T14:55:04.796940Z,1790002474.788858,1790002504.796940,336,336,0,0,1,29.93,0,31,RF_ONLY_REVIEW,0,,E7:017:E1_TEST_NORMAL_03
17,3,E1_TEST_SCAN_01,2026-09-21T14:55:05.298769Z,2026-09-21T14:55:06.014904Z,1790002505.298769,1790002506.014904,1729,1729,0,0,1,0.62493,0,845,RF_ONLY_REVIEW,0,,E7:017:E1_TEST_SCAN_01
17,4,E1_TEST_SCAN_02,2026-09-21T14:55:06.518625Z,2026-09-21T14:55:07.183869Z,1790002506.518625,1790002507.183869,1715,1715,0,0,1,0.558485,0,837,RF_ONLY_REVIEW,0,,E7:017:E1_TEST_SCAN_02
17,5,E1_TEST_SCAN_03,2026-09-21T14:55:07.688112Z,2026-09-21T14:55:09.341911Z,1790002507.688112,1790002509.341911,1760,1760,0,0,1,1.55,0,861,RF_ONLY_REVIEW,0,,E7:017:E1_TEST_SCAN_03
17,6,E1_TEST_BRUTE_01,2026-09-21T14:55:09.846202Z,2026-09-21T14:55:21.142888Z,1790002509.846202,1790002521.142888,207,207,0,0,1,11.2,0,6,RF_ONLY_REVIEW,0,,E7:017:E1_TEST_BRUTE_01
17,7,E1_TEST_BRUTE_02,2026-09-21T14:55:21.644069Z,2026-09-21T14:55:32.793866Z,1790002521.644069,1790002532.793866,216,216,0,0,1,11.06,0,6,RF_ONLY_REVIEW,0,,E7:017:E1_TEST_BRUTE_02
17,8,E1_TEST_BRUTE_03,2026-09-21T14:55:33.296021Z,2026-09-21T14:55:44.495804Z,1790002533.296021,1790002544.495804,214,214,0,0,1,11.1,0,6,RF_ONLY_REVIEW,0,,E7:017:E1_TEST_BRUTE_03
17,9,E1_TEST_DOS_01,2026-09-21T14:55:44.997014Z,2026-09-21T14:56:22.216120Z,1790002544.997014,1790002582.216120,2659023,2659023,0,0,1,37.12,8640,65537,HYBRID_CORRELATED,1,25.517936,E7:017:E1_TEST_DOS_01
17,10,E1_TEST_DOS_02,2026-09-21T14:56:28.376811Z,2026-09-21T14:57:05.347018Z,1790002588.376811,1790002625.347018,2648088,2648088,0,0,1,36.87,60710,65537,HYBRID_CORRELATED,1,1e-06,E7:017:E1_TEST_DOS_02
17,11,E1_TEST_DOS_03,2026-09-21T14:57:22.895370Z,2026-09-21T14:57:59.703977Z,1790002642.895370,1790002679.703977,2600786,2600786,0,0,1,36.72,95806,65537,HYBRID_CORRELATED,1,0.0,E7:017:E1_TEST_DOS_03
17,12,E1_TEST_EXPLOIT_01,2026-09-21T14:58:24.597257Z,2026-09-21T14:58:38.711017Z,1790002704.597257,1790002718.711017,23669,23666,3,0,1,14.02,0,2318,RF_ONLY_REVIEW,0,,E7:017:E1_TEST_EXPLOIT_01
17,13,E1_TEST_EXPLOIT_02,2026-09-21T14:58:39.291443Z,2026-09-21T14:58:48.845977Z,1790002719.291443,1790002728.845977,20747,20747,0,0,1,9.46,0,2072,RF_ONLY_REVIEW,0,,E7:017:E1_TEST_EXPLOIT_02
17,14,E1_TEST_EXPLOIT_03,2026-09-21T14:58:49.415042Z,2026-09-21T15:11:03.189903Z,1790002729.415042,1790003463.189903,71525,71523,2,0,1,733.7,0,21,RF_ONLY_REVIEW,0,,E7:017:E1_TEST_EXPLOIT_03
18,0,E1_TEST_NORMAL_01,2026-09-21T15:11:04.140132Z,2026-09-21T15:11:33.834856Z,1790003464.140132,1790003493.834856,333,333,0,0,1,29.62,0,31,RF_ONLY_REVIEW,0,,E7:018:E1_TEST_NORMAL_01
18,1,E1_TEST_NORMAL_02,2026-09-21T15:11:34.338013Z,2026-09-21T15:12:04.106022Z,1790003494.338013,1790003524.106022,333,333,0,0,1,29.68,0,31,RF_ONLY_REVIEW,0,,E7:018:E1_TEST_NORMAL_02
18,2,E1_TEST_NORMAL_03,2026-09-21T15:12:04.608620Z,2026-09-21T15:12:34.612889Z,1790003524.608620,1790003554.612889,336,336,0,0,1,29.93,0,31,RF_ONLY_REVIEW,0,,E7:018:E1_TEST_NORMAL_03
18,3,E1_TEST_SCAN_01,2026-09-21T15:12:35.114716Z,2026-09-21T15:12:35.802963Z,1790003555.114716,1790003555.802963,1729,1729,0,0,1,0.625157,0,845,RF_ONLY_REVIEW,0,,E7:018:E1_TEST_SCAN_01
18,4,E1_TEST_SCAN_02,2026-09-21T15:12:36.306415Z,2026-09-21T15:12:36.944929Z,1790003556.306415,1790003556.944929,1715,1715,0,0,1,0.558762,0,837,RF_ONLY_REVIEW,0,,E7:018:E1_TEST_SCAN_02
18,5,E1_TEST_SCAN_03,2026-09-21T15:12:37.448208Z,2026-09-21T15:12:39.088909Z,1790003557.448208,1790003559.088909,1760,1760,0,0,1,1.55,0,861,RF_ONLY_REVIEW,0,,E7:018:E1_TEST_SCAN_03
18,6,E1_TEST_BRUTE_01,2026-09-21T15:12:39.592261Z,2026-09-21T15:12:50.880862Z,1790003559.592261,1790003570.880862,207,207,0,0,1,11.2,0,6,RF_ONLY_REVIEW,0,,E7:018:E1_TEST_BRUTE_01
18,7,E1_TEST_BRUTE_02,2026-09-21T15:12:51.382079Z,2026-09-21T15:13:02.529917Z,1790003571.382079,1790003582.529917,216,216,0,0,1,11.06,0,6,RF_ONLY_REVIEW,0,,E7:018:E1_TEST_BRUTE_02
18,8,E1_TEST_BRUTE_03,2026-09-21T15:13:03.031847Z,2026-09-21T15:13:14.224816Z,1790003583.031847,1790003594.224816,214,214,0,0,1,11.1,0,6,RF_ONLY_REVIEW,0,,E7:018:E1_TEST_BRUTE_03
18,9,E1_TEST_DOS_01,2026-09-21T15:13:14.726035Z,2026-09-21T15:13:51.772951Z,1790003594.726035,1790003631.772951,2659023,2659023,0,0,1,36.96,8762,65537,HYBRID_CORRELATED,1,20.258214,E7:018:E1_TEST_DOS_01
18,10,E1_TEST_DOS_02,2026-09-21T15:13:57.989615Z,2026-09-21T15:14:35.108622Z,1790003637.989615,1790003675.108622,2648088,2648088,0,0,1,37.02,60990,65537,HYBRID_CORRELATED,1,1e-06,E7:018:E1_TEST_DOS_02
18,11,E1_TEST_DOS_03,2026-09-21T15:14:52.659571Z,2026-09-21T15:15:29.485886Z,1790003692.659571,1790003729.485886,2600786,2600786,0,0,1,36.73,96174,65537,HYBRID_CORRELATED,1,0.0,E7:018:E1_TEST_DOS_03
18,12,E1_TEST_EXPLOIT_01,2026-09-21T15:15:54.534229Z,2026-09-21T15:16:08.646033Z,1790003754.534229,1790003768.646033,23669,23666,3,0,1,14.02,0,2318,RF_ONLY_REVIEW,0,,E7:018:E1_TEST_EXPLOIT_01
18,13,E1_TEST_EXPLOIT_02,2026-09-21T15:16:09.239159Z,2026-09-21T15:16:18.770139Z,1790003769.239159,1790003778.770139,20747,20747,0,0,1,9.47,0,2072,RF_ONLY_REVIEW,0,,E7:018:E1_TEST_EXPLOIT_02
18,14,E1_TEST_EXPLOIT_03,2026-09-21T15:16:19.338756Z,2026-09-21T15:28:33.142863Z,1790003779.338756,1790004513.142863,71525,71523,2,0,1,733.7,0,21,RF_ONLY_REVIEW,0,,E7:018:E1_TEST_EXPLOIT_03
19,0,E1_TEST_NORMAL_01,2026-09-21T15:28:34.094365Z,2026-09-21T15:29:03.804834Z,1790004514.094365,1790004543.804834,333,333,0,0,1,29.62,0,31,RF_ONLY_REVIEW,0,,E7:019:E1_TEST_NORMAL_01
19,1,E1_TEST_NORMAL_02,2026-09-21T15:29:04.307254Z,2026-09-21T15:29:34.075930Z,1790004544.307254,1790004574.075930,333,333,0,0,1,29.68,0,31,RF_ONLY_REVIEW,0,,E7:019:E1_TEST_NORMAL_02
19,2,E1_TEST_NORMAL_03,2026-09-21T15:29:34.578836Z,2026-09-21T15:30:04.578908Z,1790004574.578836,1790004604.578908,336,336,0,0,1,29.93,0,31,RF_ONLY_REVIEW,0,,E7:019:E1_TEST_NORMAL_03
19,3,E1_TEST_SCAN_01,2026-09-21T15:30:05.082187Z,2026-09-21T15:30:05.774983Z,1790004605.082187,1790004605.774983,1729,1729,0,0,1,0.62481,0,845,RF_ONLY_REVIEW,0,,E7:019:E1_TEST_SCAN_01
19,4,E1_TEST_SCAN_02,2026-09-21T15:30:06.278380Z,2026-09-21T15:30:06.919906Z,1790004606.278380,1790004606.919906,1715,1715,0,0,1,0.558771,0,837,RF_ONLY_REVIEW,0,,E7:019:E1_TEST_SCAN_02
19,5,E1_TEST_SCAN_03,2026-09-21T15:30:07.424447Z,2026-09-21T15:30:09.067931Z,1790004607.424447,1790004609.067931,1760,1760,0,0,1,1.55,0,861,RF_ONLY_REVIEW,0,,E7:019:E1_TEST_SCAN_03
19,6,E1_TEST_BRUTE_01,2026-09-21T15:30:09.571355Z,2026-09-21T15:30:20.834848Z,1790004609.571355,1790004620.834848,207,207,0,0,1,11.2,0,6,RF_ONLY_REVIEW,0,,E7:019:E1_TEST_BRUTE_01
19,7,E1_TEST_BRUTE_02,2026-09-21T15:30:21.336079Z,2026-09-21T15:30:32.507859Z,1790004621.336079,1790004632.507859,216,216,0,0,1,11.06,0,6,RF_ONLY_REVIEW,0,,E7:019:E1_TEST_BRUTE_02
19,8,E1_TEST_BRUTE_03,2026-09-21T15:30:33.009105Z,2026-09-21T15:30:44.199929Z,1790004633.009105,1790004644.199929,214,214,0,0,1,11.1,0,6,RF_ONLY_REVIEW,0,,E7:019:E1_TEST_BRUTE_03
19,9,E1_TEST_DOS_01,2026-09-21T15:30:44.701202Z,2026-09-21T15:31:21.837128Z,1790004644.701202,1790004681.837128,2659023,2659023,0,0,1,37.04,8640,65537,HYBRID_CORRELATED,1,25.413954,E7:019:E1_TEST_DOS_01
19,10,E1_TEST_DOS_02,2026-09-21T15:31:28.017866Z,2026-09-21T15:32:05.036903Z,1790004688.017866,1790004725.036903,2648088,2648088,0,0,1,36.92,60710,65537,HYBRID_CORRELATED,1,0.0,E7:019:E1_TEST_DOS_02
19,11,E1_TEST_DOS_03,2026-09-21T15:32:22.503367Z,2026-09-21T15:32:59.404555Z,1790004742.503367,1790004779.404555,2600786,2600786,0,0,1,36.78,96136,65537,HYBRID_CORRELATED,1,0.0,E7:019:E1_TEST_DOS_03
19,12,E1_TEST_EXPLOIT_01,2026-09-21T15:33:24.299918Z,2026-09-21T15:33:38.396139Z,1790004804.299918,1790004818.396139,23669,23666,3,0,1,14.02,0,2318,RF_ONLY_REVIEW,0,,E7:019:E1_TEST_EXPLOIT_01
19,13,E1_TEST_EXPLOIT_02,2026-09-21T15:33:38.981292Z,2026-09-21T15:33:48.572949Z,1790004818.981292,1790004828.572949,20747,20747,0,0,1,9.5,0,2072,RF_ONLY_REVIEW,0,,E7:019:E1_TEST_EXPLOIT_02
19,14,E1_TEST_EXPLOIT_03,2026-09-21T15:33:49.141656Z,2026-09-21T15:46:02.974904Z,1790004829.141656,1790005562.974904,71525,71523,2,0,1,733.75,0,21,RF_ONLY_REVIEW,0,,E7:019:E1_TEST_EXPLOIT_03
20,0,E1_TEST_NORMAL_01,2026-09-21T15:46:03.918946Z,2026-09-21T15:46:33.654839Z,1790005563.918946,1790005593.654839,333,333,0,0,1,29.62,0,31,RF_ONLY_REVIEW,0,,E7:020:E1_TEST_NORMAL_01
20,1,E1_TEST_NORMAL_02,2026-09-21T15:46:34.156554Z,2026-09-21T15:47:03.929907Z,1790005594.156554,1790005623.929907,333,333,0,0,1,29.68,0,31,RF_ONLY_REVIEW,0,,E7:020:E1_TEST_NORMAL_02
20,2,E1_TEST_NORMAL_03,2026-09-21T15:47:04.431759Z,2026-09-21T15:47:34.445909Z,1790005624.431759,1790005654.445909,336,336,0,0,1,29.93,0,31,RF_ONLY_REVIEW,0,,E7:020:E1_TEST_NORMAL_03
20,3,E1_TEST_SCAN_01,2026-09-21T15:47:34.947790Z,2026-09-21T15:47:35.658853Z,1790005654.947790,1790005655.658853,1729,1729,0,0,1,0.624875,0,845,RF_ONLY_REVIEW,0,,E7:020:E1_TEST_SCAN_01
20,4,E1_TEST_SCAN_02,2026-09-21T15:47:36.162105Z,2026-09-21T15:47:36.826862Z,1790005656.162105,1790005656.826862,1715,1715,0,0,1,0.55874,0,837,RF_ONLY_REVIEW,0,,E7:020:E1_TEST_SCAN_02
20,5,E1_TEST_SCAN_03,2026-09-21T15:47:37.330130Z,2026-09-21T15:47:38.978936Z,1790005657.330130,1790005658.978936,1760,1760,0,0,1,1.55,0,861,RF_ONLY_REVIEW,0,,E7:020:E1_TEST_SCAN_03
20,6,E1_TEST_BRUTE_01,2026-09-21T15:47:39.482273Z,2026-09-21T15:47:50.767870Z,1790005659.482273,1790005670.767870,207,207,0,0,1,11.2,0,6,RF_ONLY_REVIEW,0,,E7:020:E1_TEST_BRUTE_01
20,7,E1_TEST_BRUTE_02,2026-09-21T15:47:51.269150Z,2026-09-21T15:48:02.429049Z,1790005671.269150,1790005682.429049,216,216,0,0,1,11.06,0,6,RF_ONLY_REVIEW,0,,E7:020:E1_TEST_BRUTE_02
20,8,E1_TEST_BRUTE_03,2026-09-21T15:48:02.931139Z,2026-09-21T15:48:14.107883Z,1790005682.931139,1790005694.107883,214,214,0,0,1,11.1,0,6,RF_ONLY_REVIEW,0,,E7:020:E1_TEST_BRUTE_03
20,9,E1_TEST_DOS_01,2026-09-21T15:48:14.609731Z,2026-09-21T15:48:51.689861Z,1790005694.609731,1790005731.689861,2659023,2659023,0,0,1,37.0,8640,65537,HYBRID_CORRELATED,1,25.372571,E7:020:E1_TEST_DOS_01
20,10,E1_TEST_DOS_02,2026-09-21T15:48:57.916536Z,2026-09-21T15:49:34.812722Z,1790005737.916536,1790005774.812722,2648088,2648088,0,0,1,36.81,60710,65537,HYBRID_CORRELATED,1,1e-06,E7:020:E1_TEST_DOS_02
20,11,E1_TEST_DOS_03,2026-09-21T15:49:52.475055Z,2026-09-21T15:50:29.343017Z,1790005792.475055,1790005829.343017,2600786,2600786,0,0,1,36.77,95806,65537,HYBRID_CORRELATED,1,0.0,E7:020:E1_TEST_DOS_03
20,12,E1_TEST_EXPLOIT_01,2026-09-21T15:50:54.252736Z,2026-09-21T15:51:08.367055Z,1790005854.252736,1790005868.367055,23669,23666,3,0,1,14.02,0,2318,RF_ONLY_REVIEW,0,,E7:020:E1_TEST_EXPLOIT_01
20,13,E1_TEST_EXPLOIT_02,2026-09-21T15:51:08.947664Z,2026-09-21T15:51:18.471980Z,1790005868.947664,1790005878.471980,20747,20747,0,0,1,9.47,0,2072,RF_ONLY_REVIEW,0,,E7:020:E1_TEST_EXPLOIT_02
20,14,E1_TEST_EXPLOIT_03,2026-09-21T15:51:19.051865Z,2026-09-21T16:03:32.819957Z,1790005879.051865,1790006612.819957,71525,71523,2,0,1,733.71,0,21,RF_ONLY_REVIEW,0,,E7:020:E1_TEST_EXPLOIT_03
21,0,E1_TEST_NORMAL_01,2026-09-21T16:03:33.768869Z,2026-09-21T16:04:03.472919Z,1790006613.768869,1790006643.472919,333,333,0,0,1,29.62,0,31,RF_ONLY_REVIEW,0,,E7:021:E1_TEST_NORMAL_01
21,1,E1_TEST_NORMAL_02,2026-09-21T16:04:03.975958Z,2026-09-21T16:04:33.750065Z,1790006643.975958,1790006673.750065,333,333,0,0,1,29.68,0,31,RF_ONLY_REVIEW,0,,E7:021:E1_TEST_NORMAL_02
21,2,E1_TEST_NORMAL_03,2026-09-21T16:04:34.253067Z,2026-09-21T16:05:04.261983Z,1790006674.253067,1790006704.261983,336,336,0,0,1,29.93,0,31,RF_ONLY_REVIEW,0,,E7:021:E1_TEST_NORMAL_03
21,3,E1_TEST_SCAN_01,2026-09-21T16:05:04.763879Z,2026-09-21T16:05:05.500977Z,1790006704.763879,1790006705.500977,1729,1729,0,0,1,0.668456,0,845,RF_ONLY_REVIEW,0,,E7:021:E1_TEST_SCAN_01
21,4,E1_TEST_SCAN_02,2026-09-21T16:05:06.006876Z,2026-09-21T16:05:06.654917Z,1790006706.006876,1790006706.654917,1715,1715,0,0,1,0.558717,0,837,RF_ONLY_REVIEW,0,,E7:021:E1_TEST_SCAN_02
21,5,E1_TEST_SCAN_03,2026-09-21T16:05:07.159948Z,2026-09-21T16:05:08.799920Z,1790006707.159948,1790006708.799920,1760,1760,0,0,1,1.55,0,861,RF_ONLY_REVIEW,0,,E7:021:E1_TEST_SCAN_03
21,6,E1_TEST_BRUTE_01,2026-09-21T16:05:09.306112Z,2026-09-21T16:05:20.640835Z,1790006709.306112,1790006720.640835,207,207,0,0,1,11.2,0,6,RF_ONLY_REVIEW,0,,E7:021:E1_TEST_BRUTE_01
21,7,E1_TEST_BRUTE_02,2026-09-21T16:05:21.142898Z,2026-09-21T16:05:32.354883Z,1790006721.142898,1790006732.354883,216,216,0,0,1,11.06,0,6,RF_ONLY_REVIEW,0,,E7:021:E1_TEST_BRUTE_02
21,8,E1_TEST_BRUTE_03,2026-09-21T16:05:32.856171Z,2026-09-21T16:05:44.054977Z,1790006732.856171,1790006744.054977,214,214,0,0,1,11.1,0,6,RF_ONLY_REVIEW,0,,E7:021:E1_TEST_BRUTE_03
21,9,E1_TEST_DOS_01,2026-09-21T16:05:44.556186Z,2026-09-21T16:06:21.697690Z,1790006744.556186,1790006781.697690,2659023,2659023,0,0,1,37.01,8640,65537,HYBRID_CORRELATED,1,25.482314,E7:021:E1_TEST_DOS_01
21,10,E1_TEST_DOS_02,2026-09-21T16:06:27.928964Z,2026-09-21T16:07:05.105542Z,1790006787.928964,1790006825.105542,2648088,2648088,0,0,1,37.09,60710,65537,HYBRID_CORRELATED,1,1e-06,E7:021:E1_TEST_DOS_02
21,11,E1_TEST_DOS_03,2026-09-21T16:07:22.493271Z,2026-09-21T16:07:59.728490Z,1790006842.493271,1790006879.728490,2600786,2600786,0,0,1,37.11,95806,65537,HYBRID_CORRELATED,1,0.0,E7:021:E1_TEST_DOS_03
21,12,E1_TEST_EXPLOIT_01,2026-09-21T16:08:24.610150Z,2026-09-21T16:08:38.804173Z,1790006904.610150,1790006918.804173,23669,23666,3,0,1,14.1,0,2318,RF_ONLY_REVIEW,0,,E7:021:E1_TEST_EXPLOIT_01
21,13,E1_TEST_EXPLOIT_02,2026-09-21T16:08:39.385458Z,2026-09-21T16:08:48.955975Z,1790006919.385458,1790006928.955975,20747,20747,0,0,1,9.5,0,2072,RF_ONLY_REVIEW,0,,E7:021:E1_TEST_EXPLOIT_02
21,14,E1_TEST_EXPLOIT_03,2026-09-21T16:08:49.531889Z,2026-09-21T16:21:03.313881Z,1790006929.531889,1790007663.313881,71525,71523,2,0,1,733.71,0,21,RF_ONLY_REVIEW,0,,E7:021:E1_TEST_EXPLOIT_03
22,0,E1_TEST_NORMAL_01,2026-09-21T16:21:04.266870Z,2026-09-21T16:21:33.972866Z,1790007664.266870,1790007693.972866,333,333,0,0,1,29.62,0,31,RF_ONLY_REVIEW,0,,E7:022:E1_TEST_NORMAL_01
22,1,E1_TEST_NORMAL_02,2026-09-21T16:21:34.474659Z,2026-09-21T16:22:04.240874Z,1790007694.474659,1790007724.240874,333,333,0,0,1,29.68,0,31,RF_ONLY_REVIEW,0,,E7:022:E1_TEST_NORMAL_02
22,2,E1_TEST_NORMAL_03,2026-09-21T16:22:04.742659Z,2026-09-21T16:22:34.753959Z,1790007724.742659,1790007754.753959,336,336,0,0,1,29.93,0,31,RF_ONLY_REVIEW,0,,E7:022:E1_TEST_NORMAL_03
22,3,E1_TEST_SCAN_01,2026-09-21T16:22:35.255757Z,2026-09-21T16:22:35.956884Z,1790007755.255757,1790007755.956884,1729,1729,0,0,1,0.625016,0,845,RF_ONLY_REVIEW,0,,E7:022:E1_TEST_SCAN_01
22,4,E1_TEST_SCAN_02,2026-09-21T16:22:36.462490Z,2026-09-21T16:22:37.081903Z,1790007756.462490,1790007757.081903,1715,1715,0,0,1,0.558888,0,837,RF_ONLY_REVIEW,0,,E7:022:E1_TEST_SCAN_02
22,5,E1_TEST_SCAN_03,2026-09-21T16:22:37.586461Z,2026-09-21T16:22:39.207840Z,1790007757.586461,1790007759.207840,1760,1760,0,0,1,1.55,0,861,RF_ONLY_REVIEW,0,,E7:022:E1_TEST_SCAN_03
22,6,E1_TEST_BRUTE_01,2026-09-21T16:22:39.711214Z,2026-09-21T16:22:50.987850Z,1790007759.711214,1790007770.987850,207,207,0,0,1,11.2,0,6,RF_ONLY_REVIEW,0,,E7:022:E1_TEST_BRUTE_01
22,7,E1_TEST_BRUTE_02,2026-09-21T16:22:51.489174Z,2026-09-21T16:23:02.639880Z,1790007771.489174,1790007782.639880,216,216,0,0,1,11.06,0,6,RF_ONLY_REVIEW,0,,E7:022:E1_TEST_BRUTE_02
22,8,E1_TEST_BRUTE_03,2026-09-21T16:23:03.141161Z,2026-09-21T16:23:14.315831Z,1790007783.141161,1790007794.315831,214,214,0,0,1,11.1,0,6,RF_ONLY_REVIEW,0,,E7:022:E1_TEST_BRUTE_03
22,9,E1_TEST_DOS_01,2026-09-21T16:23:14.817077Z,2026-09-21T16:23:51.867876Z,1790007794.817077,1790007831.867876,2659023,2659023,0,0,1,36.96,8640,65537,HYBRID_CORRELATED,1,25.352233,E7:022:E1_TEST_DOS_01
22,10,E1_TEST_DOS_02,2026-09-21T16:23:58.084575Z,2026-09-21T16:24:35.156578Z,1790007838.084575,1790007875.156578,2648088,2648088,0,0,1,36.96,60710,65537,HYBRID_CORRELATED,1,1e-06,E7:022:E1_TEST_DOS_02
22,11,E1_TEST_DOS_03,2026-09-21T16:24:52.674475Z,2026-09-21T16:25:29.600712Z,1790007892.674475,1790007929.600712,2600786,2600786,0,0,1,36.82,94956,65537,HYBRID_CORRELATED,1,0.0,E7:022:E1_TEST_DOS_03
22,12,E1_TEST_EXPLOIT_01,2026-09-21T16:25:54.297162Z,2026-09-21T16:26:08.388918Z,1790007954.297162,1790007968.388918,23669,23666,3,0,1,14.02,0,2318,RF_ONLY_REVIEW,0,,E7:022:E1_TEST_EXPLOIT_01
22,13,E1_TEST_EXPLOIT_02,2026-09-21T16:26:08.970793Z,2026-09-21T16:26:18.516109Z,1790007968.970793,1790007978.516109,20747,20747,0,0,1,9.47,0,2072,RF_ONLY_REVIEW,0,,E7:022:E1_TEST_EXPLOIT_02
22,14,E1_TEST_EXPLOIT_03,2026-09-21T16:26:19.089075Z,2026-09-21T16:38:32.876975Z,1790007979.089075,1790008712.876975,71525,71523,2,0,1,733.7,0,21,RF_ONLY_REVIEW,0,,E7:022:E1_TEST_EXPLOIT_03
23,0,E1_TEST_NORMAL_01,2026-09-21T16:38:33.829878Z,2026-09-21T16:39:03.526905Z,1790008713.829878,1790008743.526905,333,333,0,0,1,29.62,0,31,RF_ONLY_REVIEW,0,,E7:023:E1_TEST_NORMAL_01
23,1,E1_TEST_NORMAL_02,2026-09-21T16:39:04.028685Z,2026-09-21T16:39:33.797872Z,1790008744.028685,1790008773.797872,333,333,0,0,1,29.68,0,31,RF_ONLY_REVIEW,0,,E7:023:E1_TEST_NORMAL_02
23,2,E1_TEST_NORMAL_03,2026-09-21T16:39:34.299635Z,2026-09-21T16:40:04.312835Z,1790008774.299635,1790008804.312835,336,336,0,0,1,29.93,0,31,RF_ONLY_REVIEW,0,,E7:023:E1_TEST_NORMAL_03
23,3,E1_TEST_SCAN_01,2026-09-21T16:40:04.814764Z,2026-09-21T16:40:05.525850Z,1790008804.814764,1790008805.525850,1729,1729,0,0,1,0.624972,0,845,RF_ONLY_REVIEW,0,,E7:023:E1_TEST_SCAN_01
23,4,E1_TEST_SCAN_02,2026-09-21T16:40:06.029155Z,2026-09-21T16:40:06.678916Z,1790008806.029155,1790008806.678916,1715,1715,0,0,1,0.559321,0,837,RF_ONLY_REVIEW,0,,E7:023:E1_TEST_SCAN_02
23,5,E1_TEST_SCAN_03,2026-09-21T16:40:07.183218Z,2026-09-21T16:40:08.814864Z,1790008807.183218,1790008808.814864,1760,1760,0,0,1,1.55,0,861,RF_ONLY_REVIEW,0,,E7:023:E1_TEST_SCAN_03
23,6,E1_TEST_BRUTE_01,2026-09-21T16:40:09.320304Z,2026-09-21T16:40:20.612779Z,1790008809.320304,1790008820.612779,207,207,0,0,1,11.2,0,6,RF_ONLY_REVIEW,0,,E7:023:E1_TEST_BRUTE_01
23,7,E1_TEST_BRUTE_02,2026-09-21T16:40:21.114063Z,2026-09-21T16:40:32.234882Z,1790008821.114063,1790008832.234882,216,216,0,0,1,11.06,0,6,RF_ONLY_REVIEW,0,,E7:023:E1_TEST_BRUTE_02
23,8,E1_TEST_BRUTE_03,2026-09-21T16:40:32.736107Z,2026-09-21T16:40:43.917849Z,1790008832.736107,1790008843.917849,214,214,0,0,1,11.1,0,6,RF_ONLY_REVIEW,0,,E7:023:E1_TEST_BRUTE_03
23,9,E1_TEST_DOS_01,2026-09-21T16:40:44.419127Z,2026-09-21T16:41:21.323665Z,1790008844.419127,1790008881.323665,2659023,2659023,0,0,1,36.82,8796,65537,HYBRID_CORRELATED,1,10.789263,E7:023:E1_TEST_DOS_01
23,10,E1_TEST_DOS_02,2026-09-21T16:41:27.548282Z,2026-09-21T16:42:04.547357Z,1790008887.548282,1790008924.547357,2648088,2648088,0,0,1,36.91,60950,65537,HYBRID_CORRELATED,1,1e-06,E7:023:E1_TEST_DOS_02
23,11,E1_TEST_DOS_03,2026-09-21T16:42:22.125744Z,2026-09-21T16:42:58.956074Z,1790008942.125744,1790008978.956074,2600786,2600786,0,0,1,36.73,96034,65537,HYBRID_CORRELATED,1,0.0,E7:023:E1_TEST_DOS_03
23,12,E1_TEST_EXPLOIT_01,2026-09-21T16:43:23.866547Z,2026-09-21T16:43:37.990079Z,1790009003.866547,1790009017.990079,23669,23666,3,0,1,14.02,0,2318,RF_ONLY_REVIEW,0,,E7:023:E1_TEST_EXPLOIT_01
23,13,E1_TEST_EXPLOIT_02,2026-09-21T16:43:38.570673Z,2026-09-21T16:43:48.106011Z,1790009018.570673,1790009028.106011,20747,20747,0,0,1,9.46,0,2072,RF_ONLY_REVIEW,0,,E7:023:E1_TEST_EXPLOIT_02
23,14,E1_TEST_EXPLOIT_03,2026-09-21T16:43:48.677418Z,2026-09-21T16:56:02.478832Z,1790009028.677418,1790009762.478832,71525,71523,2,0,1,733.71,0,21,RF_ONLY_REVIEW,0,,E7:023:E1_TEST_EXPLOIT_03
24,0,E1_TEST_NORMAL_01,2026-09-21T16:56:03.428409Z,2026-09-21T16:56:33.139830Z,1790009763.428409,1790009793.139830,333,333,0,0,1,29.62,0,31,RF_ONLY_REVIEW,0,,E7:024:E1_TEST_NORMAL_01
24,1,E1_TEST_NORMAL_02,2026-09-21T16:56:33.641567Z,2026-09-21T16:57:03.409053Z,1790009793.641567,1790009823.409053,333,333,0,0,1,29.68,0,31,RF_ONLY_REVIEW,0,,E7:024:E1_TEST_NORMAL_02
24,2,E1_TEST_NORMAL_03,2026-09-21T16:57:03.910783Z,2026-09-21T16:57:33.918988Z,1790009823.910783,1790009853.918988,336,336,0,0,1,29.93,0,31,RF_ONLY_REVIEW,0,,E7:024:E1_TEST_NORMAL_03
24,3,E1_TEST_SCAN_01,2026-09-21T16:57:34.421307Z,2026-09-21T16:57:35.133024Z,1790009854.421307,1790009855.133024,1729,1729,0,0,1,0.624534,0,845,RF_ONLY_REVIEW,0,,E7:024:E1_TEST_SCAN_01
24,4,E1_TEST_SCAN_02,2026-09-21T16:57:35.636281Z,2026-09-21T16:57:36.250900Z,1790009855.636281,1790009856.250900,1715,1715,0,0,1,0.55905,0,837,RF_ONLY_REVIEW,0,,E7:024:E1_TEST_SCAN_02
24,5,E1_TEST_SCAN_03,2026-09-21T16:57:36.754144Z,2026-09-21T16:57:38.375922Z,1790009856.754144,1790009858.375922,1760,1760,0,0,1,1.55,0,861,RF_ONLY_REVIEW,0,,E7:024:E1_TEST_SCAN_03
24,6,E1_TEST_BRUTE_01,2026-09-21T16:57:38.879166Z,2026-09-21T16:57:50.162904Z,1790009858.879166,1790009870.162904,207,207,0,0,1,11.2,0,6,RF_ONLY_REVIEW,0,,E7:024:E1_TEST_BRUTE_01
24,7,E1_TEST_BRUTE_02,2026-09-21T16:57:50.664129Z,2026-09-21T16:58:01.802832Z,1790009870.664129,1790009881.802832,216,216,0,0,1,11.06,0,6,RF_ONLY_REVIEW,0,,E7:024:E1_TEST_BRUTE_02
24,8,E1_TEST_BRUTE_03,2026-09-21T16:58:02.304640Z,2026-09-21T16:58:13.491860Z,1790009882.304640,1790009893.491860,214,214,0,0,1,11.1,0,6,RF_ONLY_REVIEW,0,,E7:024:E1_TEST_BRUTE_03
24,9,E1_TEST_DOS_01,2026-09-21T16:58:13.994003Z,2026-09-21T16:58:51.047526Z,1790009893.994003,1790009931.047526,2659023,2659023,0,0,1,36.95,8640,65537,HYBRID_CORRELATED,1,25.362913,E7:024:E1_TEST_DOS_01
24,10,E1_TEST_DOS_02,2026-09-21T16:58:57.275398Z,2026-09-21T16:59:34.258214Z,1790009937.275398,1790009974.258214,2648088,2648088,0,0,1,36.91,60710,65537,HYBRID_CORRELATED,1,1e-06,E7:024:E1_TEST_DOS_02
24,11,E1_TEST_DOS_03,2026-09-21T16:59:51.754478Z,2026-09-21T17:00:28.677794Z,1790009991.754478,1790010028.677794,2600786,2600786,0,0,1,36.84,95806,65537,HYBRID_CORRELATED,1,0.0,E7:024:E1_TEST_DOS_03
24,12,E1_TEST_EXPLOIT_01,2026-09-21T17:00:53.561430Z,2026-09-21T17:01:07.676971Z,1790010053.561430,1790010067.676971,23669,23666,3,0,1,14.02,0,2318,RF_ONLY_REVIEW,0,,E7:024:E1_TEST_EXPLOIT_01
24,13,E1_TEST_EXPLOIT_02,2026-09-21T17:01:08.258862Z,2026-09-21T17:01:17.812171Z,1790010068.258862,1790010077.812171,20747,20747,0,0,1,9.46,0,2072,RF_ONLY_REVIEW,0,,E7:024:E1_TEST_EXPLOIT_02
24,14,E1_TEST_EXPLOIT_03,2026-09-21T17:01:18.385571Z,2026-09-21T17:13:32.187969Z,1790010078.385571,1790010812.187969,71525,71523,2,0,1,733.71,0,21,RF_ONLY_REVIEW,0,,E7:024:E1_TEST_EXPLOIT_03
25,0,E1_TEST_NORMAL_01,2026-09-21T17:13:33.145917Z,2026-09-21T17:14:02.847019Z,1790010813.145917,1790010842.847019,333,333,0,0,1,29.62,0,31,RF_ONLY_REVIEW,0,,E7:025:E1_TEST_NORMAL_01
25,1,E1_TEST_NORMAL_02,2026-09-21T17:14:03.349554Z,2026-09-21T17:14:33.111180Z,1790010843.349554,1790010873.111180,333,333,0,0,1,29.68,0,31,RF_ONLY_REVIEW,0,,E7:025:E1_TEST_NORMAL_02
25,2,E1_TEST_NORMAL_03,2026-09-21T17:14:33.612986Z,2026-09-21T17:15:03.621110Z,1790010873.612986,1790010903.621110,336,336,0,0,1,29.93,0,31,RF_ONLY_REVIEW,0,,E7:025:E1_TEST_NORMAL_03
25,3,E1_TEST_SCAN_01,2026-09-21T17:15:04.123061Z,2026-09-21T17:15:04.839878Z,1790010904.123061,1790010904.839878,1729,1729,0,0,1,0.625064,0,845,RF_ONLY_REVIEW,0,,E7:025:E1_TEST_SCAN_01
25,4,E1_TEST_SCAN_02,2026-09-21T17:15:05.343359Z,2026-09-21T17:15:05.973924Z,1790010905.343359,1790010905.973924,1715,1715,0,0,1,0.559157,0,837,RF_ONLY_REVIEW,0,,E7:025:E1_TEST_SCAN_02
25,5,E1_TEST_SCAN_03,2026-09-21T17:15:06.477210Z,2026-09-21T17:15:08.102982Z,1790010906.477210,1790010908.102982,1760,1760,0,0,1,1.55,0,861,RF_ONLY_REVIEW,0,,E7:025:E1_TEST_SCAN_03
25,6,E1_TEST_BRUTE_01,2026-09-21T17:15:08.606481Z,2026-09-21T17:15:19.871980Z,1790010908.606481,1790010919.871980,207,207,0,0,1,11.2,0,6,RF_ONLY_REVIEW,0,,E7:025:E1_TEST_BRUTE_01
25,7,E1_TEST_BRUTE_02,2026-09-21T17:15:20.373302Z,2026-09-21T17:15:31.517856Z,1790010920.373302,1790010931.517856,216,216,0,0,1,11.06,0,6,RF_ONLY_REVIEW,0,,E7:025:E1_TEST_BRUTE_02
25,8,E1_TEST_BRUTE_03,2026-09-21T17:15:32.020053Z,2026-09-21T17:15:43.214873Z,1790010932.020053,1790010943.214873,214,214,0,0,1,11.1,0,6,RF_ONLY_REVIEW,0,,E7:025:E1_TEST_BRUTE_03
25,9,E1_TEST_DOS_01,2026-09-21T17:15:43.716074Z,2026-09-21T17:16:20.897413Z,1790010943.716074,1790010980.897413,2659023,2659023,0,0,1,37.09,8640,65537,HYBRID_CORRELATED,1,25.386436,E7:025:E1_TEST_DOS_01
25,10,E1_TEST_DOS_02,2026-09-21T17:16:27.158165Z,2026-09-21T17:17:04.147924Z,1790010987.158165,1790011024.147924,2648088,2648088,0,0,1,36.89,60710,65537,HYBRID_CORRELATED,1,0.0,E7:025:E1_TEST_DOS_02
25,11,E1_TEST_DOS_03,2026-09-21T17:17:30.386446Z,2026-09-21T17:18:07.275613Z,1790011050.386446,1790011087.275613,2600786,2600786,0,0,1,36.8,95806,65537,HYBRID_CORRELATED,1,0.0,E7:025:E1_TEST_DOS_03
25,12,E1_TEST_EXPLOIT_01,2026-09-21T17:18:32.081299Z,2026-09-21T17:18:46.168972Z,1790011112.081299,1790011126.168972,23669,23666,3,0,1,14.02,0,2318,RF_ONLY_REVIEW,0,,E7:025:E1_TEST_EXPLOIT_01
25,13,E1_TEST_EXPLOIT_02,2026-09-21T17:18:46.748574Z,2026-09-21T17:18:56.301010Z,1790011126.748574,1790011136.301010,20747,20747,0,0,1,9.46,0,2072,RF_ONLY_REVIEW,0,,E7:025:E1_TEST_EXPLOIT_02
25,14,E1_TEST_EXPLOIT_03,2026-09-21T17:18:56.871845Z,2026-09-21T17:31:10.650864Z,1790011136.871845,1790011870.650864,71525,71523,2,0,1,733.71,0,21,RF_ONLY_REVIEW,0,,E7:025:E1_TEST_EXPLOIT_03
26,0,E1_TEST_NORMAL_01,2026-09-21T17:31:11.609597Z,2026-09-21T17:31:41.325999Z,1790011871.609597,1790011901.325999,333,333,0,0,1,29.62,0,31,RF_ONLY_REVIEW,0,,E7:026:E1_TEST_NORMAL_01
26,1,E1_TEST_NORMAL_02,2026-09-21T17:31:41.827906Z,2026-09-21T17:32:11.586817Z,1790011901.827906,1790011931.586817,333,333,0,0,1,29.68,0,31,RF_ONLY_REVIEW,0,,E7:026:E1_TEST_NORMAL_02
26,2,E1_TEST_NORMAL_03,2026-09-21T17:32:12.088790Z,2026-09-21T17:32:42.081960Z,1790011932.088790,1790011962.081960,336,336,0,0,1,29.93,0,31,RF_ONLY_REVIEW,0,,E7:026:E1_TEST_NORMAL_03
26,3,E1_TEST_SCAN_01,2026-09-21T17:32:42.583829Z,2026-09-21T17:32:43.285242Z,1790011962.583829,1790011963.285242,1729,1729,0,0,1,0.625137,0,845,RF_ONLY_REVIEW,0,,E7:026:E1_TEST_SCAN_01
26,4,E1_TEST_SCAN_02,2026-09-21T17:32:43.788475Z,2026-09-21T17:32:44.402952Z,1790011963.788475,1790011964.402952,1715,1715,0,0,1,0.558969,0,837,RF_ONLY_REVIEW,0,,E7:026:E1_TEST_SCAN_02
26,5,E1_TEST_SCAN_03,2026-09-21T17:32:44.908405Z,2026-09-21T17:32:46.540914Z,1790011964.908405,1790011966.540914,1760,1760,0,0,1,1.55,0,861,RF_ONLY_REVIEW,0,,E7:026:E1_TEST_SCAN_03
26,6,E1_TEST_BRUTE_01,2026-09-21T17:32:47.044258Z,2026-09-21T17:32:58.311855Z,1790011967.044258,1790011978.311855,207,207,0,0,1,11.2,0,6,RF_ONLY_REVIEW,0,,E7:026:E1_TEST_BRUTE_01
26,7,E1_TEST_BRUTE_02,2026-09-21T17:32:58.813344Z,2026-09-21T17:33:09.966825Z,1790011978.813344,1790011989.966825,216,216,0,0,1,11.06,0,6,RF_ONLY_REVIEW,0,,E7:026:E1_TEST_BRUTE_02
26,8,E1_TEST_BRUTE_03,2026-09-21T17:33:10.468072Z,2026-09-21T17:33:21.668075Z,1790011990.468072,1790012001.668075,214,214,0,0,1,11.1,0,6,RF_ONLY_REVIEW,0,,E7:026:E1_TEST_BRUTE_03
26,9,E1_TEST_DOS_01,2026-09-21T17:33:22.169269Z,2026-09-21T17:33:59.184176Z,1790012002.169269,1790012039.184176,2659023,2659023,0,0,1,36.93,8640,65537,HYBRID_CORRELATED,1,25.33616,E7:026:E1_TEST_DOS_01
26,10,E1_TEST_DOS_02,2026-09-21T17:34:05.380518Z,2026-09-21T17:34:42.392539Z,1790012045.380518,1790012082.392539,2648088,2648088,0,0,1,36.94,60710,65537,HYBRID_CORRELATED,1,1e-06,E7:026:E1_TEST_DOS_02
26,11,E1_TEST_DOS_03,2026-09-21T17:34:59.806799Z,2026-09-21T17:35:36.623870Z,1790012099.806799,1790012136.623870,2600786,2600786,0,0,1,36.74,95806,65537,HYBRID_CORRELATED,1,1e-06,E7:026:E1_TEST_DOS_03
26,12,E1_TEST_EXPLOIT_01,2026-09-21T17:36:01.672391Z,2026-09-21T17:36:15.789045Z,1790012161.672391,1790012175.789045,23669,23666,3,0,1,14.02,0,2318,RF_ONLY_REVIEW,0,,E7:026:E1_TEST_EXPLOIT_01
26,13,E1_TEST_EXPLOIT_02,2026-09-21T17:36:16.372120Z,2026-09-21T17:36:25.930987Z,1790012176.372120,1790012185.930987,20747,20747,0,0,1,9.46,0,2072,RF_ONLY_REVIEW,0,,E7:026:E1_TEST_EXPLOIT_02
26,14,E1_TEST_EXPLOIT_03,2026-09-21T17:36:26.502481Z,2026-09-21T17:48:40.296808Z,1790012186.502481,1790012920.296808,71525,71523,2,0,1,733.7,0,21,RF_ONLY_REVIEW,0,,E7:026:E1_TEST_EXPLOIT_03
27,0,E1_TEST_NORMAL_01,2026-09-21T17:48:41.247535Z,2026-09-21T17:49:10.961952Z,1790012921.247535,1790012950.961952,333,333,0,0,1,29.62,0,31,RF_ONLY_REVIEW,0,,E7:027:E1_TEST_NORMAL_01
27,1,E1_TEST_NORMAL_02,2026-09-21T17:49:11.464761Z,2026-09-21T17:49:41.237928Z,1790012951.464761,1790012981.237928,333,333,0,0,1,29.68,0,31,RF_ONLY_REVIEW,0,,E7:027:E1_TEST_NORMAL_02
27,2,E1_TEST_NORMAL_03,2026-09-21T17:49:41.741035Z,2026-09-21T17:50:11.755908Z,1790012981.741035,1790013011.755908,336,336,0,0,1,29.93,0,31,RF_ONLY_REVIEW,0,,E7:027:E1_TEST_NORMAL_03
27,3,E1_TEST_SCAN_01,2026-09-21T17:50:12.257781Z,2026-09-21T17:50:12.970889Z,1790013012.257781,1790013012.970889,1729,1729,0,0,1,0.624395,0,845,RF_ONLY_REVIEW,0,,E7:027:E1_TEST_SCAN_01
27,4,E1_TEST_SCAN_02,2026-09-21T17:50:13.475003Z,2026-09-21T17:50:14.097899Z,1790013013.475003,1790013014.097899,1715,1715,0,0,1,0.558644,0,837,RF_ONLY_REVIEW,0,,E7:027:E1_TEST_SCAN_02
27,5,E1_TEST_SCAN_03,2026-09-21T17:50:14.601134Z,2026-09-21T17:50:16.248852Z,1790013014.601134,1790013016.248852,1760,1760,0,0,1,1.55,0,861,RF_ONLY_REVIEW,0,,E7:027:E1_TEST_SCAN_03
27,6,E1_TEST_BRUTE_01,2026-09-21T17:50:16.753493Z,2026-09-21T17:50:28.048894Z,1790013016.753493,1790013028.048894,207,207,0,0,1,11.2,0,6,RF_ONLY_REVIEW,0,,E7:027:E1_TEST_BRUTE_01
27,7,E1_TEST_BRUTE_02,2026-09-21T17:50:28.550962Z,2026-09-21T17:50:39.716931Z,1790013028.550962,1790013039.716931,216,216,0,0,1,11.06,0,6,RF_ONLY_REVIEW,0,,E7:027:E1_TEST_BRUTE_02
27,8,E1_TEST_BRUTE_03,2026-09-21T17:50:40.219154Z,2026-09-21T17:50:51.405840Z,1790013040.219154,1790013051.405840,214,214,0,0,1,11.1,0,6,RF_ONLY_REVIEW,0,,E7:027:E1_TEST_BRUTE_03
27,9,E1_TEST_DOS_01,2026-09-21T17:50:51.907075Z,2026-09-21T17:51:28.913675Z,1790013051.907075,1790013088.913675,2659023,2659023,0,0,1,36.9,8640,65537,HYBRID_CORRELATED,1,25.334674,E7:027:E1_TEST_DOS_01
27,10,E1_TEST_DOS_02,2026-09-21T17:51:35.125403Z,2026-09-21T17:52:11.994761Z,1790013095.125403,1790013131.994761,2648088,2648088,0,0,1,36.78,60710,65537,HYBRID_CORRELATED,1,0.0,E7:027:E1_TEST_DOS_02
27,11,E1_TEST_DOS_03,2026-09-21T17:52:29.404228Z,2026-09-21T17:53:06.211846Z,1790013149.404228,1790013186.211846,2600786,2600786,0,0,1,36.72,94902,65537,HYBRID_CORRELATED,1,0.0,E7:027:E1_TEST_DOS_03
27,12,E1_TEST_EXPLOIT_01,2026-09-21T17:53:30.911988Z,2026-09-21T17:53:45.029085Z,1790013210.911988,1790013225.029085,23669,23666,3,0,1,14.02,0,2318,RF_ONLY_REVIEW,0,,E7:027:E1_TEST_EXPLOIT_01
27,13,E1_TEST_EXPLOIT_02,2026-09-21T17:53:45.611079Z,2026-09-21T17:53:55.151989Z,1790013225.611079,1790013235.151989,20747,20747,0,0,1,9.46,0,2072,RF_ONLY_REVIEW,0,,E7:027:E1_TEST_EXPLOIT_02
27,14,E1_TEST_EXPLOIT_03,2026-09-21T17:53:55.724705Z,2026-09-21T18:06:09.487903Z,1790013235.724705,1790013969.487903,71525,71523,2,0,1,733.71,0,21,RF_ONLY_REVIEW,0,,E7:027:E1_TEST_EXPLOIT_03
28,0,E1_TEST_NORMAL_01,2026-09-21T18:06:10.436718Z,2026-09-21T18:06:40.131903Z,1790013970.436718,1790014000.131903,333,333,0,0,1,29.62,0,31,RF_ONLY_REVIEW,0,,E7:028:E1_TEST_NORMAL_01
28,1,E1_TEST_NORMAL_02,2026-09-21T18:06:40.633697Z,2026-09-21T18:07:10.382050Z,1790014000.633697,1790014030.382050,333,333,0,0,1,29.68,0,31,RF_ONLY_REVIEW,0,,E7:028:E1_TEST_NORMAL_02
28,2,E1_TEST_NORMAL_03,2026-09-21T18:07:10.885188Z,2026-09-21T18:07:40.897881Z,1790014030.885188,1790014060.897881,336,336,0,0,1,29.93,0,31,RF_ONLY_REVIEW,0,,E7:028:E1_TEST_NORMAL_03
28,3,E1_TEST_SCAN_01,2026-09-21T18:07:41.399762Z,2026-09-21T18:07:42.107219Z,1790014061.399762,1790014062.107219,1729,1729,0,0,1,0.624703,0,845,RF_ONLY_REVIEW,0,,E7:028:E1_TEST_SCAN_01
28,4,E1_TEST_SCAN_02,2026-09-21T18:07:42.610508Z,2026-09-21T18:07:43.260897Z,1790014062.610508,1790014063.260897,1715,1715,0,0,1,0.559172,0,837,RF_ONLY_REVIEW,0,,E7:028:E1_TEST_SCAN_02
28,5,E1_TEST_SCAN_03,2026-09-21T18:07:43.764132Z,2026-09-21T18:07:45.409967Z,1790014063.764132,1790014065.409967,1760,1760,0,0,1,1.55,0,861,RF_ONLY_REVIEW,0,,E7:028:E1_TEST_SCAN_03
28,6,E1_TEST_BRUTE_01,2026-09-21T18:07:45.913315Z,2026-09-21T18:07:57.216841Z,1790014065.913315,1790014077.216841,207,207,0,0,1,11.2,0,6,RF_ONLY_REVIEW,0,,E7:028:E1_TEST_BRUTE_01
28,7,E1_TEST_BRUTE_02,2026-09-21T18:07:57.719016Z,2026-09-21T18:08:08.886817Z,1790014077.719016,1790014088.886817,216,216,0,0,1,11.06,0,6,RF_ONLY_REVIEW,0,,E7:028:E1_TEST_BRUTE_02
28,8,E1_TEST_BRUTE_03,2026-09-21T18:08:09.388050Z,2026-09-21T18:08:20.561899Z,1790014089.388050,1790014100.561899,214,214,0,0,1,11.1,0,6,RF_ONLY_REVIEW,0,,E7:028:E1_TEST_BRUTE_03
28,9,E1_TEST_DOS_01,2026-09-21T18:08:21.064045Z,2026-09-21T18:08:58.189698Z,1790014101.064045,1790014138.189698,2659023,2659023,0,0,1,37.04,8640,65537,HYBRID_CORRELATED,1,25.386478,E7:028:E1_TEST_DOS_01
28,10,E1_TEST_DOS_02,2026-09-21T18:09:04.471196Z,2026-09-21T18:09:41.449834Z,1790014144.471196,1790014181.449834,2648088,2648088,0,0,1,36.88,60710,65537,HYBRID_CORRELATED,1,0.0,E7:028:E1_TEST_DOS_02
28,11,E1_TEST_DOS_03,2026-09-21T18:09:58.905044Z,2026-09-21T18:10:35.778085Z,1790014198.905044,1790014235.778085,2600786,2600786,0,0,1,36.79,95986,65537,HYBRID_CORRELATED,1,0.0,E7:028:E1_TEST_DOS_03
28,12,E1_TEST_EXPLOIT_01,2026-09-21T18:11:00.781451Z,2026-09-21T18:11:14.896403Z,1790014260.781451,1790014274.896403,23669,23666,3,0,1,14.02,0,2318,RF_ONLY_REVIEW,0,,E7:028:E1_TEST_EXPLOIT_01
28,13,E1_TEST_EXPLOIT_02,2026-09-21T18:11:15.488820Z,2026-09-21T18:11:25.033958Z,1790014275.488820,1790014285.033958,20747,20747,0,0,1,9.46,0,2072,RF_ONLY_REVIEW,0,,E7:028:E1_TEST_EXPLOIT_02
28,14,E1_TEST_EXPLOIT_03,2026-09-21T18:11:25.605138Z,2026-09-21T18:23:39.393102Z,1790014285.605138,1790015019.393102,71525,71523,2,0,1,733.7,0,21,RF_ONLY_REVIEW,0,,E7:028:E1_TEST_EXPLOIT_03
29,0,E1_TEST_NORMAL_01,2026-09-21T18:23:40.349361Z,2026-09-21T18:24:10.051893Z,1790015020.349361,1790015050.051893,333,333,0,0,1,29.62,0,31,RF_ONLY_REVIEW,0,,E7:029:E1_TEST_NORMAL_01
29,1,E1_TEST_NORMAL_02,2026-09-21T18:24:10.555008Z,2026-09-21T18:24:40.323879Z,1790015050.555008,1790015080.323879,333,333,0,0,1,29.68,0,31,RF_ONLY_REVIEW,0,,E7:029:E1_TEST_NORMAL_02
29,2,E1_TEST_NORMAL_03,2026-09-21T18:24:40.825660Z,2026-09-21T18:25:10.833858Z,1790015080.825660,1790015110.833858,336,336,0,0,1,29.93,0,31,RF_ONLY_REVIEW,0,,E7:029:E1_TEST_NORMAL_03
29,3,E1_TEST_SCAN_01,2026-09-21T18:25:11.336596Z,2026-09-21T18:25:12.037947Z,1790015111.336596,1790015112.037947,1729,1729,0,0,1,0.624757,0,845,RF_ONLY_REVIEW,0,,E7:029:E1_TEST_SCAN_01
29,4,E1_TEST_SCAN_02,2026-09-21T18:25:12.541171Z,2026-09-21T18:25:13.145961Z,1790015112.541171,1790015113.145961,1715,1715,0,0,1,0.55875,0,837,RF_ONLY_REVIEW,0,,E7:029:E1_TEST_SCAN_02
29,5,E1_TEST_SCAN_03,2026-09-21T18:25:13.649244Z,2026-09-21T18:25:15.288927Z,1790015113.649244,1790015115.288927,1760,1760,0,0,1,1.55,0,861,RF_ONLY_REVIEW,0,,E7:029:E1_TEST_SCAN_03
29,6,E1_TEST_BRUTE_01,2026-09-21T18:25:15.794989Z,2026-09-21T18:25:27.093909Z,1790015115.794989,1790015127.093909,207,207,0,0,1,11.2,0,6,RF_ONLY_REVIEW,0,,E7:029:E1_TEST_BRUTE_01
29,7,E1_TEST_BRUTE_02,2026-09-21T18:25:27.596077Z,2026-09-21T18:25:38.719913Z,1790015127.596077,1790015138.719913,216,216,0,0,1,11.06,0,6,RF_ONLY_REVIEW,0,,E7:029:E1_TEST_BRUTE_02
29,8,E1_TEST_BRUTE_03,2026-09-21T18:25:39.222010Z,2026-09-21T18:25:50.410849Z,1790015139.222010,1790015150.410849,214,214,0,0,1,11.1,0,6,RF_ONLY_REVIEW,0,,E7:029:E1_TEST_BRUTE_03
29,9,E1_TEST_DOS_01,2026-09-21T18:25:50.912122Z,2026-09-21T18:26:28.051449Z,1790015150.912122,1790015188.051449,2659023,2659023,0,0,1,37.05,8640,65537,HYBRID_CORRELATED,1,25.442302,E7:029:E1_TEST_DOS_01
29,10,E1_TEST_DOS_02,2026-09-21T18:26:34.289356Z,2026-09-21T18:27:11.319807Z,1790015194.289356,1790015231.319807,2648088,2648088,0,0,1,36.94,60710,65537,HYBRID_CORRELATED,1,1e-06,E7:029:E1_TEST_DOS_02
29,11,E1_TEST_DOS_03,2026-09-21T18:27:28.747793Z,2026-09-21T18:28:05.566667Z,1790015248.747793,1790015285.566667,2600786,2600786,0,0,1,36.75,95806,65537,HYBRID_CORRELATED,1,0.0,E7:029:E1_TEST_DOS_03
29,12,E1_TEST_EXPLOIT_01,2026-09-21T18:28:30.438844Z,2026-09-21T18:28:44.528999Z,1790015310.438844,1790015324.528999,23669,23666,3,0,1,14.02,0,2318,RF_ONLY_REVIEW,0,,E7:029:E1_TEST_EXPLOIT_01
29,13,E1_TEST_EXPLOIT_02,2026-09-21T18:28:45.108957Z,2026-09-21T18:28:54.655930Z,1790015325.108957,1790015334.655930,20747,20747,0,0,1,9.46,0,2072,RF_ONLY_REVIEW,0,,E7:029:E1_TEST_EXPLOIT_02
29,14,E1_TEST_EXPLOIT_03,2026-09-21T18:28:55.230119Z,2026-09-21T18:41:09.028893Z,1790015335.230119,1790016069.028893,71525,71523,2,0,1,733.7,0,21,RF_ONLY_REVIEW,0,,E7:029:E1_TEST_EXPLOIT_03
30,0,E1_TEST_NORMAL_01,2026-09-21T18:41:09.984909Z,2026-09-21T18:41:39.672846Z,1790016069.984909,1790016099.672846,333,333,0,0,1,29.62,0,31,RF_ONLY_REVIEW,0,,E7:030:E1_TEST_NORMAL_01
30,1,E1_TEST_NORMAL_02,2026-09-21T18:41:40.174583Z,2026-09-21T18:42:09.928921Z,1790016100.174583,1790016129.928921,333,333,0,0,1,29.68,0,31,RF_ONLY_REVIEW,0,,E7:030:E1_TEST_NORMAL_02
30,2,E1_TEST_NORMAL_03,2026-09-21T18:42:10.430727Z,2026-09-21T18:42:40.449895Z,1790016130.430727,1790016160.449895,336,336,0,0,1,29.93,0,31,RF_ONLY_REVIEW,0,,E7:030:E1_TEST_NORMAL_03
30,3,E1_TEST_SCAN_01,2026-09-21T18:42:40.951984Z,2026-09-21T18:42:41.663154Z,1790016160.951984,1790016161.663154,1729,1729,0,0,1,0.624695,0,845,RF_ONLY_REVIEW,0,,E7:030:E1_TEST_SCAN_01
30,4,E1_TEST_SCAN_02,2026-09-21T18:42:42.166417Z,2026-09-21T18:42:42.800908Z,1790016162.166417,1790016162.800908,1715,1715,0,0,1,0.558733,0,837,RF_ONLY_REVIEW,0,,E7:030:E1_TEST_SCAN_02
30,5,E1_TEST_SCAN_03,2026-09-21T18:42:43.306810Z,2026-09-21T18:42:44.915923Z,1790016163.306810,1790016164.915923,1760,1760,0,0,1,1.55,0,861,RF_ONLY_REVIEW,0,,E7:030:E1_TEST_SCAN_03
30,6,E1_TEST_BRUTE_01,2026-09-21T18:42:45.422065Z,2026-09-21T18:42:56.709840Z,1790016165.422065,1790016176.709840,207,207,0,0,1,11.2,0,6,RF_ONLY_REVIEW,0,,E7:030:E1_TEST_BRUTE_01
30,7,E1_TEST_BRUTE_02,2026-09-21T18:42:57.210985Z,2026-09-21T18:43:08.349946Z,1790016177.210985,1790016188.349946,216,216,0,0,1,11.06,0,6,RF_ONLY_REVIEW,0,,E7:030:E1_TEST_BRUTE_02
30,8,E1_TEST_BRUTE_03,2026-09-21T18:43:08.851197Z,2026-09-21T18:43:20.038893Z,1790016188.851197,1790016200.038893,214,214,0,0,1,11.1,0,6,RF_ONLY_REVIEW,0,,E7:030:E1_TEST_BRUTE_03
30,9,E1_TEST_DOS_01,2026-09-21T18:43:20.541114Z,2026-09-21T18:43:57.612989Z,1790016200.541114,1790016237.612989,2659023,2659023,0,0,1,36.98,8640,65537,HYBRID_CORRELATED,1,25.383228,E7:030:E1_TEST_DOS_01
30,10,E1_TEST_DOS_02,2026-09-21T18:44:03.793284Z,2026-09-21T18:44:40.755661Z,1790016243.793284,1790016280.755661,2648088,2648088,0,0,1,36.88,60710,65537,HYBRID_CORRELATED,1,0.0,E7:030:E1_TEST_DOS_02
30,11,E1_TEST_DOS_03,2026-09-21T18:44:58.200733Z,2026-09-21T18:45:35.049662Z,1790016298.200733,1790016335.049662,2600786,2600786,0,0,1,36.77,95806,65537,HYBRID_CORRELATED,1,0.0,E7:030:E1_TEST_DOS_03
30,12,E1_TEST_EXPLOIT_01,2026-09-21T18:45:59.944395Z,2026-09-21T18:46:14.048990Z,1790016359.944395,1790016374.048990,23669,23666,3,0,1,14.02,0,2318,RF_ONLY_REVIEW,0,,E7:030:E1_TEST_EXPLOIT_01
30,13,E1_TEST_EXPLOIT_02,2026-09-21T18:46:14.630456Z,2026-09-21T18:46:24.177121Z,1790016374.630456,1790016384.177121,20747,20747,0,0,1,9.46,0,2072,RF_ONLY_REVIEW,0,,E7:030:E1_TEST_EXPLOIT_02
30,14,E1_TEST_EXPLOIT_03,2026-09-21T18:46:24.747086Z,2026-09-21T18:58:38.514842Z,1790016384.747086,1790017118.514842,71525,71523,2,0,1,733.7,0,21,RF_ONLY_REVIEW,0,,E7:030:E1_TEST_EXPLOIT_03
31,0,E1_TEST_NORMAL_01,2026-09-21T18:58:39.467118Z,2026-09-21T18:59:09.180956Z,1790017119.467118,1790017149.180956,333,333,0,0,1,29.62,0,31,RF_ONLY_REVIEW,0,,E7:031:E1_TEST_NORMAL_01
31,1,E1_TEST_NORMAL_02,2026-09-21T18:59:09.682679Z,2026-09-21T18:59:39.449924Z,1790017149.682679,1790017179.449924,333,333,0,0,1,29.68,0,31,RF_ONLY_REVIEW,0,,E7:031:E1_TEST_NORMAL_02
31,2,E1_TEST_NORMAL_03,2026-09-21T18:59:39.952848Z,2026-09-21T19:00:09.962864Z,1790017179.952848,1790017209.962864,336,336,0,0,1,29.93,0,31,RF_ONLY_REVIEW,0,,E7:031:E1_TEST_NORMAL_03
31,3,E1_TEST_SCAN_01,2026-09-21T19:00:10.464721Z,2026-09-21T19:00:11.182942Z,1790017210.464721,1790017211.182942,1729,1729,0,0,1,0.624556,0,845,RF_ONLY_REVIEW,0,,E7:031:E1_TEST_SCAN_01
31,4,E1_TEST_SCAN_02,2026-09-21T19:00:11.686846Z,2026-09-21T19:00:12.332912Z,1790017211.686846,1790017212.332912,1715,1715,0,0,1,0.558697,0,837,RF_ONLY_REVIEW,0,,E7:031:E1_TEST_SCAN_02
31,5,E1_TEST_SCAN_03,2026-09-21T19:00:12.836141Z,2026-09-21T19:00:14.458912Z,1790017212.836141,1790017214.458912,1760,1760,0,0,1,1.55,0,861,RF_ONLY_REVIEW,0,,E7:031:E1_TEST_SCAN_03
31,6,E1_TEST_BRUTE_01,2026-09-21T19:00:14.962312Z,2026-09-21T19:00:26.258857Z,1790017214.962312,1790017226.258857,207,207,0,0,1,11.2,0,6,RF_ONLY_REVIEW,0,,E7:031:E1_TEST_BRUTE_01
31,7,E1_TEST_BRUTE_02,2026-09-21T19:00:26.760068Z,2026-09-21T19:00:37.913858Z,1790017226.760068,1790017237.913858,216,216,0,0,1,11.06,0,6,RF_ONLY_REVIEW,0,,E7:031:E1_TEST_BRUTE_02
31,8,E1_TEST_BRUTE_03,2026-09-21T19:00:38.415128Z,2026-09-21T19:00:49.583855Z,1790017238.415128,1790017249.583855,214,214,0,0,1,11.1,0,6,RF_ONLY_REVIEW,0,,E7:031:E1_TEST_BRUTE_03
31,9,E1_TEST_DOS_01,2026-09-21T19:00:50.085059Z,2026-09-21T19:01:26.950697Z,1790017250.085059,1790017286.950697,2659023,2659023,0,0,1,36.79,8640,65537,HYBRID_CORRELATED,1,25.182247,E7:031:E1_TEST_DOS_01
31,10,E1_TEST_DOS_02,2026-09-21T19:01:33.158562Z,2026-09-21T19:02:10.182525Z,1790017293.158562,1790017330.182525,2648088,2648088,0,0,1,36.93,60710,65537,HYBRID_CORRELATED,1,0.0,E7:031:E1_TEST_DOS_02
31,11,E1_TEST_DOS_03,2026-09-21T19:02:27.726863Z,2026-09-21T19:03:04.611982Z,1790017347.726863,1790017384.611982,2600786,2600786,0,0,1,36.77,94752,65537,HYBRID_CORRELATED,1,0.0,E7:031:E1_TEST_DOS_03
31,12,E1_TEST_EXPLOIT_01,2026-09-21T19:03:29.178914Z,2026-09-21T19:03:43.290057Z,1790017409.178914,1790017423.290057,23669,23666,3,0,1,14.02,0,2318,RF_ONLY_REVIEW,0,,E7:031:E1_TEST_EXPLOIT_01
31,13,E1_TEST_EXPLOIT_02,2026-09-21T19:03:43.874528Z,2026-09-21T19:03:53.418947Z,1790017423.874528,1790017433.418947,20747,20747,0,0,1,9.46,0,2072,RF_ONLY_REVIEW,0,,E7:031:E1_TEST_EXPLOIT_02
31,14,E1_TEST_EXPLOIT_03,2026-09-21T19:03:53.988343Z,2026-09-21T19:16:07.797105Z,1790017433.988343,1790018167.797105,71525,71523,2,0,1,733.7,0,21,RF_ONLY_REVIEW,0,,E7:031:E1_TEST_EXPLOIT_03
32,0,E1_TEST_NORMAL_01,2026-09-21T19:16:08.746224Z,2026-09-21T19:16:38.459889Z,1790018168.746224,1790018198.459889,333,333,0,0,1,29.62,0,31,RF_ONLY_REVIEW,0,,E7:032:E1_TEST_NORMAL_01
32,1,E1_TEST_NORMAL_02,2026-09-21T19:16:38.962977Z,2026-09-21T19:17:08.738928Z,1790018198.962977,1790018228.738928,333,333,0,0,1,29.68,0,31,RF_ONLY_REVIEW,0,,E7:032:E1_TEST_NORMAL_02
32,2,E1_TEST_NORMAL_03,2026-09-21T19:17:09.240664Z,2026-09-21T19:17:39.246980Z,1790018229.240664,1790018259.246980,336,336,0,0,1,29.93,0,31,RF_ONLY_REVIEW,0,,E7:032:E1_TEST_NORMAL_03
32,3,E1_TEST_SCAN_01,2026-09-21T19:17:39.748749Z,2026-09-21T19:17:40.441949Z,1790018259.748749,1790018260.441949,1729,1729,0,0,1,0.624546,0,845,RF_ONLY_REVIEW,0,,E7:032:E1_TEST_SCAN_01
32,4,E1_TEST_SCAN_02,2026-09-21T19:17:40.945166Z,2026-09-21T19:17:41.560905Z,1790018260.945166,1790018261.560905,1715,1715,0,0,1,0.55867,0,837,RF_ONLY_REVIEW,0,,E7:032:E1_TEST_SCAN_02
32,5,E1_TEST_SCAN_03,2026-09-21T19:17:42.066054Z,2026-09-21T19:17:43.699913Z,1790018262.066054,1790018263.699913,1760,1760,0,0,1,1.55,0,861,RF_ONLY_REVIEW,0,,E7:032:E1_TEST_SCAN_03
32,6,E1_TEST_BRUTE_01,2026-09-21T19:17:44.203193Z,2026-09-21T19:17:55.493973Z,1790018264.203193,1790018275.493973,207,207,0,0,1,11.2,0,6,RF_ONLY_REVIEW,0,,E7:032:E1_TEST_BRUTE_01
32,7,E1_TEST_BRUTE_02,2026-09-21T19:17:55.995141Z,2026-09-21T19:18:07.147865Z,1790018275.995141,1790018287.147865,216,216,0,0,1,11.06,0,6,RF_ONLY_REVIEW,0,,E7:032:E1_TEST_BRUTE_02
32,8,E1_TEST_BRUTE_03,2026-09-21T19:18:07.649118Z,2026-09-21T19:18:18.847889Z,1790018287.649118,1790018298.847889,214,214,0,0,1,11.1,0,6,RF_ONLY_REVIEW,0,,E7:032:E1_TEST_BRUTE_03
32,9,E1_TEST_DOS_01,2026-09-21T19:18:19.349101Z,2026-09-21T19:18:56.362018Z,1790018299.349101,1790018336.362018,2659023,2659023,0,0,1,36.92,8640,65537,HYBRID_CORRELATED,1,25.34945,E7:032:E1_TEST_DOS_01
32,10,E1_TEST_DOS_02,2026-09-21T19:19:02.563092Z,2026-09-21T19:19:39.595974Z,1790018342.563092,1790018379.595974,2648088,2648088,0,0,1,36.93,60710,65537,HYBRID_CORRELATED,1,0.0,E7:032:E1_TEST_DOS_02
32,11,E1_TEST_DOS_03,2026-09-21T19:19:57.042776Z,2026-09-21T19:20:33.869003Z,1790018397.042776,1790018433.869003,2600786,2600786,0,0,1,36.73,96016,65537,HYBRID_CORRELATED,1,0.0,E7:032:E1_TEST_DOS_03
32,12,E1_TEST_EXPLOIT_01,2026-09-21T19:20:58.810551Z,2026-09-21T19:21:12.920987Z,1790018458.810551,1790018472.920987,23669,23666,3,0,1,14.02,0,2318,RF_ONLY_REVIEW,0,,E7:032:E1_TEST_EXPLOIT_01
32,13,E1_TEST_EXPLOIT_02,2026-09-21T19:21:13.502356Z,2026-09-21T19:21:23.051999Z,1790018473.502356,1790018483.051999,20747,20747,0,0,1,9.46,0,2072,RF_ONLY_REVIEW,0,,E7:032:E1_TEST_EXPLOIT_02
32,14,E1_TEST_EXPLOIT_03,2026-09-21T19:21:23.621866Z,2026-09-21T19:33:37.424851Z,1790018483.621866,1790019217.424851,71525,71523,2,0,1,733.71,0,21,RF_ONLY_REVIEW,0,,E7:032:E1_TEST_EXPLOIT_03
33,0,E1_TEST_NORMAL_01,2026-09-21T19:33:38.386949Z,2026-09-21T19:34:08.088849Z,1790019218.386949,1790019248.088849,333,333,0,0,1,29.62,0,31,RF_ONLY_REVIEW,0,,E7:033:E1_TEST_NORMAL_01
33,1,E1_TEST_NORMAL_02,2026-09-21T19:34:08.590697Z,2026-09-21T19:34:38.349016Z,1790019248.590697,1790019278.349016,333,333,0,0,1,29.68,0,31,RF_ONLY_REVIEW,0,,E7:033:E1_TEST_NORMAL_02
33,2,E1_TEST_NORMAL_03,2026-09-21T19:34:38.850785Z,2026-09-21T19:35:08.865935Z,1790019278.850785,1790019308.865935,336,336,0,0,1,29.93,0,31,RF_ONLY_REVIEW,0,,E7:033:E1_TEST_NORMAL_03
33,3,E1_TEST_SCAN_01,2026-09-21T19:35:09.367790Z,2026-09-21T19:35:10.074962Z,1790019309.367790,1790019310.074962,1729,1729,0,0,1,0.624795,0,845,RF_ONLY_REVIEW,0,,E7:033:E1_TEST_SCAN_01
33,4,E1_TEST_SCAN_02,2026-09-21T19:35:10.579341Z,2026-09-21T19:35:11.209935Z,1790019310.579341,1790019311.209935,1715,1715,0,0,1,0.558831,0,837,RF_ONLY_REVIEW,0,,E7:033:E1_TEST_SCAN_02
33,5,E1_TEST_SCAN_03,2026-09-21T19:35:11.713187Z,2026-09-21T19:35:13.350904Z,1790019311.713187,1790019313.350904,1760,1760,0,0,1,1.55,0,861,RF_ONLY_REVIEW,0,,E7:033:E1_TEST_SCAN_03
33,6,E1_TEST_BRUTE_01,2026-09-21T19:35:13.856899Z,2026-09-21T19:35:25.158911Z,1790019313.856899,1790019325.158911,207,207,0,0,1,11.2,0,6,RF_ONLY_REVIEW,0,,E7:033:E1_TEST_BRUTE_01
33,7,E1_TEST_BRUTE_02,2026-09-21T19:35:25.660172Z,2026-09-21T19:35:36.813856Z,1790019325.660172,1790019336.813856,216,216,0,0,1,11.06,0,6,RF_ONLY_REVIEW,0,,E7:033:E1_TEST_BRUTE_02
33,8,E1_TEST_BRUTE_03,2026-09-21T19:35:37.315048Z,2026-09-21T19:35:48.490906Z,1790019337.315048,1790019348.490906,214,214,0,0,1,11.1,0,6,RF_ONLY_REVIEW,0,,E7:033:E1_TEST_BRUTE_03
33,9,E1_TEST_DOS_01,2026-09-21T19:35:48.992131Z,2026-09-21T19:36:26.073789Z,1790019348.992131,1790019386.073789,2659023,2659023,0,0,1,37.02,8640,65537,HYBRID_CORRELATED,1,25.367651,E7:033:E1_TEST_DOS_01
33,10,E1_TEST_DOS_02,2026-09-21T19:36:32.275598Z,2026-09-21T19:37:09.249889Z,1790019392.275598,1790019429.249889,2648088,2648088,0,0,1,36.91,60710,65537,HYBRID_CORRELATED,1,1e-06,E7:033:E1_TEST_DOS_02
33,11,E1_TEST_DOS_03,2026-09-21T19:37:26.689076Z,2026-09-21T19:38:03.555371Z,1790019446.689076,1790019483.555371,2600786,2600786,0,0,1,36.77,95806,65537,HYBRID_CORRELATED,1,0.0,E7:033:E1_TEST_DOS_03
33,12,E1_TEST_EXPLOIT_01,2026-09-21T19:38:28.387462Z,2026-09-21T19:38:42.486064Z,1790019508.387462,1790019522.486064,23669,23666,3,0,1,14.02,0,2318,RF_ONLY_REVIEW,0,,E7:033:E1_TEST_EXPLOIT_01
33,13,E1_TEST_EXPLOIT_02,2026-09-21T19:38:43.068289Z,2026-09-21T19:38:52.610050Z,1790019523.068289,1790019532.610050,20747,20747,0,0,1,9.46,0,2072,RF_ONLY_REVIEW,0,,E7:033:E1_TEST_EXPLOIT_02
33,14,E1_TEST_EXPLOIT_03,2026-09-21T19:38:53.181382Z,2026-09-21T19:51:06.969923Z,1790019533.181382,1790020266.969923,71525,71523,2,0,1,733.7,0,21,RF_ONLY_REVIEW,0,,E7:033:E1_TEST_EXPLOIT_03
34,0,E1_TEST_NORMAL_01,2026-09-21T19:51:07.918724Z,2026-09-21T19:51:37.629882Z,1790020267.918724,1790020297.629882,333,333,0,0,1,29.62,0,31,RF_ONLY_REVIEW,0,,E7:034:E1_TEST_NORMAL_01
34,1,E1_TEST_NORMAL_02,2026-09-21T19:51:38.131841Z,2026-09-21T19:52:07.885872Z,1790020298.131841,1790020327.885872,333,333,0,0,1,29.68,0,31,RF_ONLY_REVIEW,0,,E7:034:E1_TEST_NORMAL_02
34,2,E1_TEST_NORMAL_03,2026-09-21T19:52:08.387605Z,2026-09-21T19:52:38.413902Z,1790020328.387605,1790020358.413902,336,336,0,0,1,29.93,0,31,RF_ONLY_REVIEW,0,,E7:034:E1_TEST_NORMAL_03
34,3,E1_TEST_SCAN_01,2026-09-21T19:52:38.917096Z,2026-09-21T19:52:39.641906Z,1790020358.917096,1790020359.641906,1729,1729,0,0,1,0.624688,0,845,RF_ONLY_REVIEW,0,,E7:034:E1_TEST_SCAN_01
34,4,E1_TEST_SCAN_02,2026-09-21T19:52:40.145130Z,2026-09-21T19:52:40.790949Z,1790020360.145130,1790020360.790949,1715,1715,0,0,1,0.558802,0,837,RF_ONLY_REVIEW,0,,E7:034:E1_TEST_SCAN_02
34,5,E1_TEST_SCAN_03,2026-09-21T19:52:41.296268Z,2026-09-21T19:52:42.935179Z,1790020361.296268,1790020362.935179,1760,1760,0,0,1,1.55,0,861,RF_ONLY_REVIEW,0,,E7:034:E1_TEST_SCAN_03
34,6,E1_TEST_BRUTE_01,2026-09-21T19:52:43.438490Z,2026-09-21T19:52:54.740816Z,1790020363.438490,1790020374.740816,207,207,0,0,1,11.2,0,6,RF_ONLY_REVIEW,0,,E7:034:E1_TEST_BRUTE_01
34,7,E1_TEST_BRUTE_02,2026-09-21T19:52:55.242078Z,2026-09-21T19:53:06.379997Z,1790020375.242078,1790020386.379997,216,216,0,0,1,11.06,0,6,RF_ONLY_REVIEW,0,,E7:034:E1_TEST_BRUTE_02
34,8,E1_TEST_BRUTE_03,2026-09-21T19:53:06.881212Z,2026-09-21T19:53:18.074023Z,1790020386.881212,1790020398.074023,214,214,0,0,1,11.1,0,6,RF_ONLY_REVIEW,0,,E7:034:E1_TEST_BRUTE_03
34,9,E1_TEST_DOS_01,2026-09-21T19:53:18.575859Z,2026-09-21T19:53:55.531929Z,1790020398.575859,1790020435.531929,2659023,2659023,0,0,1,36.85,8640,65537,HYBRID_CORRELATED,1,25.247924,E7:034:E1_TEST_DOS_01
34,10,E1_TEST_DOS_02,2026-09-21T19:54:01.714071Z,2026-09-21T19:54:38.727683Z,1790020441.714071,1790020478.727683,2648088,2648088,0,0,1,36.91,60710,65537,HYBRID_CORRELATED,1,0.0,E7:034:E1_TEST_DOS_02
34,11,E1_TEST_DOS_03,2026-09-21T19:54:56.177733Z,2026-09-21T19:55:32.976705Z,1790020496.177733,1790020532.976705,2600786,2600786,0,0,1,36.71,95806,65537,HYBRID_CORRELATED,1,0.0,E7:034:E1_TEST_DOS_03
34,12,E1_TEST_EXPLOIT_01,2026-09-21T19:55:57.904733Z,2026-09-21T19:56:12.003040Z,1790020557.904733,1790020572.003040,23669,23666,3,0,1,14.02,0,2318,RF_ONLY_REVIEW,0,,E7:034:E1_TEST_EXPLOIT_01
34,13,E1_TEST_EXPLOIT_02,2026-09-21T19:56:12.594446Z,2026-09-21T19:56:22.119000Z,1790020572.594446,1790020582.119000,20747,20747,0,0,1,9.46,0,2072,RF_ONLY_REVIEW,0,,E7:034:E1_TEST_EXPLOIT_02
34,14,E1_TEST_EXPLOIT_03,2026-09-21T19:56:22.693290Z,2026-09-21T20:08:36.496000Z,1790020582.693290,1790021316.496000,71525,71523,2,0,1,733.7,0,21,RF_ONLY_REVIEW,0,,E7:034:E1_TEST_EXPLOIT_03
35,0,E1_TEST_NORMAL_01,2026-09-21T20:08:37.445384Z,2026-09-21T20:09:07.140890Z,1790021317.445384,1790021347.140890,333,333,0,0,1,29.62,0,31,RF_ONLY_REVIEW,0,,E7:035:E1_TEST_NORMAL_01
35,1,E1_TEST_NORMAL_02,2026-09-21T20:09:07.642628Z,2026-09-21T20:09:37.411944Z,1790021347.642628,1790021377.411944,333,333,0,0,1,29.68,0,31,RF_ONLY_REVIEW,0,,E7:035:E1_TEST_NORMAL_02
35,2,E1_TEST_NORMAL_03,2026-09-21T20:09:37.913763Z,2026-09-21T20:10:07.936923Z,1790021377.913763,1790021407.936923,336,336,0,0,1,29.93,0,31,RF_ONLY_REVIEW,0,,E7:035:E1_TEST_NORMAL_03
35,3,E1_TEST_SCAN_01,2026-09-21T20:10:08.438996Z,2026-09-21T20:10:09.154009Z,1790021408.438996,1790021409.154009,1729,1729,0,0,1,0.625087,0,845,RF_ONLY_REVIEW,0,,E7:035:E1_TEST_SCAN_01
35,4,E1_TEST_SCAN_02,2026-09-21T20:10:09.657253Z,2026-09-21T20:10:10.302887Z,1790021409.657253,1790021410.302887,1715,1715,0,0,1,0.558768,0,837,RF_ONLY_REVIEW,0,,E7:035:E1_TEST_SCAN_02
35,5,E1_TEST_SCAN_03,2026-09-21T20:10:10.806164Z,2026-09-21T20:10:12.446908Z,1790021410.806164,1790021412.446908,1760,1760,0,0,1,1.55,0,861,RF_ONLY_REVIEW,0,,E7:035:E1_TEST_SCAN_03
35,6,E1_TEST_BRUTE_01,2026-09-21T20:10:12.950309Z,2026-09-21T20:10:24.240876Z,1790021412.950309,1790021424.240876,207,207,0,0,1,11.2,0,6,RF_ONLY_REVIEW,0,,E7:035:E1_TEST_BRUTE_01
35,7,E1_TEST_BRUTE_02,2026-09-21T20:10:24.742124Z,2026-09-21T20:10:35.886805Z,1790021424.742124,1790021435.886805,216,216,0,0,1,11.06,0,6,RF_ONLY_REVIEW,0,,E7:035:E1_TEST_BRUTE_02
35,8,E1_TEST_BRUTE_03,2026-09-21T20:10:36.388154Z,2026-09-21T20:10:47.557895Z,1790021436.388154,1790021447.557895,214,214,0,0,1,11.1,0,6,RF_ONLY_REVIEW,0,,E7:035:E1_TEST_BRUTE_03
35,9,E1_TEST_DOS_01,2026-09-21T20:10:48.059771Z,2026-09-21T20:11:25.093137Z,1790021448.059771,1790021485.093137,2659023,2659023,0,0,1,36.95,8640,65537,HYBRID_CORRELATED,1,25.344722,E7:035:E1_TEST_DOS_01
35,10,E1_TEST_DOS_02,2026-09-21T20:11:31.284588Z,2026-09-21T20:12:08.290154Z,1790021491.284588,1790021528.290154,2648088,2648088,0,0,1,36.92,60710,65537,HYBRID_CORRELATED,1,0.0,E7:035:E1_TEST_DOS_02
35,11,E1_TEST_DOS_03,2026-09-21T20:12:25.737388Z,2026-09-21T20:13:02.631009Z,1790021545.737388,1790021582.631009,2600786,2600786,0,0,1,36.79,95806,65537,HYBRID_CORRELATED,1,0.0,E7:035:E1_TEST_DOS_03
35,12,E1_TEST_EXPLOIT_01,2026-09-21T20:13:27.596066Z,2026-09-21T20:13:41.700069Z,1790021607.596066,1790021621.700069,23669,23666,3,0,1,14.02,0,2318,RF_ONLY_REVIEW,0,,E7:035:E1_TEST_EXPLOIT_01
35,13,E1_TEST_EXPLOIT_02,2026-09-21T20:13:42.280663Z,2026-09-21T20:13:51.826017Z,1790021622.280663,1790021631.826017,20747,20747,0,0,1,9.46,0,2072,RF_ONLY_REVIEW,0,,E7:035:E1_TEST_EXPLOIT_02
35,14,E1_TEST_EXPLOIT_03,2026-09-21T20:13:52.399853Z,2026-09-21T20:26:06.195835Z,1790021632.399853,1790022366.195835,71525,71523,2,0,1,733.7,0,21,RF_ONLY_REVIEW,0,,E7:035:E1_TEST_EXPLOIT_03
36,0,E1_TEST_NORMAL_01,2026-09-21T20:26:07.149342Z,2026-09-21T20:26:36.862886Z,1790022367.149342,1790022396.862886,333,333,0,0,1,29.62,0,31,RF_ONLY_REVIEW,0,,E7:036:E1_TEST_NORMAL_01
36,1,E1_TEST_NORMAL_02,2026-09-21T20:26:37.364635Z,2026-09-21T20:27:07.141817Z,1790022397.364635,1790022427.141817,333,333,0,0,1,29.68,0,31,RF_ONLY_REVIEW,0,,E7:036:E1_TEST_NORMAL_02
36,2,E1_TEST_NORMAL_03,2026-09-21T20:27:07.643481Z,2026-09-21T20:27:37.646866Z,1790022427.643481,1790022457.646866,336,336,0,0,1,29.93,0,31,RF_ONLY_REVIEW,0,,E7:036:E1_TEST_NORMAL_03
36,3,E1_TEST_SCAN_01,2026-09-21T20:27:38.148758Z,2026-09-21T20:27:38.864859Z,1790022458.148758,1790022458.864859,1729,1729,0,0,1,0.624679,0,845,RF_ONLY_REVIEW,0,,E7:036:E1_TEST_SCAN_01
36,4,E1_TEST_SCAN_02,2026-09-21T20:27:39.369162Z,2026-09-21T20:27:40.025925Z,1790022459.369162,1790022460.025925,1715,1715,0,0,1,0.558922,0,837,RF_ONLY_REVIEW,0,,E7:036:E1_TEST_SCAN_02
36,5,E1_TEST_SCAN_03,2026-09-21T20:27:40.529702Z,2026-09-21T20:27:42.170966Z,1790022460.529702,1790022462.170966,1760,1760,0,0,1,1.55,0,861,RF_ONLY_REVIEW,0,,E7:036:E1_TEST_SCAN_03
36,6,E1_TEST_BRUTE_01,2026-09-21T20:27:42.674370Z,2026-09-21T20:27:53.959858Z,1790022462.674370,1790022473.959858,207,207,0,0,1,11.2,0,6,RF_ONLY_REVIEW,0,,E7:036:E1_TEST_BRUTE_01
36,7,E1_TEST_BRUTE_02,2026-09-21T20:27:54.461895Z,2026-09-21T20:28:05.628824Z,1790022474.461895,1790022485.628824,216,216,0,0,1,11.06,0,6,RF_ONLY_REVIEW,0,,E7:036:E1_TEST_BRUTE_02
36,8,E1_TEST_BRUTE_03,2026-09-21T20:28:06.130120Z,2026-09-21T20:28:17.312901Z,1790022486.130120,1790022497.312901,214,214,0,0,1,11.1,0,6,RF_ONLY_REVIEW,0,,E7:036:E1_TEST_BRUTE_03
36,9,E1_TEST_DOS_01,2026-09-21T20:28:17.814978Z,2026-09-21T20:28:54.966635Z,1790022497.814978,1790022534.966635,2659023,2659023,0,0,1,37.07,8640,65537,HYBRID_CORRELATED,1,25.434422,E7:036:E1_TEST_DOS_01
36,10,E1_TEST_DOS_02,2026-09-21T20:29:01.160419Z,2026-09-21T20:29:38.323768Z,1790022541.160419,1790022578.323768,2648088,2648088,0,0,1,37.09,60806,65537,HYBRID_CORRELATED,1,0.0,E7:036:E1_TEST_DOS_02
36,11,E1_TEST_DOS_03,2026-09-21T20:29:55.812031Z,2026-09-21T20:30:32.710993Z,1790022595.812031,1790022632.710993,2600786,2600786,0,0,1,36.79,96138,65537,HYBRID_CORRELATED,1,0.0,E7:036:E1_TEST_DOS_03
36,12,E1_TEST_EXPLOIT_01,2026-09-21T20:30:57.765380Z,2026-09-21T20:31:11.889002Z,1790022657.765380,1790022671.889002,23669,23666,3,0,1,14.02,0,2318,RF_ONLY_REVIEW,0,,E7:036:E1_TEST_EXPLOIT_01
36,13,E1_TEST_EXPLOIT_02,2026-09-21T20:31:12.470323Z,2026-09-21T20:31:22.039027Z,1790022672.470323,1790022682.039027,20747,20747,0,0,1,9.47,0,2072,RF_ONLY_REVIEW,0,,E7:036:E1_TEST_EXPLOIT_02
36,14,E1_TEST_EXPLOIT_03,2026-09-21T20:31:22.607383Z,2026-09-21T20:43:36.406920Z,1790022682.607383,1790023416.406920,71525,71523,2,0,1,733.7,0,21,RF_ONLY_REVIEW,0,,E7:036:E1_TEST_EXPLOIT_03
37,0,E1_TEST_NORMAL_01,2026-09-21T20:43:37.347152Z,2026-09-21T20:44:07.036969Z,1790023417.347152,1790023447.036969,333,333,0,0,1,29.62,0,31,RF_ONLY_REVIEW,0,,E7:037:E1_TEST_NORMAL_01
37,1,E1_TEST_NORMAL_02,2026-09-21T20:44:07.538785Z,2026-09-21T20:44:37.320916Z,1790023447.538785,1790023477.320916,333,333,0,0,1,29.68,0,31,RF_ONLY_REVIEW,0,,E7:037:E1_TEST_NORMAL_02
37,2,E1_TEST_NORMAL_03,2026-09-21T20:44:37.822728Z,2026-09-21T20:45:07.830854Z,1790023477.822728,1790023507.830854,336,336,0,0,1,29.93,0,31,RF_ONLY_REVIEW,0,,E7:037:E1_TEST_NORMAL_03
37,3,E1_TEST_SCAN_01,2026-09-21T20:45:08.332685Z,2026-09-21T20:45:09.030970Z,1790023508.332685,1790023509.030970,1729,1729,0,0,1,0.624573,0,845,RF_ONLY_REVIEW,0,,E7:037:E1_TEST_SCAN_01
37,4,E1_TEST_SCAN_02,2026-09-21T20:45:09.534354Z,2026-09-21T20:45:10.147934Z,1790023509.534354,1790023510.147934,1715,1715,0,0,1,0.558863,0,837,RF_ONLY_REVIEW,0,,E7:037:E1_TEST_SCAN_02
37,5,E1_TEST_SCAN_03,2026-09-21T20:45:10.653739Z,2026-09-21T20:45:12.290955Z,1790023510.653739,1790023512.290955,1760,1760,0,0,1,1.55,0,861,RF_ONLY_REVIEW,0,,E7:037:E1_TEST_SCAN_03
37,6,E1_TEST_BRUTE_01,2026-09-21T20:45:12.796855Z,2026-09-21T20:45:24.090839Z,1790023512.796855,1790023524.090839,207,207,0,0,1,11.2,0,6,RF_ONLY_REVIEW,0,,E7:037:E1_TEST_BRUTE_01
37,7,E1_TEST_BRUTE_02,2026-09-21T20:45:24.592905Z,2026-09-21T20:45:35.743028Z,1790023524.592905,1790023535.743028,216,216,0,0,1,11.06,0,6,RF_ONLY_REVIEW,0,,E7:037:E1_TEST_BRUTE_02
37,8,E1_TEST_BRUTE_03,2026-09-21T20:45:36.244340Z,2026-09-21T20:45:47.427912Z,1790023536.244340,1790023547.427912,214,214,0,0,1,11.1,0,6,RF_ONLY_REVIEW,0,,E7:037:E1_TEST_BRUTE_03
37,9,E1_TEST_DOS_01,2026-09-21T20:45:47.929128Z,2026-09-21T20:46:25.002792Z,1790023547.929128,1790023585.002792,2659023,2659023,0,0,1,36.99,8812,65537,HYBRID_CORRELATED,1,3.696226,E7:037:E1_TEST_DOS_01
37,10,E1_TEST_DOS_02,2026-09-21T20:46:31.260963Z,2026-09-21T20:47:08.335674Z,1790023591.260963,1790023628.335674,2648088,2648088,0,0,1,36.97,60910,65537,HYBRID_CORRELATED,1,0.0,E7:037:E1_TEST_DOS_02
37,11,E1_TEST_DOS_03,2026-09-21T20:47:25.954308Z,2026-09-21T20:48:02.825799Z,1790023645.954308,1790023682.825799,2600786,2600786,0,0,1,36.78,95996,65537,HYBRID_CORRELATED,1,1e-06,E7:037:E1_TEST_DOS_03
37,12,E1_TEST_EXPLOIT_01,2026-09-21T20:48:27.702429Z,2026-09-21T20:48:41.815974Z,1790023707.702429,1790023721.815974,23669,23666,3,0,1,14.02,0,2318,RF_ONLY_REVIEW,0,,E7:037:E1_TEST_EXPLOIT_01
37,13,E1_TEST_EXPLOIT_02,2026-09-21T20:48:42.402126Z,2026-09-21T20:48:51.935086Z,1790023722.402126,1790023731.935086,20747,20747,0,0,1,9.46,0,2072,RF_ONLY_REVIEW,0,,E7:037:E1_TEST_EXPLOIT_02
37,14,E1_TEST_EXPLOIT_03,2026-09-21T20:48:52.505531Z,2026-09-21T21:01:06.286905Z,1790023732.505531,1790024466.286905,71525,71523,2,0,1,733.7,0,21,RF_ONLY_REVIEW,0,,E7:037:E1_TEST_EXPLOIT_03
38,0,E1_TEST_NORMAL_01,2026-09-21T21:01:07.238742Z,2026-09-21T21:01:36.943873Z,1790024467.238742,1790024496.943873,333,333,0,0,1,29.62,0,31,RF_ONLY_REVIEW,0,,E7:038:E1_TEST_NORMAL_01
38,1,E1_TEST_NORMAL_02,2026-09-21T21:01:37.445656Z,2026-09-21T21:02:07.219909Z,1790024497.445656,1790024527.219909,333,333,0,0,1,29.68,0,31,RF_ONLY_REVIEW,0,,E7:038:E1_TEST_NORMAL_02
38,2,E1_TEST_NORMAL_03,2026-09-21T21:02:07.721693Z,2026-09-21T21:02:37.751843Z,1790024527.721693,1790024557.751843,336,336,0,0,1,29.93,0,31,RF_ONLY_REVIEW,0,,E7:038:E1_TEST_NORMAL_03
38,3,E1_TEST_SCAN_01,2026-09-21T21:02:38.253736Z,2026-09-21T21:02:38.941853Z,1790024558.253736,1790024558.941853,1729,1729,0,0,1,0.624656,0,845,RF_ONLY_REVIEW,0,,E7:038:E1_TEST_SCAN_01
38,4,E1_TEST_SCAN_02,2026-09-21T21:02:39.445151Z,2026-09-21T21:02:40.086972Z,1790024559.445151,1790024560.086972,1715,1715,0,0,1,0.558794,0,837,RF_ONLY_REVIEW,0,,E7:038:E1_TEST_SCAN_02
38,5,E1_TEST_SCAN_03,2026-09-21T21:02:40.590188Z,2026-09-21T21:02:42.233951Z,1790024560.590188,1790024562.233951,1760,1760,0,0,1,1.55,0,861,RF_ONLY_REVIEW,0,,E7:038:E1_TEST_SCAN_03
38,6,E1_TEST_BRUTE_01,2026-09-21T21:02:42.737459Z,2026-09-21T21:02:54.012911Z,1790024562.737459,1790024574.012911,207,207,0,0,1,11.2,0,6,RF_ONLY_REVIEW,0,,E7:038:E1_TEST_BRUTE_01
38,7,E1_TEST_BRUTE_02,2026-09-21T21:02:54.514152Z,2026-09-21T21:03:05.651882Z,1790024574.514152,1790024585.651882,216,216,0,0,1,11.06,0,6,RF_ONLY_REVIEW,0,,E7:038:E1_TEST_BRUTE_02
38,8,E1_TEST_BRUTE_03,2026-09-21T21:03:06.153132Z,2026-09-21T21:03:17.340018Z,1790024586.153132,1790024597.340018,214,214,0,0,1,11.1,0,6,RF_ONLY_REVIEW,0,,E7:038:E1_TEST_BRUTE_03
38,9,E1_TEST_DOS_01,2026-09-21T21:03:17.841306Z,2026-09-21T21:03:54.883343Z,1790024597.841306,1790024634.883343,2659023,2659023,0,0,1,36.95,8640,65537,HYBRID_CORRELATED,1,25.374876,E7:038:E1_TEST_DOS_01
38,10,E1_TEST_DOS_02,2026-09-21T21:04:01.076445Z,2026-09-21T21:04:38.124685Z,1790024641.076445,1790024678.124685,2648088,2648088,0,0,1,36.95,60710,65537,HYBRID_CORRELATED,1,1e-06,E7:038:E1_TEST_DOS_02
38,11,E1_TEST_DOS_03,2026-09-21T21:04:55.563894Z,2026-09-21T21:05:32.433514Z,1790024695.563894,1790024732.433514,2600786,2600786,0,0,1,36.79,95806,65537,HYBRID_CORRELATED,1,0.0,E7:038:E1_TEST_DOS_03
38,12,E1_TEST_EXPLOIT_01,2026-09-21T21:05:57.352800Z,2026-09-21T21:06:11.461019Z,1790024757.352800,1790024771.461019,23669,23666,3,0,1,14.02,0,2318,RF_ONLY_REVIEW,0,,E7:038:E1_TEST_EXPLOIT_01
38,13,E1_TEST_EXPLOIT_02,2026-09-21T21:06:12.046465Z,2026-09-21T21:06:21.593049Z,1790024772.046465,1790024781.593049,20747,20747,0,0,1,9.46,0,2072,RF_ONLY_REVIEW,0,,E7:038:E1_TEST_EXPLOIT_02
38,14,E1_TEST_EXPLOIT_03,2026-09-21T21:06:22.164346Z,2026-09-21T21:18:35.938918Z,1790024782.164346,1790025515.938918,71525,71523,2,0,1,733.7,0,21,RF_ONLY_REVIEW,0,,E7:038:E1_TEST_EXPLOIT_03
39,0,E1_TEST_NORMAL_01,2026-09-21T21:18:36.895603Z,2026-09-21T21:19:06.605914Z,1790025516.895603,1790025546.605914,333,333,0,0,1,29.62,0,31,RF_ONLY_REVIEW,0,,E7:039:E1_TEST_NORMAL_01
39,1,E1_TEST_NORMAL_02,2026-09-21T21:19:07.107774Z,2026-09-21T21:19:36.861887Z,1790025547.107774,1790025576.861887,333,333,0,0,1,29.68,0,31,RF_ONLY_REVIEW,0,,E7:039:E1_TEST_NORMAL_02
39,2,E1_TEST_NORMAL_03,2026-09-21T21:19:37.363651Z,2026-09-21T21:20:07.378924Z,1790025577.363651,1790025607.378924,336,336,0,0,1,29.93,0,31,RF_ONLY_REVIEW,0,,E7:039:E1_TEST_NORMAL_03
39,3,E1_TEST_SCAN_01,2026-09-21T21:20:07.882195Z,2026-09-21T21:20:08.581894Z,1790025607.882195,1790025608.581894,1729,1729,0,0,1,0.624717,0,845,RF_ONLY_REVIEW,0,,E7:039:E1_TEST_SCAN_01
39,4,E1_TEST_SCAN_02,2026-09-21T21:20:09.085862Z,2026-09-21T21:20:09.735936Z,1790025609.085862,1790025609.735936,1715,1715,0,0,1,0.559143,0,837,RF_ONLY_REVIEW,0,,E7:039:E1_TEST_SCAN_02
39,5,E1_TEST_SCAN_03,2026-09-21T21:20:10.239281Z,2026-09-21T21:20:11.874972Z,1790025610.239281,1790025611.874972,1760,1760,0,0,1,1.55,0,861,RF_ONLY_REVIEW,0,,E7:039:E1_TEST_SCAN_03
39,6,E1_TEST_BRUTE_01,2026-09-21T21:20:12.378305Z,2026-09-21T21:20:23.655993Z,1790025612.378305,1790025623.655993,207,207,0,0,1,11.2,0,6,RF_ONLY_REVIEW,0,,E7:039:E1_TEST_BRUTE_01
39,7,E1_TEST_BRUTE_02,2026-09-21T21:20:24.158171Z,2026-09-21T21:20:35.299984Z,1790025624.158171,1790025635.299984,216,216,0,0,1,11.06,0,6,RF_ONLY_REVIEW,0,,E7:039:E1_TEST_BRUTE_02
39,8,E1_TEST_BRUTE_03,2026-09-21T21:20:35.801862Z,2026-09-21T21:20:46.960038Z,1790025635.801862,1790025646.960038,214,214,0,0,1,11.1,0,6,RF_ONLY_REVIEW,0,,E7:039:E1_TEST_BRUTE_03
39,9,E1_TEST_DOS_01,2026-09-21T21:20:47.462279Z,2026-09-21T21:21:24.658820Z,1790025647.462279,1790025684.658820,2659023,2659023,0,0,1,37.11,8640,65537,HYBRID_CORRELATED,1,25.416322,E7:039:E1_TEST_DOS_01
39,10,E1_TEST_DOS_02,2026-09-21T21:21:30.848686Z,2026-09-21T21:22:07.863130Z,1790025690.848686,1790025727.863130,2648088,2648088,0,0,1,36.93,60710,65537,HYBRID_CORRELATED,1,0.0,E7:039:E1_TEST_DOS_02
39,11,E1_TEST_DOS_03,2026-09-21T21:22:25.484339Z,2026-09-21T21:23:02.247727Z,1790025745.484339,1790025782.247727,2600786,2600786,0,0,1,36.66,95806,65537,HYBRID_CORRELATED,1,0.0,E7:039:E1_TEST_DOS_03
39,12,E1_TEST_EXPLOIT_01,2026-09-21T21:23:27.370478Z,2026-09-21T21:23:41.481954Z,1790025807.370478,1790025821.481954,23669,23666,3,0,1,14.02,0,2318,RF_ONLY_REVIEW,0,,E7:039:E1_TEST_EXPLOIT_01
39,13,E1_TEST_EXPLOIT_02,2026-09-21T21:23:42.063340Z,2026-09-21T21:23:51.595926Z,1790025822.063340,1790025831.595926,20747,20747,0,0,1,9.46,0,2072,RF_ONLY_REVIEW,0,,E7:039:E1_TEST_EXPLOIT_02
39,14,E1_TEST_EXPLOIT_03,2026-09-21T21:23:52.166684Z,2026-09-21T21:36:05.937964Z,1790025832.166684,1790026565.937964,71525,71523,2,0,1,733.7,0,21,RF_ONLY_REVIEW,0,,E7:039:E1_TEST_EXPLOIT_03
40,0,E1_TEST_NORMAL_01,2026-09-21T21:36:06.888816Z,2026-09-21T21:36:36.605063Z,1790026566.888816,1790026596.605063,333,333,0,0,1,29.62,0,31,RF_ONLY_REVIEW,0,,E7:040:E1_TEST_NORMAL_01
40,1,E1_TEST_NORMAL_02,2026-09-21T21:36:37.107278Z,2026-09-21T21:37:06.891858Z,1790026597.107278,1790026626.891858,333,333,0,0,1,29.68,0,31,RF_ONLY_REVIEW,0,,E7:040:E1_TEST_NORMAL_02
40,2,E1_TEST_NORMAL_03,2026-09-21T21:37:07.393636Z,2026-09-21T21:37:37.412903Z,1790026627.393636,1790026657.412903,336,336,0,0,1,29.93,0,31,RF_ONLY_REVIEW,0,,E7:040:E1_TEST_NORMAL_03
40,3,E1_TEST_SCAN_01,2026-09-21T21:37:37.914848Z,2026-09-21T21:37:38.621953Z,1790026657.914848,1790026658.621953,1729,1729,0,0,1,0.62486,0,845,RF_ONLY_REVIEW,0,,E7:040:E1_TEST_SCAN_01
40,4,E1_TEST_SCAN_02,2026-09-21T21:37:39.125220Z,2026-09-21T21:37:39.752872Z,1790026659.125220,1790026659.752872,1715,1715,0,0,1,0.558872,0,837,RF_ONLY_REVIEW,0,,E7:040:E1_TEST_SCAN_02
40,5,E1_TEST_SCAN_03,2026-09-21T21:37:40.257340Z,2026-09-21T21:37:41.893840Z,1790026660.257340,1790026661.893840,1760,1760,0,0,1,1.55,0,861,RF_ONLY_REVIEW,0,,E7:040:E1_TEST_SCAN_03
40,6,E1_TEST_BRUTE_01,2026-09-21T21:37:42.397226Z,2026-09-21T21:37:53.692796Z,1790026662.397226,1790026673.692796,207,207,0,0,1,11.2,0,6,RF_ONLY_REVIEW,0,,E7:040:E1_TEST_BRUTE_01
40,7,E1_TEST_BRUTE_02,2026-09-21T21:37:54.194018Z,2026-09-21T21:38:05.327924Z,1790026674.194018,1790026685.327924,216,216,0,0,1,11.06,0,6,RF_ONLY_REVIEW,0,,E7:040:E1_TEST_BRUTE_02
40,8,E1_TEST_BRUTE_03,2026-09-21T21:38:05.829202Z,2026-09-21T21:38:17.004887Z,1790026685.829202,1790026697.004887,214,214,0,0,1,11.1,0,6,RF_ONLY_REVIEW,0,,E7:040:E1_TEST_BRUTE_03
40,9,E1_TEST_DOS_01,2026-09-21T21:38:17.506130Z,2026-09-21T21:38:54.615157Z,1790026697.506130,1790026734.615157,2659023,2659023,0,0,1,37.01,8640,65537,HYBRID_CORRELATED,1,25.411325,E7:040:E1_TEST_DOS_01
40,10,E1_TEST_DOS_02,2026-09-21T21:39:00.809505Z,2026-09-21T21:39:37.866807Z,1790026740.809505,1790026777.866807,2648088,2648088,0,0,1,36.95,60710,65537,HYBRID_CORRELATED,1,1e-06,E7:040:E1_TEST_DOS_02
40,11,E1_TEST_DOS_03,2026-09-21T21:39:55.412418Z,2026-09-21T21:40:32.246081Z,1790026795.412418,1790026832.246081,2600786,2600786,0,0,1,36.74,95806,65537,HYBRID_CORRELATED,1,1e-06,E7:040:E1_TEST_DOS_03
40,12,E1_TEST_EXPLOIT_01,2026-09-21T21:40:57.259247Z,2026-09-21T21:41:11.374045Z,1790026857.259247,1790026871.374045,23669,23666,3,0,1,14.02,0,2318,RF_ONLY_REVIEW,0,,E7:040:E1_TEST_EXPLOIT_01
40,13,E1_TEST_EXPLOIT_02,2026-09-21T21:41:11.957292Z,2026-09-21T21:41:21.517962Z,1790026871.957292,1790026881.517962,20747,20747,0,0,1,9.47,0,2072,RF_ONLY_REVIEW,0,,E7:040:E1_TEST_EXPLOIT_02
40,14,E1_TEST_EXPLOIT_03,2026-09-21T21:41:22.088559Z,2026-09-21T21:53:35.896038Z,1790026882.088559,1790027615.896038,71525,71523,2,0,1,733.7,0,21,RF_ONLY_REVIEW,0,,E7:040:E1_TEST_EXPLOIT_03
41,0,E1_TEST_NORMAL_01,2026-09-21T21:53:36.843467Z,2026-09-21T21:54:06.549870Z,1790027616.843467,1790027646.549870,333,333,0,0,1,29.62,0,31,RF_ONLY_REVIEW,0,,E7:041:E1_TEST_NORMAL_01
41,1,E1_TEST_NORMAL_02,2026-09-21T21:54:07.051616Z,2026-09-21T21:54:36.841884Z,1790027647.051616,1790027676.841884,333,333,0,0,1,29.68,0,31,RF_ONLY_REVIEW,0,,E7:041:E1_TEST_NORMAL_02
41,2,E1_TEST_NORMAL_03,2026-09-21T21:54:37.343575Z,2026-09-21T21:55:07.363901Z,1790027677.343575,1790027707.363901,336,336,0,0,1,29.93,0,31,RF_ONLY_REVIEW,0,,E7:041:E1_TEST_NORMAL_03
41,3,E1_TEST_SCAN_01,2026-09-21T21:55:07.865746Z,2026-09-21T21:55:08.579890Z,1790027707.865746,1790027708.579890,1729,1729,0,0,1,0.624656,0,845,RF_ONLY_REVIEW,0,,E7:041:E1_TEST_SCAN_01
41,4,E1_TEST_SCAN_02,2026-09-21T21:55:09.083136Z,2026-09-21T21:55:09.695899Z,1790027709.083136,1790027709.695899,1715,1715,0,0,1,0.558833,0,837,RF_ONLY_REVIEW,0,,E7:041:E1_TEST_SCAN_02
41,5,E1_TEST_SCAN_03,2026-09-21T21:55:10.200902Z,2026-09-21T21:55:11.827037Z,1790027710.200902,1790027711.827037,1760,1760,0,0,1,1.55,0,861,RF_ONLY_REVIEW,0,,E7:041:E1_TEST_SCAN_03
41,6,E1_TEST_BRUTE_01,2026-09-21T21:55:12.330462Z,2026-09-21T21:55:23.615975Z,1790027712.330462,1790027723.615975,207,207,0,0,1,11.2,0,6,RF_ONLY_REVIEW,0,,E7:041:E1_TEST_BRUTE_01
41,7,E1_TEST_BRUTE_02,2026-09-21T21:55:24.118076Z,2026-09-21T21:55:35.270921Z,1790027724.118076,1790027735.270921,216,216,0,0,1,11.06,0,6,RF_ONLY_REVIEW,0,,E7:041:E1_TEST_BRUTE_02
41,8,E1_TEST_BRUTE_03,2026-09-21T21:55:35.772220Z,2026-09-21T21:55:46.942973Z,1790027735.772220,1790027746.942973,214,214,0,0,1,11.1,0,6,RF_ONLY_REVIEW,0,,E7:041:E1_TEST_BRUTE_03
41,9,E1_TEST_DOS_01,2026-09-21T21:55:47.444902Z,2026-09-21T21:56:24.439708Z,1790027747.444902,1790027784.439708,2659023,2659023,0,0,1,36.91,8640,65537,HYBRID_CORRELATED,1,25.301461,E7:041:E1_TEST_DOS_01
41,10,E1_TEST_DOS_02,2026-09-21T21:56:30.626633Z,2026-09-21T21:57:07.701080Z,1790027790.626633,1790027827.701080,2648088,2648088,0,0,1,36.98,60710,65537,HYBRID_CORRELATED,1,0.0,E7:041:E1_TEST_DOS_02
41,11,E1_TEST_DOS_03,2026-09-21T21:57:25.191624Z,2026-09-21T21:58:02.089685Z,1790027845.191624,1790027882.089685,2600786,2600786,0,0,1,36.79,95806,65537,HYBRID_CORRELATED,1,0.0,E7:041:E1_TEST_DOS_03
41,12,E1_TEST_EXPLOIT_01,2026-09-21T21:58:27.076877Z,2026-09-21T21:58:41.172992Z,1790027907.076877,1790027921.172992,23669,23666,3,0,1,14.02,0,2318,RF_ONLY_REVIEW,0,,E7:041:E1_TEST_EXPLOIT_01
41,13,E1_TEST_EXPLOIT_02,2026-09-21T21:58:41.762801Z,2026-09-21T21:58:51.309977Z,1790027921.762801,1790027931.309977,20747,20747,0,0,1,9.46,0,2072,RF_ONLY_REVIEW,0,,E7:041:E1_TEST_EXPLOIT_02
41,14,E1_TEST_EXPLOIT_03,2026-09-21T21:58:51.878587Z,2026-09-21T22:11:05.665913Z,1790027931.878587,1790028665.665913,71525,71523,2,0,1,733.7,0,21,RF_ONLY_REVIEW,0,,E7:041:E1_TEST_EXPLOIT_03
42,0,E1_TEST_NORMAL_01,2026-09-21T22:11:06.610571Z,2026-09-21T22:11:36.295819Z,1790028666.610571,1790028696.295819,333,333,0,0,1,29.62,0,31,RF_ONLY_REVIEW,0,,E7:042:E1_TEST_NORMAL_01
42,1,E1_TEST_NORMAL_02,2026-09-21T22:11:36.798220Z,2026-09-21T22:12:06.550815Z,1790028696.798220,1790028726.550815,333,333,0,0,1,29.68,0,31,RF_ONLY_REVIEW,0,,E7:042:E1_TEST_NORMAL_02
42,2,E1_TEST_NORMAL_03,2026-09-21T22:12:07.052573Z,2026-09-21T22:12:37.054840Z,1790028727.052573,1790028757.054840,336,336,0,0,1,29.93,0,31,RF_ONLY_REVIEW,0,,E7:042:E1_TEST_NORMAL_03
42,3,E1_TEST_SCAN_01,2026-09-21T22:12:37.556634Z,2026-09-21T22:12:38.270906Z,1790028757.556634,1790028758.270906,1729,1729,0,0,1,0.624722,0,845,RF_ONLY_REVIEW,0,,E7:042:E1_TEST_SCAN_01
42,4,E1_TEST_SCAN_02,2026-09-21T22:12:38.774320Z,2026-09-21T22:12:39.395979Z,1790028758.774320,1790028759.395979,1715,1715,0,0,1,0.558955,0,837,RF_ONLY_REVIEW,0,,E7:042:E1_TEST_SCAN_02
42,5,E1_TEST_SCAN_03,2026-09-21T22:12:39.899503Z,2026-09-21T22:12:41.505954Z,1790028759.899503,1790028761.505954,1760,1760,0,0,1,1.55,0,861,RF_ONLY_REVIEW,0,,E7:042:E1_TEST_SCAN_03
42,6,E1_TEST_BRUTE_01,2026-09-21T22:12:42.009262Z,2026-09-21T22:12:53.307875Z,1790028762.009262,1790028773.307875,207,207,0,0,1,11.2,0,6,RF_ONLY_REVIEW,0,,E7:042:E1_TEST_BRUTE_01
42,7,E1_TEST_BRUTE_02,2026-09-21T22:12:53.809113Z,2026-09-21T22:13:04.951885Z,1790028773.809113,1790028784.951885,216,216,0,0,1,11.06,0,6,RF_ONLY_REVIEW,0,,E7:042:E1_TEST_BRUTE_02
42,8,E1_TEST_BRUTE_03,2026-09-21T22:13:05.453933Z,2026-09-21T22:13:16.617832Z,1790028785.453933,1790028796.617832,214,214,0,0,1,11.1,0,6,RF_ONLY_REVIEW,0,,E7:042:E1_TEST_BRUTE_03
42,9,E1_TEST_DOS_01,2026-09-21T22:13:17.119019Z,2026-09-21T22:13:54.143753Z,1790028797.119019,1790028834.143753,2659023,2659023,0,0,1,36.93,8640,65537,HYBRID_CORRELATED,1,25.340938,E7:042:E1_TEST_DOS_01
42,10,E1_TEST_DOS_02,2026-09-21T22:14:00.334887Z,2026-09-21T22:14:37.416904Z,1790028840.334887,1790028877.416904,2648088,2648088,0,0,1,37.01,60710,65537,HYBRID_CORRELATED,1,1e-06,E7:042:E1_TEST_DOS_02
42,11,E1_TEST_DOS_03,2026-09-21T22:14:54.823153Z,2026-09-21T22:15:31.684778Z,1790028894.823153,1790028931.684778,2600786,2600786,0,0,1,36.77,95806,65537,HYBRID_CORRELATED,1,0.0,E7:042:E1_TEST_DOS_03
42,12,E1_TEST_EXPLOIT_01,2026-09-21T22:15:56.552493Z,2026-09-21T22:16:10.638040Z,1790028956.552493,1790028970.638040,23669,23666,3,0,1,14.02,0,2318,RF_ONLY_REVIEW,0,,E7:042:E1_TEST_EXPLOIT_01
42,13,E1_TEST_EXPLOIT_02,2026-09-21T22:16:11.217534Z,2026-09-21T22:16:20.774034Z,1790028971.217534,1790028980.774034,20747,20747,0,0,1,9.46,0,2072,RF_ONLY_REVIEW,0,,E7:042:E1_TEST_EXPLOIT_02
42,14,E1_TEST_EXPLOIT_03,2026-09-21T22:16:21.341614Z,2026-09-21T22:28:35.123913Z,1790028981.341614,1790029715.123913,71525,71523,2,0,1,733.7,0,21,RF_ONLY_REVIEW,0,,E7:042:E1_TEST_EXPLOIT_03
43,0,E1_TEST_NORMAL_01,2026-09-21T22:28:36.067728Z,2026-09-21T22:29:05.779844Z,1790029716.067728,1790029745.779844,333,333,0,0,1,29.62,0,31,RF_ONLY_REVIEW,0,,E7:043:E1_TEST_NORMAL_01
43,1,E1_TEST_NORMAL_02,2026-09-21T22:29:06.281598Z,2026-09-21T22:29:36.034803Z,1790029746.281598,1790029776.034803,333,333,0,0,1,29.68,0,31,RF_ONLY_REVIEW,0,,E7:043:E1_TEST_NORMAL_02
43,2,E1_TEST_NORMAL_03,2026-09-21T22:29:36.536548Z,2026-09-21T22:30:06.545961Z,1790029776.536548,1790029806.545961,336,336,0,0,1,29.93,0,31,RF_ONLY_REVIEW,0,,E7:043:E1_TEST_NORMAL_03
43,3,E1_TEST_SCAN_01,2026-09-21T22:30:07.048178Z,2026-09-21T22:30:07.770897Z,1790029807.048178,1790029807.770897,1729,1729,0,0,1,0.624525,0,845,RF_ONLY_REVIEW,0,,E7:043:E1_TEST_SCAN_01
43,4,E1_TEST_SCAN_02,2026-09-21T22:30:08.274141Z,2026-09-21T22:30:08.903925Z,1790029808.274141,1790029808.903925,1715,1715,0,0,1,0.558558,0,837,RF_ONLY_REVIEW,0,,E7:043:E1_TEST_SCAN_02
43,5,E1_TEST_SCAN_03,2026-09-21T22:30:09.409683Z,2026-09-21T22:30:11.031926Z,1790029809.409683,1790029811.031926,1760,1760,0,0,1,1.55,0,861,RF_ONLY_REVIEW,0,,E7:043:E1_TEST_SCAN_03
43,6,E1_TEST_BRUTE_01,2026-09-21T22:30:11.535264Z,2026-09-21T22:30:22.810838Z,1790029811.535264,1790029822.810838,207,207,0,0,1,11.2,0,6,RF_ONLY_REVIEW,0,,E7:043:E1_TEST_BRUTE_01
43,7,E1_TEST_BRUTE_02,2026-09-21T22:30:23.312057Z,2026-09-21T22:30:34.448885Z,1790029823.312057,1790029834.448885,216,216,0,0,1,11.06,0,6,RF_ONLY_REVIEW,0,,E7:043:E1_TEST_BRUTE_02
43,8,E1_TEST_BRUTE_03,2026-09-21T22:30:34.950096Z,2026-09-21T22:30:46.144981Z,1790029834.950096,1790029846.144981,214,214,0,0,1,11.1,0,6,RF_ONLY_REVIEW,0,,E7:043:E1_TEST_BRUTE_03
43,9,E1_TEST_DOS_01,2026-09-21T22:30:46.646226Z,2026-09-21T22:31:23.555473Z,1790029846.646226,1790029883.555473,2659023,2659023,0,0,1,36.8,8640,65537,HYBRID_CORRELATED,1,25.26985,E7:043:E1_TEST_DOS_01
43,10,E1_TEST_DOS_02,2026-09-21T22:31:29.759510Z,2026-09-21T22:32:06.771165Z,1790029889.759510,1790029926.771165,2648088,2648088,0,0,1,36.92,60710,65537,HYBRID_CORRELATED,1,0.0,E7:043:E1_TEST_DOS_02
43,11,E1_TEST_DOS_03,2026-09-21T22:32:24.232950Z,2026-09-21T22:33:01.153890Z,1790029944.232950,1790029981.153890,2600786,2600786,0,0,1,36.81,95806,65537,HYBRID_CORRELATED,1,0.0,E7:043:E1_TEST_DOS_03
43,12,E1_TEST_EXPLOIT_01,2026-09-21T22:33:26.024864Z,2026-09-21T22:33:40.121000Z,1790030006.024864,1790030020.121000,23669,23666,3,0,1,14.02,0,2318,RF_ONLY_REVIEW,0,,E7:043:E1_TEST_EXPLOIT_01
43,13,E1_TEST_EXPLOIT_02,2026-09-21T22:33:40.701380Z,2026-09-21T22:33:50.249007Z,1790030020.701380,1790030030.249007,20747,20747,0,0,1,9.46,0,2072,RF_ONLY_REVIEW,0,,E7:043:E1_TEST_EXPLOIT_02
43,14,E1_TEST_EXPLOIT_03,2026-09-21T22:33:50.825650Z,2026-09-21T22:46:04.621855Z,1790030030.825650,1790030764.621855,71525,71523,2,0,1,733.71,0,21,RF_ONLY_REVIEW,0,,E7:043:E1_TEST_EXPLOIT_03
44,0,E1_TEST_NORMAL_01,2026-09-21T22:46:05.567452Z,2026-09-21T22:46:35.263887Z,1790030765.567452,1790030795.263887,333,333,0,0,1,29.62,0,31,RF_ONLY_REVIEW,0,,E7:044:E1_TEST_NORMAL_01
44,1,E1_TEST_NORMAL_02,2026-09-21T22:46:35.766925Z,2026-09-21T22:47:05.528146Z,1790030795.766925,1790030825.528146,333,333,0,0,1,29.68,0,31,RF_ONLY_REVIEW,0,,E7:044:E1_TEST_NORMAL_02
44,2,E1_TEST_NORMAL_03,2026-09-21T22:47:06.029980Z,2026-09-21T22:47:36.050859Z,1790030826.029980,1790030856.050859,336,336,0,0,1,29.93,0,31,RF_ONLY_REVIEW,0,,E7:044:E1_TEST_NORMAL_03
44,3,E1_TEST_SCAN_01,2026-09-21T22:47:36.554108Z,2026-09-21T22:47:37.251949Z,1790030856.554108,1790030857.251949,1729,1729,0,0,1,0.624781,0,845,RF_ONLY_REVIEW,0,,E7:044:E1_TEST_SCAN_01
44,4,E1_TEST_SCAN_02,2026-09-21T22:47:37.755187Z,2026-09-21T22:47:38.389893Z,1790030857.755187,1790030858.389893,1715,1715,0,0,1,0.55885,0,837,RF_ONLY_REVIEW,0,,E7:044:E1_TEST_SCAN_02
44,5,E1_TEST_SCAN_03,2026-09-21T22:47:38.893382Z,2026-09-21T22:47:40.510953Z,1790030858.893382,1790030860.510953,1760,1760,0,0,1,1.55,0,861,RF_ONLY_REVIEW,0,,E7:044:E1_TEST_SCAN_03
44,6,E1_TEST_BRUTE_01,2026-09-21T22:47:41.014242Z,2026-09-21T22:47:52.312817Z,1790030861.014242,1790030872.312817,207,207,0,0,1,11.2,0,6,RF_ONLY_REVIEW,0,,E7:044:E1_TEST_BRUTE_01
44,7,E1_TEST_BRUTE_02,2026-09-21T22:47:52.814087Z,2026-09-21T22:48:03.979934Z,1790030872.814087,1790030883.979934,216,216,0,0,1,11.06,0,6,RF_ONLY_REVIEW,0,,E7:044:E1_TEST_BRUTE_02
44,8,E1_TEST_BRUTE_03,2026-09-21T22:48:04.481133Z,2026-09-21T22:48:15.665930Z,1790030884.481133,1790030895.665930,214,214,0,0,1,11.1,0,6,RF_ONLY_REVIEW,0,,E7:044:E1_TEST_BRUTE_03
44,9,E1_TEST_DOS_01,2026-09-21T22:48:16.168156Z,2026-09-21T22:48:53.214374Z,1790030896.168156,1790030933.214374,2659023,2659023,0,0,1,36.96,8640,65537,HYBRID_CORRELATED,1,25.360574,E7:044:E1_TEST_DOS_01
44,10,E1_TEST_DOS_02,2026-09-21T22:48:59.418218Z,2026-09-21T22:49:36.435673Z,1790030939.418218,1790030976.435673,2648088,2648088,0,0,1,36.92,60710,65537,HYBRID_CORRELATED,1,1e-06,E7:044:E1_TEST_DOS_02
44,11,E1_TEST_DOS_03,2026-09-21T22:49:53.912006Z,2026-09-21T22:50:30.737967Z,1790030993.912006,1790031030.737967,2600786,2600786,0,0,1,36.74,95806,65537,HYBRID_CORRELATED,1,0.0,E7:044:E1_TEST_DOS_03
44,12,E1_TEST_EXPLOIT_01,2026-09-21T22:50:55.683333Z,2026-09-21T22:51:09.783041Z,1790031055.683333,1790031069.783041,23669,23666,3,0,1,14.02,0,2318,RF_ONLY_REVIEW,0,,E7:044:E1_TEST_EXPLOIT_01
44,13,E1_TEST_EXPLOIT_02,2026-09-21T22:51:10.365680Z,2026-09-21T22:51:19.922353Z,1790031070.365680,1790031079.922353,20747,20747,0,0,1,9.47,0,2072,RF_ONLY_REVIEW,0,,E7:044:E1_TEST_EXPLOIT_02
44,14,E1_TEST_EXPLOIT_03,2026-09-21T22:51:20.512029Z,2026-09-21T23:03:34.273854Z,1790031080.512029,1790031814.273854,71525,71523,2,0,1,733.7,0,21,RF_ONLY_REVIEW,0,,E7:044:E1_TEST_EXPLOIT_03
45,0,E1_TEST_NORMAL_01,2026-09-21T23:03:35.231002Z,2026-09-21T23:04:04.931935Z,1790031815.231002,1790031844.931935,333,333,0,0,1,29.62,0,31,RF_ONLY_REVIEW,0,,E7:045:E1_TEST_NORMAL_01
45,1,E1_TEST_NORMAL_02,2026-09-21T23:04:05.434886Z,2026-09-21T23:04:35.204885Z,1790031845.434886,1790031875.204885,333,333,0,0,1,29.68,0,31,RF_ONLY_REVIEW,0,,E7:045:E1_TEST_NORMAL_02
45,2,E1_TEST_NORMAL_03,2026-09-21T23:04:35.706717Z,2026-09-21T23:05:05.707835Z,1790031875.706717,1790031905.707835,336,336,0,0,1,29.93,0,31,RF_ONLY_REVIEW,0,,E7:045:E1_TEST_NORMAL_03
45,3,E1_TEST_SCAN_01,2026-09-21T23:05:06.209798Z,2026-09-21T23:05:06.903937Z,1790031906.209798,1790031906.903937,1729,1729,0,0,1,0.624888,0,845,RF_ONLY_REVIEW,0,,E7:045:E1_TEST_SCAN_01
45,4,E1_TEST_SCAN_02,2026-09-21T23:05:07.409869Z,2026-09-21T23:05:08.058929Z,1790031907.409869,1790031908.058929,1715,1715,0,0,1,0.558766,0,837,RF_ONLY_REVIEW,0,,E7:045:E1_TEST_SCAN_02
45,5,E1_TEST_SCAN_03,2026-09-21T23:05:08.564879Z,2026-09-21T23:05:10.205894Z,1790031908.564879,1790031910.205894,1760,1760,0,0,1,1.55,0,861,RF_ONLY_REVIEW,0,,E7:045:E1_TEST_SCAN_03
45,6,E1_TEST_BRUTE_01,2026-09-21T23:05:10.710776Z,2026-09-21T23:05:22.019887Z,1790031910.710776,1790031922.019887,207,207,0,0,1,11.2,0,6,RF_ONLY_REVIEW,0,,E7:045:E1_TEST_BRUTE_01
45,7,E1_TEST_BRUTE_02,2026-09-21T23:05:22.521118Z,2026-09-21T23:05:33.655915Z,1790031922.521118,1790031933.655915,216,216,0,0,1,11.06,0,6,RF_ONLY_REVIEW,0,,E7:045:E1_TEST_BRUTE_02
45,8,E1_TEST_BRUTE_03,2026-09-21T23:05:34.158116Z,2026-09-21T23:05:45.332864Z,1790031934.158116,1790031945.332864,214,214,0,0,1,11.1,0,6,RF_ONLY_REVIEW,0,,E7:045:E1_TEST_BRUTE_03
45,9,E1_TEST_DOS_01,2026-09-21T23:05:45.834554Z,2026-09-21T23:06:22.915860Z,1790031945.834554,1790031982.915860,2659023,2659023,0,0,1,37.01,8640,65537,HYBRID_CORRELATED,1,25.373517,E7:045:E1_TEST_DOS_01
45,10,E1_TEST_DOS_02,2026-09-21T23:06:29.134954Z,2026-09-21T23:07:06.132171Z,1790031989.134954,1790032026.132171,2648088,2648088,0,0,1,36.9,60710,65537,HYBRID_CORRELATED,1,1e-06,E7:045:E1_TEST_DOS_02
45,11,E1_TEST_DOS_03,2026-09-21T23:07:23.623768Z,2026-09-21T23:08:00.498882Z,1790032043.623768,1790032080.498882,2600786,2600786,0,0,1,36.77,95806,65537,HYBRID_CORRELATED,1,0.0,E7:045:E1_TEST_DOS_03
45,12,E1_TEST_EXPLOIT_01,2026-09-21T23:08:25.518395Z,2026-09-21T23:08:39.633003Z,1790032105.518395,1790032119.633003,23669,23666,3,0,1,14.02,0,2318,RF_ONLY_REVIEW,0,,E7:045:E1_TEST_EXPLOIT_01
45,13,E1_TEST_EXPLOIT_02,2026-09-21T23:08:40.214340Z,2026-09-21T23:08:49.754025Z,1790032120.214340,1790032129.754025,20747,20747,0,0,1,9.46,0,2072,RF_ONLY_REVIEW,0,,E7:045:E1_TEST_EXPLOIT_02
45,14,E1_TEST_EXPLOIT_03,2026-09-21T23:08:50.331112Z,2026-09-21T23:21:04.128858Z,1790032130.331112,1790032864.128858,71525,71523,2,0,1,733.7,0,21,RF_ONLY_REVIEW,0,,E7:045:E1_TEST_EXPLOIT_03
46,0,E1_TEST_NORMAL_01,2026-09-21T23:21:05.076602Z,2026-09-21T23:21:34.797827Z,1790032865.076602,1790032894.797827,333,333,0,0,1,29.62,0,31,RF_ONLY_REVIEW,0,,E7:046:E1_TEST_NORMAL_01
46,1,E1_TEST_NORMAL_02,2026-09-21T23:21:35.299602Z,2026-09-21T23:22:05.047969Z,1790032895.299602,1790032925.047969,333,333,0,0,1,29.68,0,31,RF_ONLY_REVIEW,0,,E7:046:E1_TEST_NORMAL_02
46,2,E1_TEST_NORMAL_03,2026-09-21T23:22:05.549657Z,2026-09-21T23:22:35.548862Z,1790032925.549657,1790032955.548862,336,336,0,0,1,29.93,0,31,RF_ONLY_REVIEW,0,,E7:046:E1_TEST_NORMAL_03
46,3,E1_TEST_SCAN_01,2026-09-21T23:22:36.051647Z,2026-09-21T23:22:36.751909Z,1790032956.051647,1790032956.751909,1729,1729,0,0,1,0.624585,0,845,RF_ONLY_REVIEW,0,,E7:046:E1_TEST_SCAN_01
46,4,E1_TEST_SCAN_02,2026-09-21T23:22:37.255274Z,2026-09-21T23:22:37.911910Z,1790032957.255274,1790032957.911910,1715,1715,0,0,1,0.558676,0,837,RF_ONLY_REVIEW,0,,E7:046:E1_TEST_SCAN_02
46,5,E1_TEST_SCAN_03,2026-09-21T23:22:38.415890Z,2026-09-21T23:22:40.021959Z,1790032958.415890,1790032960.021959,1760,1760,0,0,1,1.55,0,861,RF_ONLY_REVIEW,0,,E7:046:E1_TEST_SCAN_03
46,6,E1_TEST_BRUTE_01,2026-09-21T23:22:40.525308Z,2026-09-21T23:22:51.816824Z,1790032960.525308,1790032971.816824,207,207,0,0,1,11.2,0,6,RF_ONLY_REVIEW,0,,E7:046:E1_TEST_BRUTE_01
46,7,E1_TEST_BRUTE_02,2026-09-21T23:22:52.317988Z,2026-09-21T23:23:03.471873Z,1790032972.317988,1790032983.471873,216,216,0,0,1,11.06,0,6,RF_ONLY_REVIEW,0,,E7:046:E1_TEST_BRUTE_02
46,8,E1_TEST_BRUTE_03,2026-09-21T23:23:03.974088Z,2026-09-21T23:23:15.160873Z,1790032983.974088,1790032995.160873,214,214,0,0,1,11.1,0,6,RF_ONLY_REVIEW,0,,E7:046:E1_TEST_BRUTE_03
46,9,E1_TEST_DOS_01,2026-09-21T23:23:15.662948Z,2026-09-21T23:23:52.642612Z,1790032995.662948,1790033032.642612,2659023,2659023,0,0,1,36.89,8640,65537,HYBRID_CORRELATED,1,25.287052,E7:046:E1_TEST_DOS_01
46,10,E1_TEST_DOS_02,2026-09-21T23:23:58.800367Z,2026-09-21T23:24:35.792960Z,1790033038.800367,1790033075.792960,2648088,2648088,0,0,1,36.89,60710,65537,HYBRID_CORRELATED,1,0.0,E7:046:E1_TEST_DOS_02
46,11,E1_TEST_DOS_03,2026-09-21T23:24:53.234073Z,2026-09-21T23:25:30.036023Z,1790033093.234073,1790033130.036023,2600786,2600786,0,0,1,36.73,95806,65537,HYBRID_CORRELATED,1,0.0,E7:046:E1_TEST_DOS_03
46,12,E1_TEST_EXPLOIT_01,2026-09-21T23:25:55.008305Z,2026-09-21T23:26:09.112987Z,1790033155.008305,1790033169.112987,23669,23666,3,0,1,14.02,0,2318,RF_ONLY_REVIEW,0,,E7:046:E1_TEST_EXPLOIT_01
46,13,E1_TEST_EXPLOIT_02,2026-09-21T23:26:09.696184Z,2026-09-21T23:26:19.248501Z,1790033169.696184,1790033179.248501,20747,20747,0,0,1,9.46,0,2072,RF_ONLY_REVIEW,0,,E7:046:E1_TEST_EXPLOIT_02
46,14,E1_TEST_EXPLOIT_03,2026-09-21T23:26:19.819665Z,2026-09-21T23:38:33.585965Z,1790033179.819665,1790033913.585965,71525,71523,2,0,1,733.7,0,21,RF_ONLY_REVIEW,0,,E7:046:E1_TEST_EXPLOIT_03
47,0,E1_TEST_NORMAL_01,2026-09-21T23:38:34.547812Z,2026-09-21T23:39:04.232920Z,1790033914.547812,1790033944.232920,333,333,0,0,1,29.62,0,31,RF_ONLY_REVIEW,0,,E7:047:E1_TEST_NORMAL_01
47,1,E1_TEST_NORMAL_02,2026-09-21T23:39:04.734708Z,2026-09-21T23:39:34.482905Z,1790033944.734708,1790033974.482905,333,333,0,0,1,29.68,0,31,RF_ONLY_REVIEW,0,,E7:047:E1_TEST_NORMAL_02
47,2,E1_TEST_NORMAL_03,2026-09-21T23:39:34.984704Z,2026-09-21T23:40:04.987909Z,1790033974.984704,1790034004.987909,336,336,0,0,1,29.93,0,31,RF_ONLY_REVIEW,0,,E7:047:E1_TEST_NORMAL_03
47,3,E1_TEST_SCAN_01,2026-09-21T23:40:05.489757Z,2026-09-21T23:40:06.196007Z,1790034005.489757,1790034006.196007,1729,1729,0,0,1,0.62488,0,845,RF_ONLY_REVIEW,0,,E7:047:E1_TEST_SCAN_01
47,4,E1_TEST_SCAN_02,2026-09-21T23:40:06.699390Z,2026-09-21T23:40:07.341012Z,1790034006.699390,1790034007.341012,1715,1715,0,0,1,0.558806,0,837,RF_ONLY_REVIEW,0,,E7:047:E1_TEST_SCAN_02
47,5,E1_TEST_SCAN_03,2026-09-21T23:40:07.846094Z,2026-09-21T23:40:09.478038Z,1790034007.846094,1790034009.478038,1760,1760,0,0,1,1.55,0,861,RF_ONLY_REVIEW,0,,E7:047:E1_TEST_SCAN_03
47,6,E1_TEST_BRUTE_01,2026-09-21T23:40:09.981486Z,2026-09-21T23:40:21.263860Z,1790034009.981486,1790034021.263860,207,207,0,0,1,11.2,0,6,RF_ONLY_REVIEW,0,,E7:047:E1_TEST_BRUTE_01
47,7,E1_TEST_BRUTE_02,2026-09-21T23:40:21.765895Z,2026-09-21T23:40:32.915892Z,1790034021.765895,1790034032.915892,216,216,0,0,1,11.06,0,6,RF_ONLY_REVIEW,0,,E7:047:E1_TEST_BRUTE_02
47,8,E1_TEST_BRUTE_03,2026-09-21T23:40:33.417180Z,2026-09-21T23:40:44.603900Z,1790034033.417180,1790034044.603900,214,214,0,0,1,11.1,0,6,RF_ONLY_REVIEW,0,,E7:047:E1_TEST_BRUTE_03
47,9,E1_TEST_DOS_01,2026-09-21T23:40:45.105090Z,2026-09-21T23:41:22.182879Z,1790034045.105090,1790034082.182879,2659023,2659023,0,0,1,37.01,8640,65537,HYBRID_CORRELATED,1,25.354363,E7:047:E1_TEST_DOS_01
47,10,E1_TEST_DOS_02,2026-09-21T23:41:28.443484Z,2026-09-21T23:42:05.465181Z,1790034088.443484,1790034125.465181,2648088,2648088,0,0,1,36.93,60710,65537,HYBRID_CORRELATED,1,0.0,E7:047:E1_TEST_DOS_02
47,11,E1_TEST_DOS_03,2026-09-21T23:42:23.117520Z,2026-09-21T23:43:00.093325Z,1790034143.117520,1790034180.093325,2600786,2600786,0,0,1,36.91,95806,65537,HYBRID_CORRELATED,1,0.0,E7:047:E1_TEST_DOS_03
47,12,E1_TEST_EXPLOIT_01,2026-09-21T23:43:25.144423Z,2026-09-21T23:43:39.264635Z,1790034205.144423,1790034219.264635,23669,23666,3,0,1,14.02,0,2318,RF_ONLY_REVIEW,0,,E7:047:E1_TEST_EXPLOIT_01
47,13,E1_TEST_EXPLOIT_02,2026-09-21T23:43:39.845525Z,2026-09-21T23:43:49.380095Z,1790034219.845525,1790034229.380095,20747,20747,0,0,1,9.46,0,2072,RF_ONLY_REVIEW,0,,E7:047:E1_TEST_EXPLOIT_02
47,14,E1_TEST_EXPLOIT_03,2026-09-21T23:43:49.950774Z,2026-09-21T23:56:03.732850Z,1790034229.950774,1790034963.732850,71525,71523,2,0,1,733.7,0,21,RF_ONLY_REVIEW,0,,E7:047:E1_TEST_EXPLOIT_03
48,0,E1_TEST_NORMAL_01,2026-09-21T23:56:04.680746Z,2026-09-21T23:56:34.367847Z,1790034964.680746,1790034994.367847,333,333,0,0,1,29.62,0,31,RF_ONLY_REVIEW,0,,E7:048:E1_TEST_NORMAL_01
48,1,E1_TEST_NORMAL_02,2026-09-21T23:56:34.869619Z,2026-09-21T23:57:04.632812Z,1790034994.869619,1790035024.632812,333,333,0,0,1,29.68,0,31,RF_ONLY_REVIEW,0,,E7:048:E1_TEST_NORMAL_02
48,2,E1_TEST_NORMAL_03,2026-09-21T23:57:05.134552Z,2026-09-21T23:57:35.149039Z,1790035025.134552,1790035055.149039,336,336,0,0,1,29.93,0,31,RF_ONLY_REVIEW,0,,E7:048:E1_TEST_NORMAL_03
48,3,E1_TEST_SCAN_01,2026-09-21T23:57:35.650935Z,2026-09-21T23:57:36.342978Z,1790035055.650935,1790035056.342978,1729,1729,0,0,1,0.625215,0,845,RF_ONLY_REVIEW,0,,E7:048:E1_TEST_SCAN_01
48,4,E1_TEST_SCAN_02,2026-09-21T23:57:36.846214Z,2026-09-21T23:57:37.486939Z,1790035056.846214,1790035057.486939,1715,1715,0,0,1,0.559338,0,837,RF_ONLY_REVIEW,0,,E7:048:E1_TEST_SCAN_02
48,5,E1_TEST_SCAN_03,2026-09-21T23:57:37.990222Z,2026-09-21T23:57:39.624025Z,1790035057.990222,1790035059.624025,1760,1760,0,0,1,1.55,0,861,RF_ONLY_REVIEW,0,,E7:048:E1_TEST_SCAN_03
48,6,E1_TEST_BRUTE_01,2026-09-21T23:57:40.127275Z,2026-09-21T23:57:51.411055Z,1790035060.127275,1790035071.411055,207,207,0,0,1,11.2,0,6,RF_ONLY_REVIEW,0,,E7:048:E1_TEST_BRUTE_01
48,7,E1_TEST_BRUTE_02,2026-09-21T23:57:51.913162Z,2026-09-21T23:58:03.064880Z,1790035071.913162,1790035083.064880,216,216,0,0,1,11.06,0,6,RF_ONLY_REVIEW,0,,E7:048:E1_TEST_BRUTE_02
48,8,E1_TEST_BRUTE_03,2026-09-21T23:58:03.566873Z,2026-09-21T23:58:14.760899Z,1790035083.566873,1790035094.760899,214,214,0,0,1,11.1,0,6,RF_ONLY_REVIEW,0,,E7:048:E1_TEST_BRUTE_03
48,9,E1_TEST_DOS_01,2026-09-21T23:58:15.263091Z,2026-09-21T23:58:52.261301Z,1790035095.263091,1790035132.261301,2659023,2659023,0,0,1,36.9,8640,65537,HYBRID_CORRELATED,1,25.325941,E7:048:E1_TEST_DOS_01
48,10,E1_TEST_DOS_02,2026-09-21T23:58:58.502085Z,2026-09-21T23:59:35.467580Z,1790035138.502085,1790035175.467580,2648088,2648088,0,0,1,36.86,60710,65537,HYBRID_CORRELATED,1,2e-06,E7:048:E1_TEST_DOS_02
48,11,E1_TEST_DOS_03,2026-09-21T23:59:53.074917Z,2026-09-22T00:00:29.837763Z,1790035193.074917,1790035229.837763,2600786,2600786,0,0,1,36.67,95806,65537,HYBRID_CORRELATED,1,0.0,E7:048:E1_TEST_DOS_03
48,12,E1_TEST_EXPLOIT_01,2026-09-22T00:00:54.734845Z,2026-09-22T00:01:08.817105Z,1790035254.734845,1790035268.817105,23669,23666,3,0,1,14.02,0,2318,RF_ONLY_REVIEW,0,,E7:048:E1_TEST_EXPLOIT_01
48,13,E1_TEST_EXPLOIT_02,2026-09-22T00:01:09.399181Z,2026-09-22T00:01:18.935066Z,1790035269.399181,1790035278.935066,20747,20747,0,0,1,9.46,0,2072,RF_ONLY_REVIEW,0,,E7:048:E1_TEST_EXPLOIT_02
48,14,E1_TEST_EXPLOIT_03,2026-09-22T00:01:19.505847Z,2026-09-22T00:13:33.304878Z,1790035279.505847,1790036013.304878,71525,71523,2,0,1,733.7,0,21,RF_ONLY_REVIEW,0,,E7:048:E1_TEST_EXPLOIT_03
49,0,E1_TEST_NORMAL_01,2026-09-22T00:13:34.263183Z,2026-09-22T00:14:03.970883Z,1790036014.263183,1790036043.970883,333,333,0,0,1,29.62,0,31,RF_ONLY_REVIEW,0,,E7:049:E1_TEST_NORMAL_01
49,1,E1_TEST_NORMAL_02,2026-09-22T00:14:04.473412Z,2026-09-22T00:14:34.236891Z,1790036044.473412,1790036074.236891,333,333,0,0,1,29.68,0,31,RF_ONLY_REVIEW,0,,E7:049:E1_TEST_NORMAL_02
49,2,E1_TEST_NORMAL_03,2026-09-22T00:14:34.738707Z,2026-09-22T00:15:04.760827Z,1790036074.738707,1790036104.760827,336,336,0,0,1,29.93,0,31,RF_ONLY_REVIEW,0,,E7:049:E1_TEST_NORMAL_03
49,3,E1_TEST_SCAN_01,2026-09-22T00:15:05.263660Z,2026-09-22T00:15:05.948927Z,1790036105.263660,1790036105.948927,1729,1729,0,0,1,0.625147,0,845,RF_ONLY_REVIEW,0,,E7:049:E1_TEST_SCAN_01
49,4,E1_TEST_SCAN_02,2026-09-22T00:15:06.452276Z,2026-09-22T00:15:07.061895Z,1790036106.452276,1790036107.061895,1715,1715,0,0,1,0.558926,0,837,RF_ONLY_REVIEW,0,,E7:049:E1_TEST_SCAN_02
49,5,E1_TEST_SCAN_03,2026-09-22T00:15:07.566016Z,2026-09-22T00:15:09.178925Z,1790036107.566016,1790036109.178925,1760,1760,0,0,1,1.55,0,861,RF_ONLY_REVIEW,0,,E7:049:E1_TEST_SCAN_03
49,6,E1_TEST_BRUTE_01,2026-09-22T00:15:09.683889Z,2026-09-22T00:15:20.972954Z,1790036109.683889,1790036120.972954,207,207,0,0,1,11.2,0,6,RF_ONLY_REVIEW,0,,E7:049:E1_TEST_BRUTE_01
49,7,E1_TEST_BRUTE_02,2026-09-22T00:15:21.474228Z,2026-09-22T00:15:32.643934Z,1790036121.474228,1790036132.643934,216,216,0,0,1,11.06,0,6,RF_ONLY_REVIEW,0,,E7:049:E1_TEST_BRUTE_02
49,8,E1_TEST_BRUTE_03,2026-09-22T00:15:33.146071Z,2026-09-22T00:15:44.331972Z,1790036133.146071,1790036144.331972,214,214,0,0,1,11.1,0,6,RF_ONLY_REVIEW,0,,E7:049:E1_TEST_BRUTE_03
49,9,E1_TEST_DOS_01,2026-09-22T00:15:44.833256Z,2026-09-22T00:16:21.884278Z,1790036144.833256,1790036181.884278,2659023,2659023,0,0,1,36.96,8640,65537,HYBRID_CORRELATED,1,25.253443,E7:049:E1_TEST_DOS_01
49,10,E1_TEST_DOS_02,2026-09-22T00:16:28.281130Z,2026-09-22T00:17:05.200072Z,1790036188.281130,1790036225.200072,2648088,2648088,0,0,1,36.83,60710,65537,HYBRID_CORRELATED,1,0.0,E7:049:E1_TEST_DOS_02
49,11,E1_TEST_DOS_03,2026-09-22T00:17:22.675308Z,2026-09-22T00:17:59.577250Z,1790036242.675308,1790036279.577250,2600786,2600786,0,0,1,36.8,95830,65537,HYBRID_CORRELATED,1,0.0,E7:049:E1_TEST_DOS_03
49,12,E1_TEST_EXPLOIT_01,2026-09-22T00:18:24.479352Z,2026-09-22T00:18:38.572010Z,1790036304.479352,1790036318.572010,23669,23666,3,0,1,14.02,0,2318,RF_ONLY_REVIEW,0,,E7:049:E1_TEST_EXPLOIT_01
49,13,E1_TEST_EXPLOIT_02,2026-09-22T00:18:39.152038Z,2026-09-22T00:18:48.686019Z,1790036319.152038,1790036328.686019,20747,20747,0,0,1,9.46,0,2072,RF_ONLY_REVIEW,0,,E7:049:E1_TEST_EXPLOIT_02
49,14,E1_TEST_EXPLOIT_03,2026-09-22T00:18:49.254174Z,2026-09-22T00:31:03.050899Z,1790036329.254174,1790037063.050899,71525,71523,2,0,1,733.71,0,21,RF_ONLY_REVIEW,0,,E7:049:E1_TEST_EXPLOIT_03
50,0,E1_TEST_NORMAL_01,2026-09-22T00:31:04.000720Z,2026-09-22T00:31:33.686861Z,1790037064.000720,1790037093.686861,333,333,0,0,1,29.62,0,31,RF_ONLY_REVIEW,0,,E7:050:E1_TEST_NORMAL_01
50,1,E1_TEST_NORMAL_02,2026-09-22T00:31:34.189884Z,2026-09-22T00:32:03.940846Z,1790037094.189884,1790037123.940846,333,333,0,0,1,29.68,0,31,RF_ONLY_REVIEW,0,,E7:050:E1_TEST_NORMAL_02
50,2,E1_TEST_NORMAL_03,2026-09-22T00:32:04.442533Z,2026-09-22T00:32:34.455835Z,1790037124.442533,1790037154.455835,336,336,0,0,1,29.93,0,31,RF_ONLY_REVIEW,0,,E7:050:E1_TEST_NORMAL_03
50,3,E1_TEST_SCAN_01,2026-09-22T00:32:34.957663Z,2026-09-22T00:32:35.658887Z,1790037154.957663,1790037155.658887,1729,1729,0,0,1,0.624709,0,845,RF_ONLY_REVIEW,0,,E7:050:E1_TEST_SCAN_01
50,4,E1_TEST_SCAN_02,2026-09-22T00:32:36.162169Z,2026-09-22T00:32:36.810861Z,1790037156.162169,1790037156.810861,1715,1715,0,0,1,0.559283,0,837,RF_ONLY_REVIEW,0,,E7:050:E1_TEST_SCAN_02
50,5,E1_TEST_SCAN_03,2026-09-22T00:32:37.316733Z,2026-09-22T00:32:38.972999Z,1790037157.316733,1790037158.972999,1760,1760,0,0,1,1.55,0,861,RF_ONLY_REVIEW,0,,E7:050:E1_TEST_SCAN_03
50,6,E1_TEST_BRUTE_01,2026-09-22T00:32:39.476443Z,2026-09-22T00:32:50.781936Z,1790037159.476443,1790037170.781936,207,207,0,0,1,11.2,0,6,RF_ONLY_REVIEW,0,,E7:050:E1_TEST_BRUTE_01
50,7,E1_TEST_BRUTE_02,2026-09-22T00:32:51.283935Z,2026-09-22T00:33:02.440915Z,1790037171.283935,1790037182.440915,216,216,0,0,1,11.06,0,6,RF_ONLY_REVIEW,0,,E7:050:E1_TEST_BRUTE_02
50,8,E1_TEST_BRUTE_03,2026-09-22T00:33:02.943093Z,2026-09-22T00:33:14.116951Z,1790037182.943093,1790037194.116951,214,214,0,0,1,11.1,0,6,RF_ONLY_REVIEW,0,,E7:050:E1_TEST_BRUTE_03
50,9,E1_TEST_DOS_01,2026-09-22T00:33:14.619012Z,2026-09-22T00:33:51.600829Z,1790037194.619012,1790037231.600829,2659023,2659023,0,0,1,36.91,8760,65537,HYBRID_CORRELATED,1,9.580266,E7:050:E1_TEST_DOS_01
50,10,E1_TEST_DOS_02,2026-09-22T00:33:57.843456Z,2026-09-22T00:34:34.877688Z,1790037237.843456,1790037274.877688,2648088,2648088,0,0,1,36.93,60878,65537,HYBRID_CORRELATED,1,1e-06,E7:050:E1_TEST_DOS_02
50,11,E1_TEST_DOS_03,2026-09-22T00:34:52.430857Z,2026-09-22T00:35:29.246031Z,1790037292.430857,1790037329.246031,2600786,2600786,0,0,1,36.73,95970,65537,HYBRID_CORRELATED,1,0.0,E7:050:E1_TEST_DOS_03
50,12,E1_TEST_EXPLOIT_01,2026-09-22T00:35:54.238609Z,2026-09-22T00:36:08.346154Z,1790037354.238609,1790037368.346154,23669,23666,3,0,1,14.02,0,2318,RF_ONLY_REVIEW,0,,E7:050:E1_TEST_EXPLOIT_01
50,13,E1_TEST_EXPLOIT_02,2026-09-22T00:36:08.927072Z,2026-09-22T00:36:18.463993Z,1790037368.927072,1790037378.463993,20747,20747,0,0,1,9.46,0,2072,RF_ONLY_REVIEW,0,,E7:050:E1_TEST_EXPLOIT_02
50,14,E1_TEST_EXPLOIT_03,2026-09-22T00:36:19.034088Z,2026-09-22T00:48:32.815858Z,1790037379.034088,1790038112.815858,71525,71523,2,0,1,733.71,0,21,RF_ONLY_REVIEW,0,,E7:050:E1_TEST_EXPLOIT_03
51,0,E1_TEST_NORMAL_01,2026-09-22T00:48:33.762853Z,2026-09-22T00:49:03.449916Z,1790038113.762853,1790038143.449916,333,333,0,0,1,29.62,0,31,RF_ONLY_REVIEW,0,,E7:051:E1_TEST_NORMAL_01
51,1,E1_TEST_NORMAL_02,2026-09-22T00:49:03.951681Z,2026-09-22T00:49:33.691880Z,1790038143.951681,1790038173.691880,333,333,0,0,1,29.68,0,31,RF_ONLY_REVIEW,0,,E7:051:E1_TEST_NORMAL_02
51,2,E1_TEST_NORMAL_03,2026-09-22T00:49:34.193660Z,2026-09-22T00:50:04.209899Z,1790038174.193660,1790038204.209899,336,336,0,0,1,29.93,0,31,RF_ONLY_REVIEW,0,,E7:051:E1_TEST_NORMAL_03
51,3,E1_TEST_SCAN_01,2026-09-22T00:50:04.713072Z,2026-09-22T00:50:05.411931Z,1790038204.713072,1790038205.411931,1729,1729,0,0,1,0.624597,0,845,RF_ONLY_REVIEW,0,,E7:051:E1_TEST_SCAN_01
51,4,E1_TEST_SCAN_02,2026-09-22T00:50:05.915186Z,2026-09-22T00:50:06.538884Z,1790038205.915186,1790038206.538884,1715,1715,0,0,1,0.558859,0,837,RF_ONLY_REVIEW,0,,E7:051:E1_TEST_SCAN_02
51,5,E1_TEST_SCAN_03,2026-09-22T00:50:07.042243Z,2026-09-22T00:50:08.651832Z,1790038207.042243,1790038208.651832,1760,1760,0,0,1,1.55,0,861,RF_ONLY_REVIEW,0,,E7:051:E1_TEST_SCAN_03
51,6,E1_TEST_BRUTE_01,2026-09-22T00:50:09.155173Z,2026-09-22T00:50:20.449871Z,1790038209.155173,1790038220.449871,207,207,0,0,1,11.2,0,6,RF_ONLY_REVIEW,0,,E7:051:E1_TEST_BRUTE_01
51,7,E1_TEST_BRUTE_02,2026-09-22T00:50:20.951944Z,2026-09-22T00:50:32.101898Z,1790038220.951944,1790038232.101898,216,216,0,0,1,11.06,0,6,RF_ONLY_REVIEW,0,,E7:051:E1_TEST_BRUTE_02
51,8,E1_TEST_BRUTE_03,2026-09-22T00:50:32.603193Z,2026-09-22T00:50:43.800806Z,1790038232.603193,1790038243.800806,214,214,0,0,1,11.1,0,6,RF_ONLY_REVIEW,0,,E7:051:E1_TEST_BRUTE_03
51,9,E1_TEST_DOS_01,2026-09-22T00:50:44.302921Z,2026-09-22T00:51:21.238784Z,1790038244.302921,1790038281.238784,2659023,2659023,0,0,1,36.84,8640,65537,HYBRID_CORRELATED,1,25.23528,E7:051:E1_TEST_DOS_01
51,10,E1_TEST_DOS_02,2026-09-22T00:51:27.489914Z,2026-09-22T00:52:04.551671Z,1790038287.489914,1790038324.551671,2648088,2648088,0,0,1,36.95,60710,65537,HYBRID_CORRELATED,1,0.0,E7:051:E1_TEST_DOS_02
51,11,E1_TEST_DOS_03,2026-09-22T00:52:22.007120Z,2026-09-22T00:52:58.689159Z,1790038342.007120,1790038378.689159,2600786,2600786,0,0,1,36.59,95806,65537,HYBRID_CORRELATED,1,0.0,E7:051:E1_TEST_DOS_03
51,12,E1_TEST_EXPLOIT_01,2026-09-22T00:53:23.537493Z,2026-09-22T00:53:37.644039Z,1790038403.537493,1790038417.644039,23669,23666,3,0,1,14.02,0,2318,RF_ONLY_REVIEW,0,,E7:051:E1_TEST_EXPLOIT_01
51,13,E1_TEST_EXPLOIT_02,2026-09-22T00:53:38.226073Z,2026-09-22T00:53:47.779095Z,1790038418.226073,1790038427.779095,20747,20747,0,0,1,9.46,0,2072,RF_ONLY_REVIEW,0,,E7:051:E1_TEST_EXPLOIT_02
51,14,E1_TEST_EXPLOIT_03,2026-09-22T00:53:48.348887Z,2026-09-22T01:06:02.146852Z,1790038428.348887,1790039162.146852,71525,71523,2,0,1,733.71,0,21,RF_ONLY_REVIEW,0,,E7:051:E1_TEST_EXPLOIT_03
52,0,E1_TEST_NORMAL_01,2026-09-22T01:06:03.095728Z,2026-09-22T01:06:32.812935Z,1790039163.095728,1790039192.812935,333,333,0,0,1,29.62,0,31,RF_ONLY_REVIEW,0,,E7:052:E1_TEST_NORMAL_01
52,1,E1_TEST_NORMAL_02,2026-09-22T01:06:33.314748Z,2026-09-22T01:07:03.071907Z,1790039193.314748,1790039223.071907,333,333,0,0,1,29.68,0,31,RF_ONLY_REVIEW,0,,E7:052:E1_TEST_NORMAL_02
52,2,E1_TEST_NORMAL_03,2026-09-22T01:07:03.573725Z,2026-09-22T01:07:33.570867Z,1790039223.573725,1790039253.570867,336,336,0,0,1,29.93,0,31,RF_ONLY_REVIEW,0,,E7:052:E1_TEST_NORMAL_03
52,3,E1_TEST_SCAN_01,2026-09-22T01:07:34.072753Z,2026-09-22T01:07:34.798913Z,1790039254.072753,1790039254.798913,1729,1729,0,0,1,0.62495,0,845,RF_ONLY_REVIEW,0,,E7:052:E1_TEST_SCAN_01
52,4,E1_TEST_SCAN_02,2026-09-22T01:07:35.302361Z,2026-09-22T01:07:35.954944Z,1790039255.302361,1790039255.954944,1715,1715,0,0,1,0.558832,0,837,RF_ONLY_REVIEW,0,,E7:052:E1_TEST_SCAN_02
52,5,E1_TEST_SCAN_03,2026-09-22T01:07:36.458311Z,2026-09-22T01:07:38.097853Z,1790039256.458311,1790039258.097853,1760,1760,0,0,1,1.55,0,861,RF_ONLY_REVIEW,0,,E7:052:E1_TEST_SCAN_03
52,6,E1_TEST_BRUTE_01,2026-09-22T01:07:38.601317Z,2026-09-22T01:07:49.904845Z,1790039258.601317,1790039269.904845,207,207,0,0,1,11.2,0,6,RF_ONLY_REVIEW,0,,E7:052:E1_TEST_BRUTE_01
52,7,E1_TEST_BRUTE_02,2026-09-22T01:07:50.407085Z,2026-09-22T01:08:01.560888Z,1790039270.407085,1790039281.560888,216,216,0,0,1,11.06,0,6,RF_ONLY_REVIEW,0,,E7:052:E1_TEST_BRUTE_02
52,8,E1_TEST_BRUTE_03,2026-09-22T01:08:02.062613Z,2026-09-22T01:08:13.254916Z,1790039282.062613,1790039293.254916,214,214,0,0,1,11.1,0,6,RF_ONLY_REVIEW,0,,E7:052:E1_TEST_BRUTE_03
52,9,E1_TEST_DOS_01,2026-09-22T01:08:13.756161Z,2026-09-22T01:08:50.850847Z,1790039293.756161,1790039330.850847,2659023,2659023,0,0,1,37.0,8640,65537,HYBRID_CORRELATED,1,25.3908,E7:052:E1_TEST_DOS_01
52,10,E1_TEST_DOS_02,2026-09-22T01:08:57.100961Z,2026-09-22T01:09:34.090794Z,1790039337.100961,1790039374.090794,2648088,2648088,0,0,1,36.9,60710,65537,HYBRID_CORRELATED,1,1e-06,E7:052:E1_TEST_DOS_02
52,11,E1_TEST_DOS_03,2026-09-22T01:09:51.563102Z,2026-09-22T01:10:28.433567Z,1790039391.563102,1790039428.433567,2600786,2600786,0,0,1,36.78,95806,65537,HYBRID_CORRELATED,1,0.0,E7:052:E1_TEST_DOS_03
52,12,E1_TEST_EXPLOIT_01,2026-09-22T01:10:53.335330Z,2026-09-22T01:11:07.448043Z,1790039453.335330,1790039467.448043,23669,23666,3,0,1,14.02,0,2318,RF_ONLY_REVIEW,0,,E7:052:E1_TEST_EXPLOIT_01
52,13,E1_TEST_EXPLOIT_02,2026-09-22T01:11:08.032748Z,2026-09-22T01:11:17.584045Z,1790039468.032748,1790039477.584045,20747,20747,0,0,1,9.46,0,2072,RF_ONLY_REVIEW,0,,E7:052:E1_TEST_EXPLOIT_02
52,14,E1_TEST_EXPLOIT_03,2026-09-22T01:11:18.153675Z,2026-09-22T01:23:31.942853Z,1790039478.153675,1790040211.942853,71525,71523,2,0,1,733.71,0,21,RF_ONLY_REVIEW,0,,E7:052:E1_TEST_EXPLOIT_03
53,0,E1_TEST_NORMAL_01,2026-09-22T01:23:32.890539Z,2026-09-22T01:24:02.583857Z,1790040212.890539,1790040242.583857,333,333,0,0,1,29.62,0,31,RF_ONLY_REVIEW,0,,E7:053:E1_TEST_NORMAL_01
53,1,E1_TEST_NORMAL_02,2026-09-22T01:24:03.085620Z,2026-09-22T01:24:32.849905Z,1790040243.085620,1790040272.849905,333,333,0,0,1,29.68,0,31,RF_ONLY_REVIEW,0,,E7:053:E1_TEST_NORMAL_02
53,2,E1_TEST_NORMAL_03,2026-09-22T01:24:33.351648Z,2026-09-22T01:25:03.358927Z,1790040273.351648,1790040303.358927,336,336,0,0,1,29.93,0,31,RF_ONLY_REVIEW,0,,E7:053:E1_TEST_NORMAL_03
53,3,E1_TEST_SCAN_01,2026-09-22T01:25:03.860766Z,2026-09-22T01:25:04.564920Z,1790040303.860766,1790040304.564920,1729,1729,0,0,1,0.62471,0,845,RF_ONLY_REVIEW,0,,E7:053:E1_TEST_SCAN_01
53,4,E1_TEST_SCAN_02,2026-09-22T01:25:05.068153Z,2026-09-22T01:25:05.706928Z,1790040305.068153,1790040305.706928,1715,1715,0,0,1,0.558694,0,837,RF_ONLY_REVIEW,0,,E7:053:E1_TEST_SCAN_02
53,5,E1_TEST_SCAN_03,2026-09-22T01:25:06.210111Z,2026-09-22T01:25:07.828896Z,1790040306.210111,1790040307.828896,1760,1760,0,0,1,1.55,0,861,RF_ONLY_REVIEW,0,,E7:053:E1_TEST_SCAN_03
53,6,E1_TEST_BRUTE_01,2026-09-22T01:25:08.332232Z,2026-09-22T01:25:19.627900Z,1790040308.332232,1790040319.627900,207,207,0,0,1,11.2,0,6,RF_ONLY_REVIEW,0,,E7:053:E1_TEST_BRUTE_01
53,7,E1_TEST_BRUTE_02,2026-09-22T01:25:20.129154Z,2026-09-22T01:25:31.291936Z,1790040320.129154,1790040331.291936,216,216,0,0,1,11.06,0,6,RF_ONLY_REVIEW,0,,E7:053:E1_TEST_BRUTE_02
53,8,E1_TEST_BRUTE_03,2026-09-22T01:25:31.793153Z,2026-09-22T01:25:42.974920Z,1790040331.793153,1790040342.974920,214,214,0,0,1,11.1,0,6,RF_ONLY_REVIEW,0,,E7:053:E1_TEST_BRUTE_03
53,9,E1_TEST_DOS_01,2026-09-22T01:25:43.476929Z,2026-09-22T01:26:20.465727Z,1790040343.476929,1790040380.465727,2659023,2659023,0,0,1,36.9,8794,65537,HYBRID_CORRELATED,1,17.371106,E7:053:E1_TEST_DOS_01
53,10,E1_TEST_DOS_02,2026-09-22T01:26:26.864232Z,2026-09-22T01:27:03.845167Z,1790040386.864232,1790040423.845167,2648088,2648088,0,0,1,36.89,61004,65537,HYBRID_CORRELATED,1,0.0,E7:053:E1_TEST_DOS_02
53,11,E1_TEST_DOS_03,2026-09-22T01:27:21.332930Z,2026-09-22T01:27:58.160786Z,1790040441.332930,1790040478.160786,2600786,2600786,0,0,1,36.74,96086,65537,HYBRID_CORRELATED,1,0.0,E7:053:E1_TEST_DOS_03
53,12,E1_TEST_EXPLOIT_01,2026-09-22T01:28:23.147426Z,2026-09-22T01:28:37.254163Z,1790040503.147426,1790040517.254163,23669,23666,3,0,1,14.02,0,2318,RF_ONLY_REVIEW,0,,E7:053:E1_TEST_EXPLOIT_01
53,13,E1_TEST_EXPLOIT_02,2026-09-22T01:28:37.837061Z,2026-09-22T01:28:47.375021Z,1790040517.837061,1790040527.375021,20747,20747,0,0,1,9.46,0,2072,RF_ONLY_REVIEW,0,,E7:053:E1_TEST_EXPLOIT_02
53,14,E1_TEST_EXPLOIT_03,2026-09-22T01:28:47.947006Z,2026-09-22T01:41:01.717865Z,1790040527.947006,1790041261.717865,71525,71523,2,0,1,733.7,0,21,RF_ONLY_REVIEW,0,,E7:053:E1_TEST_EXPLOIT_03
54,0,E1_TEST_NORMAL_01,2026-09-22T01:41:02.665895Z,2026-09-22T01:41:32.383883Z,1790041262.665895,1790041292.383883,333,333,0,0,1,29.62,0,31,RF_ONLY_REVIEW,0,,E7:054:E1_TEST_NORMAL_01
54,1,E1_TEST_NORMAL_02,2026-09-22T01:41:32.886833Z,2026-09-22T01:42:02.659988Z,1790041292.886833,1790041322.659988,333,333,0,0,1,29.68,0,31,RF_ONLY_REVIEW,0,,E7:054:E1_TEST_NORMAL_02
54,2,E1_TEST_NORMAL_03,2026-09-22T01:42:03.161743Z,2026-09-22T01:42:33.166893Z,1790041323.161743,1790041353.166893,336,336,0,0,1,29.93,0,31,RF_ONLY_REVIEW,0,,E7:054:E1_TEST_NORMAL_03
54,3,E1_TEST_SCAN_01,2026-09-22T01:42:33.668783Z,2026-09-22T01:42:34.376890Z,1790041353.668783,1790041354.376890,1729,1729,0,0,1,0.624607,0,845,RF_ONLY_REVIEW,0,,E7:054:E1_TEST_SCAN_01
54,4,E1_TEST_SCAN_02,2026-09-22T01:42:34.880152Z,2026-09-22T01:42:35.531888Z,1790041354.880152,1790041355.531888,1715,1715,0,0,1,0.558913,0,837,RF_ONLY_REVIEW,0,,E7:054:E1_TEST_SCAN_02
54,5,E1_TEST_SCAN_03,2026-09-22T01:42:36.035249Z,2026-09-22T01:42:37.670894Z,1790041356.035249,1790041357.670894,1760,1760,0,0,1,1.55,0,861,RF_ONLY_REVIEW,0,,E7:054:E1_TEST_SCAN_03
54,6,E1_TEST_BRUTE_01,2026-09-22T01:42:38.174290Z,2026-09-22T01:42:49.446933Z,1790041358.174290,1790041369.446933,207,207,0,0,1,11.2,0,6,RF_ONLY_REVIEW,0,,E7:054:E1_TEST_BRUTE_01
54,7,E1_TEST_BRUTE_02,2026-09-22T01:42:49.948217Z,2026-09-22T01:43:01.099810Z,1790041369.948217,1790041381.099810,216,216,0,0,1,11.06,0,6,RF_ONLY_REVIEW,0,,E7:054:E1_TEST_BRUTE_02
54,8,E1_TEST_BRUTE_03,2026-09-22T01:43:01.601028Z,2026-09-22T01:43:12.787918Z,1790041381.601028,1790041392.787918,214,214,0,0,1,11.1,0,6,RF_ONLY_REVIEW,0,,E7:054:E1_TEST_BRUTE_03
54,9,E1_TEST_DOS_01,2026-09-22T01:43:13.289218Z,2026-09-22T01:43:50.271846Z,1790041393.289218,1790041430.271846,2659023,2659023,0,0,1,36.9,8640,65537,HYBRID_CORRELATED,1,25.295117,E7:054:E1_TEST_DOS_01
54,10,E1_TEST_DOS_02,2026-09-22T01:43:56.439297Z,2026-09-22T01:44:33.453783Z,1790041436.439297,1790041473.453783,2648088,2648088,0,0,1,36.94,60710,65537,HYBRID_CORRELATED,1,0.0,E7:054:E1_TEST_DOS_02
54,11,E1_TEST_DOS_03,2026-09-22T01:44:51.023647Z,2026-09-22T01:45:27.894566Z,1790041491.023647,1790041527.894566,2600786,2600786,0,0,1,36.79,95806,65537,HYBRID_CORRELATED,1,0.0,E7:054:E1_TEST_DOS_03
54,12,E1_TEST_EXPLOIT_01,2026-09-22T01:45:52.787897Z,2026-09-22T01:46:06.872032Z,1790041552.787897,1790041566.872032,23669,23666,3,0,1,14.02,0,2318,RF_ONLY_REVIEW,0,,E7:054:E1_TEST_EXPLOIT_01
54,13,E1_TEST_EXPLOIT_02,2026-09-22T01:46:07.456889Z,2026-09-22T01:46:16.984954Z,1790041567.456889,1790041576.984954,20747,20747,0,0,1,9.46,0,2072,RF_ONLY_REVIEW,0,,E7:054:E1_TEST_EXPLOIT_02
54,14,E1_TEST_EXPLOIT_03,2026-09-22T01:46:17.554353Z,2026-09-22T01:58:31.339871Z,1790041577.554353,1790042311.339871,71525,71523,2,0,1,733.7,0,21,RF_ONLY_REVIEW,0,,E7:054:E1_TEST_EXPLOIT_03
55,0,E1_TEST_NORMAL_01,2026-09-22T01:58:32.301982Z,2026-09-22T01:59:01.997951Z,1790042312.301982,1790042341.997951,333,333,0,0,1,29.62,0,31,RF_ONLY_REVIEW,0,,E7:055:E1_TEST_NORMAL_01
55,1,E1_TEST_NORMAL_02,2026-09-22T01:59:02.500974Z,2026-09-22T01:59:32.284804Z,1790042342.500974,1790042372.284804,333,333,0,0,1,29.68,0,31,RF_ONLY_REVIEW,0,,E7:055:E1_TEST_NORMAL_02
55,2,E1_TEST_NORMAL_03,2026-09-22T01:59:32.786520Z,2026-09-22T02:00:02.800896Z,1790042372.786520,1790042402.800896,336,336,0,0,1,29.93,0,31,RF_ONLY_REVIEW,0,,E7:055:E1_TEST_NORMAL_03
55,3,E1_TEST_SCAN_01,2026-09-22T02:00:03.304178Z,2026-09-22T02:00:03.997960Z,1790042403.304178,1790042403.997960,1729,1729,0,0,1,0.624835,0,845,RF_ONLY_REVIEW,0,,E7:055:E1_TEST_SCAN_01
55,4,E1_TEST_SCAN_02,2026-09-22T02:00:04.501211Z,2026-09-22T02:00:05.132957Z,1790042404.501211,1790042405.132957,1715,1715,0,0,1,0.55916,0,837,RF_ONLY_REVIEW,0,,E7:055:E1_TEST_SCAN_02
55,5,E1_TEST_SCAN_03,2026-09-22T02:00:05.636261Z,2026-09-22T02:00:07.259948Z,1790042405.636261,1790042407.259948,1760,1760,0,0,1,1.55,0,861,RF_ONLY_REVIEW,0,,E7:055:E1_TEST_SCAN_03
55,6,E1_TEST_BRUTE_01,2026-09-22T02:00:07.763847Z,2026-09-22T02:00:19.047984Z,1790042407.763847,1790042419.047984,207,207,0,0,1,11.2,0,6,RF_ONLY_REVIEW,0,,E7:055:E1_TEST_BRUTE_01
55,7,E1_TEST_BRUTE_02,2026-09-22T02:00:19.549773Z,2026-09-22T02:00:30.707897Z,1790042419.549773,1790042430.707897,216,216,0,0,1,11.06,0,6,RF_ONLY_REVIEW,0,,E7:055:E1_TEST_BRUTE_02
55,8,E1_TEST_BRUTE_03,2026-09-22T02:00:31.209171Z,2026-09-22T02:00:42.407937Z,1790042431.209171,1790042442.407937,214,214,0,0,1,11.1,0,6,RF_ONLY_REVIEW,0,,E7:055:E1_TEST_BRUTE_03
55,9,E1_TEST_DOS_01,2026-09-22T02:00:42.909135Z,2026-09-22T02:01:19.989167Z,1790042442.909135,1790042479.989167,2659023,2659023,0,0,1,37.0,8640,65537,HYBRID_CORRELATED,1,25.39985,E7:055:E1_TEST_DOS_01
55,10,E1_TEST_DOS_02,2026-09-22T02:01:26.203840Z,2026-09-22T02:02:03.066846Z,1790042486.203840,1790042523.066846,2648088,2648088,0,0,1,36.78,60710,65537,HYBRID_CORRELATED,1,0.0,E7:055:E1_TEST_DOS_02
55,11,E1_TEST_DOS_03,2026-09-22T02:02:20.537231Z,2026-09-22T02:02:57.366207Z,1790042540.537231,1790042577.366207,2600786,2600786,0,0,1,36.73,95956,65537,HYBRID_CORRELATED,1,0.0,E7:055:E1_TEST_DOS_03
55,12,E1_TEST_EXPLOIT_01,2026-09-22T02:03:22.289310Z,2026-09-22T02:03:36.391117Z,1790042602.289310,1790042616.391117,23669,23666,3,0,1,14.02,0,2318,RF_ONLY_REVIEW,0,,E7:055:E1_TEST_EXPLOIT_01
55,13,E1_TEST_EXPLOIT_02,2026-09-22T02:03:36.979174Z,2026-09-22T02:03:46.536016Z,1790042616.979174,1790042626.536016,20747,20747,0,0,1,9.46,0,2072,RF_ONLY_REVIEW,0,,E7:055:E1_TEST_EXPLOIT_02
55,14,E1_TEST_EXPLOIT_03,2026-09-22T02:03:47.106278Z,2026-09-22T02:16:00.893844Z,1790042627.106278,1790043360.893844,71525,71523,2,0,1,733.71,0,21,RF_ONLY_REVIEW,0,,E7:055:E1_TEST_EXPLOIT_03
56,0,E1_TEST_NORMAL_01,2026-09-22T02:16:01.850227Z,2026-09-22T02:16:31.544896Z,1790043361.850227,1790043391.544896,333,333,0,0,1,29.62,0,31,RF_ONLY_REVIEW,0,,E7:056:E1_TEST_NORMAL_01
56,1,E1_TEST_NORMAL_02,2026-09-22T02:16:32.048029Z,2026-09-22T02:17:01.816889Z,1790043392.048029,1790043421.816889,333,333,0,0,1,29.68,0,31,RF_ONLY_REVIEW,0,,E7:056:E1_TEST_NORMAL_02
56,2,E1_TEST_NORMAL_03,2026-09-22T02:17:02.318583Z,2026-09-22T02:17:32.349819Z,1790043422.318583,1790043452.349819,336,336,0,0,1,29.93,0,31,RF_ONLY_REVIEW,0,,E7:056:E1_TEST_NORMAL_03
56,3,E1_TEST_SCAN_01,2026-09-22T02:17:32.853026Z,2026-09-22T02:17:33.574882Z,1790043452.853026,1790043453.574882,1729,1729,0,0,1,0.624688,0,845,RF_ONLY_REVIEW,0,,E7:056:E1_TEST_SCAN_01
56,4,E1_TEST_SCAN_02,2026-09-22T02:17:34.080681Z,2026-09-22T02:17:34.720908Z,1790043454.080681,1790043454.720908,1715,1715,0,0,1,0.558773,0,837,RF_ONLY_REVIEW,0,,E7:056:E1_TEST_SCAN_02
56,5,E1_TEST_SCAN_03,2026-09-22T02:17:35.226898Z,2026-09-22T02:17:36.866134Z,1790043455.226898,1790043456.866134,1760,1760,0,0,1,1.55,0,861,RF_ONLY_REVIEW,0,,E7:056:E1_TEST_SCAN_03
56,6,E1_TEST_BRUTE_01,2026-09-22T02:17:37.369402Z,2026-09-22T02:17:48.661904Z,1790043457.369402,1790043468.661904,207,207,0,0,1,11.2,0,6,RF_ONLY_REVIEW,0,,E7:056:E1_TEST_BRUTE_01
56,7,E1_TEST_BRUTE_02,2026-09-22T02:17:49.163077Z,2026-09-22T02:18:00.326833Z,1790043469.163077,1790043480.326833,216,216,0,0,1,11.06,0,6,RF_ONLY_REVIEW,0,,E7:056:E1_TEST_BRUTE_02
56,8,E1_TEST_BRUTE_03,2026-09-22T02:18:00.828636Z,2026-09-22T02:18:12.018901Z,1790043480.828636,1790043492.018901,214,214,0,0,1,11.1,0,6,RF_ONLY_REVIEW,0,,E7:056:E1_TEST_BRUTE_03
56,9,E1_TEST_DOS_01,2026-09-22T02:18:12.520130Z,2026-09-22T02:18:49.554259Z,1790043492.520130,1790043529.554259,2659023,2659023,0,0,1,36.95,8640,65537,HYBRID_CORRELATED,1,25.353769,E7:056:E1_TEST_DOS_01
56,10,E1_TEST_DOS_02,2026-09-22T02:18:55.740995Z,2026-09-22T02:19:32.627094Z,1790043535.740995,1790043572.627094,2648088,2648088,0,0,1,36.79,60882,65537,HYBRID_CORRELATED,1,0.0,E7:056:E1_TEST_DOS_02
56,11,E1_TEST_DOS_03,2026-09-22T02:19:50.134284Z,2026-09-22T02:20:26.897907Z,1790043590.134284,1790043626.897907,2600786,2600786,0,0,1,36.67,95572,65537,HYBRID_CORRELATED,1,0.0,E7:056:E1_TEST_DOS_03
56,12,E1_TEST_EXPLOIT_01,2026-09-22T02:20:51.751153Z,2026-09-22T02:21:05.854125Z,1790043651.751153,1790043665.854125,23669,23666,3,0,1,14.02,0,2318,RF_ONLY_REVIEW,0,,E7:056:E1_TEST_EXPLOIT_01
56,13,E1_TEST_EXPLOIT_02,2026-09-22T02:21:06.435807Z,2026-09-22T02:21:15.968020Z,1790043666.435807,1790043675.968020,20747,20747,0,0,1,9.46,0,2072,RF_ONLY_REVIEW,0,,E7:056:E1_TEST_EXPLOIT_02
56,14,E1_TEST_EXPLOIT_03,2026-09-22T02:21:16.537991Z,2026-09-22T02:33:30.325875Z,1790043676.537991,1790044410.325875,71525,71523,2,0,1,733.71,0,21,RF_ONLY_REVIEW,0,,E7:056:E1_TEST_EXPLOIT_03
57,0,E1_TEST_NORMAL_01,2026-09-22T02:33:31.275017Z,2026-09-22T02:34:00.982932Z,1790044411.275017,1790044440.982932,333,333,0,0,1,29.62,0,31,RF_ONLY_REVIEW,0,,E7:057:E1_TEST_NORMAL_01
57,1,E1_TEST_NORMAL_02,2026-09-22T02:34:01.484740Z,2026-09-22T02:34:31.229920Z,1790044441.484740,1790044471.229920,333,333,0,0,1,29.68,0,31,RF_ONLY_REVIEW,0,,E7:057:E1_TEST_NORMAL_02
57,2,E1_TEST_NORMAL_03,2026-09-22T02:34:31.732363Z,2026-09-22T02:35:01.736022Z,1790044471.732363,1790044501.736022,336,336,0,0,1,29.93,0,31,RF_ONLY_REVIEW,0,,E7:057:E1_TEST_NORMAL_03
57,3,E1_TEST_SCAN_01,2026-09-22T02:35:02.238090Z,2026-09-22T02:35:02.949952Z,1790044502.238090,1790044502.949952,1729,1729,0,0,1,0.625125,0,845,RF_ONLY_REVIEW,0,,E7:057:E1_TEST_SCAN_01
57,4,E1_TEST_SCAN_02,2026-09-22T02:35:03.456064Z,2026-09-22T02:35:04.081962Z,1790044503.456064,1790044504.081962,1715,1715,0,0,1,0.558465,0,837,RF_ONLY_REVIEW,0,,E7:057:E1_TEST_SCAN_02
57,5,E1_TEST_SCAN_03,2026-09-22T02:35:04.586421Z,2026-09-22T02:35:06.219002Z,1790044504.586421,1790044506.219002,1760,1760,0,0,1,1.55,0,861,RF_ONLY_REVIEW,0,,E7:057:E1_TEST_SCAN_03
57,6,E1_TEST_BRUTE_01,2026-09-22T02:35:06.722426Z,2026-09-22T02:35:18.014883Z,1790044506.722426,1790044518.014883,207,207,0,0,1,11.2,0,6,RF_ONLY_REVIEW,0,,E7:057:E1_TEST_BRUTE_01
57,7,E1_TEST_BRUTE_02,2026-09-22T02:35:18.516744Z,2026-09-22T02:35:29.661885Z,1790044518.516744,1790044529.661885,216,216,0,0,1,11.06,0,6,RF_ONLY_REVIEW,0,,E7:057:E1_TEST_BRUTE_02
57,8,E1_TEST_BRUTE_03,2026-09-22T02:35:30.163121Z,2026-09-22T02:35:41.351958Z,1790044530.163121,1790044541.351958,214,214,0,0,1,11.1,0,6,RF_ONLY_REVIEW,0,,E7:057:E1_TEST_BRUTE_03
57,9,E1_TEST_DOS_01,2026-09-22T02:35:41.854073Z,2026-09-22T02:36:18.909083Z,1790044541.854073,1790044578.909083,2659023,2659023,0,0,1,36.95,8640,65537,HYBRID_CORRELATED,1,25.336319,E7:057:E1_TEST_DOS_01
57,10,E1_TEST_DOS_02,2026-09-22T02:36:25.192837Z,2026-09-22T02:37:02.241236Z,1790044585.192837,1790044622.241236,2648088,2648088,0,0,1,36.97,60710,65537,HYBRID_CORRELATED,1,1e-06,E7:057:E1_TEST_DOS_02
57,11,E1_TEST_DOS_03,2026-09-22T02:37:19.692722Z,2026-09-22T02:37:56.479932Z,1790044639.692722,1790044676.479932,2600786,2600786,0,0,1,36.73,95862,65537,HYBRID_CORRELATED,1,0.0,E7:057:E1_TEST_DOS_03
57,12,E1_TEST_EXPLOIT_01,2026-09-22T02:38:21.412030Z,2026-09-22T02:38:35.517020Z,1790044701.412030,1790044715.517020,23669,23666,3,0,1,14.02,0,2318,RF_ONLY_REVIEW,0,,E7:057:E1_TEST_EXPLOIT_01
57,13,E1_TEST_EXPLOIT_02,2026-09-22T02:38:36.098735Z,2026-09-22T02:38:45.644130Z,1790044716.098735,1790044725.644130,20747,20747,0,0,1,9.46,0,2072,RF_ONLY_REVIEW,0,,E7:057:E1_TEST_EXPLOIT_02
57,14,E1_TEST_EXPLOIT_03,2026-09-22T02:38:46.214037Z,2026-09-22T02:51:00.011921Z,1790044726.214037,1790045460.011921,71525,71523,2,0,1,733.7,0,21,RF_ONLY_REVIEW,0,,E7:057:E1_TEST_EXPLOIT_03
58,0,E1_TEST_NORMAL_01,2026-09-22T02:51:00.954543Z,2026-09-22T02:51:30.654989Z,1790045460.954543,1790045490.654989,333,333,0,0,1,29.62,0,31,RF_ONLY_REVIEW,0,,E7:058:E1_TEST_NORMAL_01
58,1,E1_TEST_NORMAL_02,2026-09-22T02:51:31.156693Z,2026-09-22T02:52:00.925909Z,1790045491.156693,1790045520.925909,333,333,0,0,1,29.68,0,31,RF_ONLY_REVIEW,0,,E7:058:E1_TEST_NORMAL_02
58,2,E1_TEST_NORMAL_03,2026-09-22T02:52:01.428502Z,2026-09-22T02:52:31.410876Z,1790045521.428502,1790045551.410876,336,336,0,0,1,29.93,0,31,RF_ONLY_REVIEW,0,,E7:058:E1_TEST_NORMAL_03
58,3,E1_TEST_SCAN_01,2026-09-22T02:52:31.912711Z,2026-09-22T02:52:32.627931Z,1790045551.912711,1790045552.627931,1729,1729,0,0,1,0.625016,0,845,RF_ONLY_REVIEW,0,,E7:058:E1_TEST_SCAN_01
58,4,E1_TEST_SCAN_02,2026-09-22T02:52:33.132824Z,2026-09-22T02:52:33.780892Z,1790045553.132824,1790045553.780892,1715,1715,0,0,1,0.558776,0,837,RF_ONLY_REVIEW,0,,E7:058:E1_TEST_SCAN_02
58,5,E1_TEST_SCAN_03,2026-09-22T02:52:34.286803Z,2026-09-22T02:52:35.920870Z,1790045554.286803,1790045555.920870,1760,1760,0,0,1,1.55,0,861,RF_ONLY_REVIEW,0,,E7:058:E1_TEST_SCAN_03
58,6,E1_TEST_BRUTE_01,2026-09-22T02:52:36.424176Z,2026-09-22T02:52:47.712862Z,1790045556.424176,1790045567.712862,207,207,0,0,1,11.2,0,6,RF_ONLY_REVIEW,0,,E7:058:E1_TEST_BRUTE_01
58,7,E1_TEST_BRUTE_02,2026-09-22T02:52:48.214110Z,2026-09-22T02:52:59.359860Z,1790045568.214110,1790045579.359860,216,216,0,0,1,11.06,0,6,RF_ONLY_REVIEW,0,,E7:058:E1_TEST_BRUTE_02
58,8,E1_TEST_BRUTE_03,2026-09-22T02:52:59.861637Z,2026-09-22T02:53:11.031833Z,1790045579.861637,1790045591.031833,214,214,0,0,1,11.1,0,6,RF_ONLY_REVIEW,0,,E7:058:E1_TEST_BRUTE_03
58,9,E1_TEST_DOS_01,2026-09-22T02:53:11.534021Z,2026-09-22T02:53:48.622580Z,1790045591.534021,1790045628.622580,2659023,2659023,0,0,1,37.01,8640,65537,HYBRID_CORRELATED,1,25.381518,E7:058:E1_TEST_DOS_01
58,10,E1_TEST_DOS_02,2026-09-22T02:53:54.781731Z,2026-09-22T02:54:31.852262Z,1790045634.781731,1790045671.852262,2648088,2648088,0,0,1,36.98,60710,65537,HYBRID_CORRELATED,1,0.0,E7:058:E1_TEST_DOS_02
58,11,E1_TEST_DOS_03,2026-09-22T02:54:49.292719Z,2026-09-22T02:55:26.136367Z,1790045689.292719,1790045726.136367,2600786,2600786,0,0,1,36.74,95806,65537,HYBRID_CORRELATED,1,0.0,E7:058:E1_TEST_DOS_03
58,12,E1_TEST_EXPLOIT_01,2026-09-22T02:55:51.127321Z,2026-09-22T02:56:05.200151Z,1790045751.127321,1790045765.200151,23669,23666,3,0,1,14.02,0,2318,RF_ONLY_REVIEW,0,,E7:058:E1_TEST_EXPLOIT_01
58,13,E1_TEST_EXPLOIT_02,2026-09-22T02:56:05.780799Z,2026-09-22T02:56:15.317075Z,1790045765.780799,1790045775.317075,20747,20747,0,0,1,9.46,0,2072,RF_ONLY_REVIEW,0,,E7:058:E1_TEST_EXPLOIT_02
58,14,E1_TEST_EXPLOIT_03,2026-09-22T02:56:15.888027Z,2026-09-22T03:08:29.663905Z,1790045775.888027,1790046509.663905,71525,71523,2,0,1,733.7,0,21,RF_ONLY_REVIEW,0,,E7:058:E1_TEST_EXPLOIT_03
59,0,E1_TEST_NORMAL_01,2026-09-22T03:08:30.625148Z,2026-09-22T03:09:00.312862Z,1790046510.625148,1790046540.312862,333,333,0,0,1,29.62,0,31,RF_ONLY_REVIEW,0,,E7:059:E1_TEST_NORMAL_01
59,1,E1_TEST_NORMAL_02,2026-09-22T03:09:00.814727Z,2026-09-22T03:09:30.593832Z,1790046540.814727,1790046570.593832,333,333,0,0,1,29.68,0,31,RF_ONLY_REVIEW,0,,E7:059:E1_TEST_NORMAL_02
59,2,E1_TEST_NORMAL_03,2026-09-22T03:09:31.096952Z,2026-09-22T03:10:01.102860Z,1790046571.096952,1790046601.102860,336,336,0,0,1,29.93,0,31,RF_ONLY_REVIEW,0,,E7:059:E1_TEST_NORMAL_03
59,3,E1_TEST_SCAN_01,2026-09-22T03:10:01.604743Z,2026-09-22T03:10:02.308902Z,1790046601.604743,1790046602.308902,1729,1729,0,0,1,0.624679,0,845,RF_ONLY_REVIEW,0,,E7:059:E1_TEST_SCAN_01
59,4,E1_TEST_SCAN_02,2026-09-22T03:10:02.812234Z,2026-09-22T03:10:03.456896Z,1790046602.812234,1790046603.456896,1715,1715,0,0,1,0.558815,0,837,RF_ONLY_REVIEW,0,,E7:059:E1_TEST_SCAN_02
59,5,E1_TEST_SCAN_03,2026-09-22T03:10:03.962773Z,2026-09-22T03:10:05.582911Z,1790046603.962773,1790046605.582911,1760,1760,0,0,1,1.55,0,861,RF_ONLY_REVIEW,0,,E7:059:E1_TEST_SCAN_03
59,6,E1_TEST_BRUTE_01,2026-09-22T03:10:06.089105Z,2026-09-22T03:10:17.372831Z,1790046606.089105,1790046617.372831,207,207,0,0,1,11.2,0,6,RF_ONLY_REVIEW,0,,E7:059:E1_TEST_BRUTE_01
59,7,E1_TEST_BRUTE_02,2026-09-22T03:10:17.874111Z,2026-09-22T03:10:29.024874Z,1790046617.874111,1790046629.024874,216,216,0,0,1,11.06,0,6,RF_ONLY_REVIEW,0,,E7:059:E1_TEST_BRUTE_02
59,8,E1_TEST_BRUTE_03,2026-09-22T03:10:29.526956Z,2026-09-22T03:10:40.688834Z,1790046629.526956,1790046640.688834,214,214,0,0,1,11.1,0,6,RF_ONLY_REVIEW,0,,E7:059:E1_TEST_BRUTE_03
59,9,E1_TEST_DOS_01,2026-09-22T03:10:41.190215Z,2026-09-22T03:11:18.146682Z,1790046641.190215,1790046678.146682,2659023,2659023,0,0,1,36.88,8640,65537,HYBRID_CORRELATED,1,25.282926,E7:059:E1_TEST_DOS_01
59,10,E1_TEST_DOS_02,2026-09-22T03:11:24.341202Z,2026-09-22T03:12:01.408807Z,1790046684.341202,1790046721.408807,2648088,2648088,0,0,1,37.01,60710,65537,HYBRID_CORRELATED,1,1e-06,E7:059:E1_TEST_DOS_02
59,11,E1_TEST_DOS_03,2026-09-22T03:12:18.855775Z,2026-09-22T03:12:55.780919Z,1790046738.855775,1790046775.780919,2600786,2600786,0,0,1,36.83,95806,65537,HYBRID_CORRELATED,1,0.0,E7:059:E1_TEST_DOS_03
59,12,E1_TEST_EXPLOIT_01,2026-09-22T03:13:20.637583Z,2026-09-22T03:13:34.709042Z,1790046800.637583,1790046814.709042,23669,23666,3,0,1,14.02,0,2318,RF_ONLY_REVIEW,0,,E7:059:E1_TEST_EXPLOIT_01
59,13,E1_TEST_EXPLOIT_02,2026-09-22T03:13:35.291099Z,2026-09-22T03:13:44.822040Z,1790046815.291099,1790046824.822040,20747,20747,0,0,1,9.46,0,2072,RF_ONLY_REVIEW,0,,E7:059:E1_TEST_EXPLOIT_02
59,14,E1_TEST_EXPLOIT_03,2026-09-22T03:13:45.392709Z,2026-09-22T03:25:59.207918Z,1790046825.392709,1790047559.207918,71525,71523,2,0,1,733.71,0,21,RF_ONLY_REVIEW,0,,E7:059:E1_TEST_EXPLOIT_03
60,0,E1_TEST_NORMAL_01,2026-09-22T03:26:00.162942Z,2026-09-22T03:26:29.847929Z,1790047560.162942,1790047589.847929,333,333,0,0,1,29.62,0,31,RF_ONLY_REVIEW,0,,E7:060:E1_TEST_NORMAL_01
60,1,E1_TEST_NORMAL_02,2026-09-22T03:26:30.349637Z,2026-09-22T03:27:00.115050Z,1790047590.349637,1790047620.115050,333,333,0,0,1,29.68,0,31,RF_ONLY_REVIEW,0,,E7:060:E1_TEST_NORMAL_02
60,2,E1_TEST_NORMAL_03,2026-09-22T03:27:00.616846Z,2026-09-22T03:27:30.627910Z,1790047620.616846,1790047650.627910,336,336,0,0,1,29.93,0,31,RF_ONLY_REVIEW,0,,E7:060:E1_TEST_NORMAL_03
60,3,E1_TEST_SCAN_01,2026-09-22T03:27:31.129842Z,2026-09-22T03:27:31.836896Z,1790047651.129842,1790047651.836896,1729,1729,0,0,1,0.625163,0,845,RF_ONLY_REVIEW,0,,E7:060:E1_TEST_SCAN_01
60,4,E1_TEST_SCAN_02,2026-09-22T03:27:32.340218Z,2026-09-22T03:27:33.002954Z,1790047652.340218,1790047653.002954,1715,1715,0,0,1,0.559103,0,837,RF_ONLY_REVIEW,0,,E7:060:E1_TEST_SCAN_02
60,5,E1_TEST_SCAN_03,2026-09-22T03:27:33.506281Z,2026-09-22T03:27:35.151948Z,1790047653.506281,1790047655.151948,1760,1760,0,0,1,1.55,0,861,RF_ONLY_REVIEW,0,,E7:060:E1_TEST_SCAN_03
60,6,E1_TEST_BRUTE_01,2026-09-22T03:27:35.655359Z,2026-09-22T03:27:46.957947Z,1790047655.655359,1790047666.957947,207,207,0,0,1,11.2,0,6,RF_ONLY_REVIEW,0,,E7:060:E1_TEST_BRUTE_01
60,7,E1_TEST_BRUTE_02,2026-09-22T03:27:47.460079Z,2026-09-22T03:27:58.597847Z,1790047667.460079,1790047678.597847,216,216,0,0,1,11.06,0,6,RF_ONLY_REVIEW,0,,E7:060:E1_TEST_BRUTE_02
60,8,E1_TEST_BRUTE_03,2026-09-22T03:27:59.099114Z,2026-09-22T03:28:10.291852Z,1790047679.099114,1790047690.291852,214,214,0,0,1,11.1,0,6,RF_ONLY_REVIEW,0,,E7:060:E1_TEST_BRUTE_03
60,9,E1_TEST_DOS_01,2026-09-22T03:28:10.793062Z,2026-09-22T03:28:47.932494Z,1790047690.793062,1790047727.932494,2659023,2659023,0,0,1,37.06,8640,65537,HYBRID_CORRELATED,1,25.427148,E7:060:E1_TEST_DOS_01
60,10,E1_TEST_DOS_02,2026-09-22T03:28:54.139202Z,2026-09-22T03:29:31.104446Z,1790047734.139202,1790047771.104446,2648088,2648088,0,0,1,36.88,60710,65537,HYBRID_CORRELATED,1,1e-06,E7:060:E1_TEST_DOS_02
60,11,E1_TEST_DOS_03,2026-09-22T03:29:48.608230Z,2026-09-22T03:30:25.540260Z,1790047788.608230,1790047825.540260,2600786,2600786,0,0,1,36.83,95806,65537,HYBRID_CORRELATED,1,0.0,E7:060:E1_TEST_DOS_03
60,12,E1_TEST_EXPLOIT_01,2026-09-22T03:30:50.636570Z,2026-09-22T03:31:04.730937Z,1790047850.636570,1790047864.730937,23669,23666,3,0,1,14.02,0,2318,RF_ONLY_REVIEW,0,,E7:060:E1_TEST_EXPLOIT_01
60,13,E1_TEST_EXPLOIT_02,2026-09-22T03:31:05.313968Z,2026-09-22T03:31:14.877076Z,1790047865.313968,1790047874.877076,20747,20747,0,0,1,9.46,0,2072,RF_ONLY_REVIEW,0,,E7:060:E1_TEST_EXPLOIT_02
60,14,E1_TEST_EXPLOIT_03,2026-09-22T03:31:15.450772Z,2026-09-22T03:43:29.256958Z,1790047875.450772,1790048609.256958,71525,71523,2,0,1,733.7,0,21,RF_ONLY_REVIEW,0,,E7:060:E1_TEST_EXPLOIT_03
61,0,E1_TEST_NORMAL_01,2026-09-22T03:43:30.211926Z,2026-09-22T03:43:59.924856Z,1790048610.211926,1790048639.924856,333,333,0,0,1,29.62,0,31,RF_ONLY_REVIEW,0,,E7:061:E1_TEST_NORMAL_01
61,1,E1_TEST_NORMAL_02,2026-09-22T03:44:00.426691Z,2026-09-22T03:44:30.209858Z,1790048640.426691,1790048670.209858,333,333,0,0,1,29.68,0,31,RF_ONLY_REVIEW,0,,E7:061:E1_TEST_NORMAL_02
61,2,E1_TEST_NORMAL_03,2026-09-22T03:44:30.712106Z,2026-09-22T03:45:00.727903Z,1790048670.712106,1790048700.727903,336,336,0,0,1,29.93,0,31,RF_ONLY_REVIEW,0,,E7:061:E1_TEST_NORMAL_03
61,3,E1_TEST_SCAN_01,2026-09-22T03:45:01.229717Z,2026-09-22T03:45:01.936965Z,1790048701.229717,1790048701.936965,1729,1729,0,0,1,0.625219,0,845,RF_ONLY_REVIEW,0,,E7:061:E1_TEST_SCAN_01
61,4,E1_TEST_SCAN_02,2026-09-22T03:45:02.440233Z,2026-09-22T03:45:03.065968Z,1790048702.440233,1790048703.065968,1715,1715,0,0,1,0.559054,0,837,RF_ONLY_REVIEW,0,,E7:061:E1_TEST_SCAN_02
61,5,E1_TEST_SCAN_03,2026-09-22T03:45:03.570689Z,2026-09-22T03:45:05.209951Z,1790048703.570689,1790048705.209951,1760,1760,0,0,1,1.55,0,861,RF_ONLY_REVIEW,0,,E7:061:E1_TEST_SCAN_03
61,6,E1_TEST_BRUTE_01,2026-09-22T03:45:05.713783Z,2026-09-22T03:45:16.995986Z,1790048705.713783,1790048716.995986,207,207,0,0,1,11.2,0,6,RF_ONLY_REVIEW,0,,E7:061:E1_TEST_BRUTE_01
61,7,E1_TEST_BRUTE_02,2026-09-22T03:45:17.497187Z,2026-09-22T03:45:28.653890Z,1790048717.497187,1790048728.653890,216,216,0,0,1,11.06,0,6,RF_ONLY_REVIEW,0,,E7:061:E1_TEST_BRUTE_02
61,8,E1_TEST_BRUTE_03,2026-09-22T03:45:29.155181Z,2026-09-22T03:45:40.340933Z,1790048729.155181,1790048740.340933,214,214,0,0,1,11.1,0,6,RF_ONLY_REVIEW,0,,E7:061:E1_TEST_BRUTE_03
61,9,E1_TEST_DOS_01,2026-09-22T03:45:40.842614Z,2026-09-22T03:46:17.888843Z,1790048740.842614,1790048777.888843,2659023,2659023,0,0,1,36.95,8640,65537,HYBRID_CORRELATED,1,25.340657,E7:061:E1_TEST_DOS_01
61,10,E1_TEST_DOS_02,2026-09-22T03:46:24.079040Z,2026-09-22T03:47:00.991749Z,1790048784.079040,1790048820.991749,2648088,2648088,0,0,1,36.83,60710,65537,HYBRID_CORRELATED,1,1e-06,E7:061:E1_TEST_DOS_02
61,11,E1_TEST_DOS_03,2026-09-22T03:47:18.495466Z,2026-09-22T03:47:55.246048Z,1790048838.495466,1790048875.246048,2600786,2600786,0,0,1,36.69,95806,65537,HYBRID_CORRELATED,1,1e-06,E7:061:E1_TEST_DOS_03
61,12,E1_TEST_EXPLOIT_01,2026-09-22T03:48:20.031398Z,2026-09-22T03:48:34.113136Z,1790048900.031398,1790048914.113136,23669,23666,3,0,1,14.02,0,2318,RF_ONLY_REVIEW,0,,E7:061:E1_TEST_EXPLOIT_01
61,13,E1_TEST_EXPLOIT_02,2026-09-22T03:48:34.695362Z,2026-09-22T03:48:44.230186Z,1790048914.695362,1790048924.230186,20747,20747,0,0,1,9.46,0,2072,RF_ONLY_REVIEW,0,,E7:061:E1_TEST_EXPLOIT_02
61,14,E1_TEST_EXPLOIT_03,2026-09-22T03:48:44.800780Z,2026-09-22T04:00:58.572871Z,1790048924.800780,1790049658.572871,71525,71523,2,0,1,733.7,0,21,RF_ONLY_REVIEW,0,,E7:061:E1_TEST_EXPLOIT_03
62,0,E1_TEST_NORMAL_01,2026-09-22T04:00:59.523037Z,2026-09-22T04:01:29.224087Z,1790049659.523037,1790049689.224087,333,333,0,0,1,29.62,0,31,RF_ONLY_REVIEW,0,,E7:062:E1_TEST_NORMAL_01
62,1,E1_TEST_NORMAL_02,2026-09-22T04:01:29.725863Z,2026-09-22T04:01:59.512096Z,1790049689.725863,1790049719.512096,333,333,0,0,1,29.68,0,31,RF_ONLY_REVIEW,0,,E7:062:E1_TEST_NORMAL_02
62,2,E1_TEST_NORMAL_03,2026-09-22T04:02:00.013844Z,2026-09-22T04:02:30.013902Z,1790049720.013844,1790049750.013902,336,336,0,0,1,29.93,0,31,RF_ONLY_REVIEW,0,,E7:062:E1_TEST_NORMAL_03
62,3,E1_TEST_SCAN_01,2026-09-22T04:02:30.516730Z,2026-09-22T04:02:31.227873Z,1790049750.516730,1790049751.227873,1729,1729,0,0,1,0.624957,0,845,RF_ONLY_REVIEW,0,,E7:062:E1_TEST_SCAN_01
62,4,E1_TEST_SCAN_02,2026-09-22T04:02:31.731184Z,2026-09-22T04:02:32.385026Z,1790049751.731184,1790049752.385026,1715,1715,0,0,1,0.558842,0,837,RF_ONLY_REVIEW,0,,E7:062:E1_TEST_SCAN_02
62,5,E1_TEST_SCAN_03,2026-09-22T04:02:32.888242Z,2026-09-22T04:02:34.507945Z,1790049752.888242,1790049754.507945,1760,1760,0,0,1,1.55,0,861,RF_ONLY_REVIEW,0,,E7:062:E1_TEST_SCAN_03
62,6,E1_TEST_BRUTE_01,2026-09-22T04:02:35.011269Z,2026-09-22T04:02:46.301930Z,1790049755.011269,1790049766.301930,207,207,0,0,1,11.2,0,6,RF_ONLY_REVIEW,0,,E7:062:E1_TEST_BRUTE_01
62,7,E1_TEST_BRUTE_02,2026-09-22T04:02:46.803198Z,2026-09-22T04:02:57.942831Z,1790049766.803198,1790049777.942831,216,216,0,0,1,11.06,0,6,RF_ONLY_REVIEW,0,,E7:062:E1_TEST_BRUTE_02
62,8,E1_TEST_BRUTE_03,2026-09-22T04:02:58.444135Z,2026-09-22T04:03:09.622906Z,1790049778.444135,1790049789.622906,214,214,0,0,1,11.1,0,6,RF_ONLY_REVIEW,0,,E7:062:E1_TEST_BRUTE_03
62,9,E1_TEST_DOS_01,2026-09-22T04:03:10.124991Z,2026-09-22T04:03:47.185945Z,1790049790.124991,1790049827.185945,2659023,2659023,0,0,1,36.99,8640,65537,HYBRID_CORRELATED,1,25.36657,E7:062:E1_TEST_DOS_01
62,10,E1_TEST_DOS_02,2026-09-22T04:03:53.372560Z,2026-09-22T04:04:30.416061Z,1790049833.372560,1790049870.416061,2648088,2648088,0,0,1,36.96,60710,65537,HYBRID_CORRELATED,1,1e-06,E7:062:E1_TEST_DOS_02
62,11,E1_TEST_DOS_03,2026-09-22T04:04:47.913669Z,2026-09-22T04:05:24.842867Z,1790049887.913669,1790049924.842867,2600786,2600786,0,0,1,36.83,95806,65537,HYBRID_CORRELATED,1,0.0,E7:062:E1_TEST_DOS_03
62,12,E1_TEST_EXPLOIT_01,2026-09-22T04:05:49.714842Z,2026-09-22T04:06:03.805969Z,1790049949.714842,1790049963.805969,23669,23666,3,0,1,14.02,0,2318,RF_ONLY_REVIEW,0,,E7:062:E1_TEST_EXPLOIT_01
62,13,E1_TEST_EXPLOIT_02,2026-09-22T04:06:04.396072Z,2026-09-22T04:06:13.946011Z,1790049964.396072,1790049973.946011,20747,20747,0,0,1,9.46,0,2072,RF_ONLY_REVIEW,0,,E7:062:E1_TEST_EXPLOIT_02
62,14,E1_TEST_EXPLOIT_03,2026-09-22T04:06:14.516577Z,2026-09-22T04:18:28.302945Z,1790049974.516577,1790050708.302945,71525,71523,2,0,1,733.71,0,21,RF_ONLY_REVIEW,0,,E7:062:E1_TEST_EXPLOIT_03
63,0,E1_TEST_NORMAL_01,2026-09-22T04:18:29.249987Z,2026-09-22T04:18:58.967868Z,1790050709.249987,1790050738.967868,333,333,0,0,1,29.62,0,31,RF_ONLY_REVIEW,0,,E7:063:E1_TEST_NORMAL_01
63,1,E1_TEST_NORMAL_02,2026-09-22T04:18:59.471047Z,2026-09-22T04:19:29.216902Z,1790050739.471047,1790050769.216902,333,333,0,0,1,29.68,0,31,RF_ONLY_REVIEW,0,,E7:063:E1_TEST_NORMAL_02
63,2,E1_TEST_NORMAL_03,2026-09-22T04:19:29.718693Z,2026-09-22T04:19:59.728866Z,1790050769.718693,1790050799.728866,336,336,0,0,1,29.93,0,31,RF_ONLY_REVIEW,0,,E7:063:E1_TEST_NORMAL_03
63,3,E1_TEST_SCAN_01,2026-09-22T04:20:00.230976Z,2026-09-22T04:20:00.922887Z,1790050800.230976,1790050800.922887,1729,1729,0,0,1,0.625017,0,845,RF_ONLY_REVIEW,0,,E7:063:E1_TEST_SCAN_01
63,4,E1_TEST_SCAN_02,2026-09-22T04:20:01.426563Z,2026-09-22T04:20:02.036010Z,1790050801.426563,1790050802.036010,1715,1715,0,0,1,0.558303,0,837,RF_ONLY_REVIEW,0,,E7:063:E1_TEST_SCAN_02
63,5,E1_TEST_SCAN_03,2026-09-22T04:20:02.539232Z,2026-09-22T04:20:04.189994Z,1790050802.539232,1790050804.189994,1760,1760,0,0,1,1.55,0,861,RF_ONLY_REVIEW,0,,E7:063:E1_TEST_SCAN_03
63,6,E1_TEST_BRUTE_01,2026-09-22T04:20:04.693239Z,2026-09-22T04:20:15.987921Z,1790050804.693239,1790050815.987921,207,207,0,0,1,11.2,0,6,RF_ONLY_REVIEW,0,,E7:063:E1_TEST_BRUTE_01
63,7,E1_TEST_BRUTE_02,2026-09-22T04:20:16.490090Z,2026-09-22T04:20:27.649945Z,1790050816.490090,1790050827.649945,216,216,0,0,1,11.06,0,6,RF_ONLY_REVIEW,0,,E7:063:E1_TEST_BRUTE_02
63,8,E1_TEST_BRUTE_03,2026-09-22T04:20:28.151154Z,2026-09-22T04:20:39.338877Z,1790050828.151154,1790050839.338877,214,214,0,0,1,11.1,0,6,RF_ONLY_REVIEW,0,,E7:063:E1_TEST_BRUTE_03
63,9,E1_TEST_DOS_01,2026-09-22T04:20:39.840162Z,2026-09-22T04:21:17.015690Z,1790050839.840162,1790050877.015690,2659023,2659023,0,0,1,37.08,8640,65537,HYBRID_CORRELATED,1,25.436732,E7:063:E1_TEST_DOS_01
63,10,E1_TEST_DOS_02,2026-09-22T04:21:23.215066Z,2026-09-22T04:22:00.390220Z,1790050883.215066,1790050920.390220,2648088,2648088,0,0,1,37.07,60710,65537,HYBRID_CORRELATED,1,0.0,E7:063:E1_TEST_DOS_02
63,11,E1_TEST_DOS_03,2026-09-22T04:22:17.857176Z,2026-09-22T04:22:54.674016Z,1790050937.857176,1790050974.674016,2600786,2600786,0,0,1,36.74,95806,65537,HYBRID_CORRELATED,1,0.0,E7:063:E1_TEST_DOS_03
63,12,E1_TEST_EXPLOIT_01,2026-09-22T04:23:19.425055Z,2026-09-22T04:23:33.539004Z,1790050999.425055,1790051013.539004,23669,23666,3,0,1,14.02,0,2318,RF_ONLY_REVIEW,0,,E7:063:E1_TEST_EXPLOIT_01
63,13,E1_TEST_EXPLOIT_02,2026-09-22T04:23:34.125122Z,2026-09-22T04:23:43.666963Z,1790051014.125122,1790051023.666963,20747,20747,0,0,1,9.46,0,2072,RF_ONLY_REVIEW,0,,E7:063:E1_TEST_EXPLOIT_02
63,14,E1_TEST_EXPLOIT_03,2026-09-22T04:23:44.236518Z,2026-09-22T04:35:58.022928Z,1790051024.236518,1790051758.022928,71525,71523,2,0,1,733.71,0,21,RF_ONLY_REVIEW,0,,E7:063:E1_TEST_EXPLOIT_03
64,0,E1_TEST_NORMAL_01,2026-09-22T04:35:58.976179Z,2026-09-22T04:36:28.682038Z,1790051758.976179,1790051788.682038,333,333,0,0,1,29.62,0,31,RF_ONLY_REVIEW,0,,E7:064:E1_TEST_NORMAL_01
64,1,E1_TEST_NORMAL_02,2026-09-22T04:36:29.183803Z,2026-09-22T04:36:58.928973Z,1790051789.183803,1790051818.928973,333,333,0,0,1,29.68,0,31,RF_ONLY_REVIEW,0,,E7:064:E1_TEST_NORMAL_02
64,2,E1_TEST_NORMAL_03,2026-09-22T04:36:59.430784Z,2026-09-22T04:37:29.444949Z,1790051819.430784,1790051849.444949,336,336,0,0,1,29.93,0,31,RF_ONLY_REVIEW,0,,E7:064:E1_TEST_NORMAL_03
64,3,E1_TEST_SCAN_01,2026-09-22T04:37:29.946912Z,2026-09-22T04:37:30.663939Z,1790051849.946912,1790051850.663939,1729,1729,0,0,1,0.624633,0,845,RF_ONLY_REVIEW,0,,E7:064:E1_TEST_SCAN_01
64,4,E1_TEST_SCAN_02,2026-09-22T04:37:31.169910Z,2026-09-22T04:37:31.794907Z,1790051851.169910,1790051851.794907,1715,1715,0,0,1,0.558859,0,837,RF_ONLY_REVIEW,0,,E7:064:E1_TEST_SCAN_02
64,5,E1_TEST_SCAN_03,2026-09-22T04:37:32.300833Z,2026-09-22T04:37:33.913940Z,1790051852.300833,1790051853.913940,1760,1760,0,0,1,1.55,0,861,RF_ONLY_REVIEW,0,,E7:064:E1_TEST_SCAN_03
64,6,E1_TEST_BRUTE_01,2026-09-22T04:37:34.418885Z,2026-09-22T04:37:45.700881Z,1790051854.418885,1790051865.700881,207,207,0,0,1,11.2,0,6,RF_ONLY_REVIEW,0,,E7:064:E1_TEST_BRUTE_01
64,7,E1_TEST_BRUTE_02,2026-09-22T04:37:46.202141Z,2026-09-22T04:37:57.353914Z,1790051866.202141,1790051877.353914,216,216,0,0,1,11.06,0,6,RF_ONLY_REVIEW,0,,E7:064:E1_TEST_BRUTE_02
64,8,E1_TEST_BRUTE_03,2026-09-22T04:37:57.855122Z,2026-09-22T04:38:09.041914Z,1790051877.855122,1790051889.041914,214,214,0,0,1,11.1,0,6,RF_ONLY_REVIEW,0,,E7:064:E1_TEST_BRUTE_03
64,9,E1_TEST_DOS_01,2026-09-22T04:38:09.544103Z,2026-09-22T04:38:46.569530Z,1790051889.544103,1790051926.569530,2659023,2659023,0,0,1,36.94,8640,65537,HYBRID_CORRELATED,1,25.308595,E7:064:E1_TEST_DOS_01
64,10,E1_TEST_DOS_02,2026-09-22T04:38:52.763628Z,2026-09-22T04:39:29.769155Z,1790051932.763628,1790051969.769155,2648088,2648088,0,0,1,36.9,60710,65537,HYBRID_CORRELATED,1,1e-06,E7:064:E1_TEST_DOS_02
64,11,E1_TEST_DOS_03,2026-09-22T04:39:47.150714Z,2026-09-22T04:40:23.843080Z,1790051987.150714,1790052023.843080,2600786,2600786,0,0,1,36.6,95806,65537,HYBRID_CORRELATED,1,0.0,E7:064:E1_TEST_DOS_03
64,12,E1_TEST_EXPLOIT_01,2026-09-22T04:40:48.670571Z,2026-09-22T04:41:02.761091Z,1790052048.670571,1790052062.761091,23669,23666,3,0,1,14.02,0,2318,RF_ONLY_REVIEW,0,,E7:064:E1_TEST_EXPLOIT_01
64,13,E1_TEST_EXPLOIT_02,2026-09-22T04:41:03.346661Z,2026-09-22T04:41:12.905167Z,1790052063.346661,1790052072.905167,20747,20747,0,0,1,9.46,0,2072,RF_ONLY_REVIEW,0,,E7:064:E1_TEST_EXPLOIT_02
64,14,E1_TEST_EXPLOIT_03,2026-09-22T04:41:13.473788Z,2026-09-22T04:53:27.286944Z,1790052073.473788,1790052807.286944,71525,71523,2,0,1,733.71,0,21,RF_ONLY_REVIEW,0,,E7:064:E1_TEST_EXPLOIT_03
65,0,E1_TEST_NORMAL_01,2026-09-22T04:53:28.237879Z,2026-09-22T04:53:57.928881Z,1790052808.237879,1790052837.928881,333,333,0,0,1,29.62,0,31,RF_ONLY_REVIEW,0,,E7:065:E1_TEST_NORMAL_01
65,1,E1_TEST_NORMAL_02,2026-09-22T04:53:58.430574Z,2026-09-22T04:54:28.207899Z,1790052838.430574,1790052868.207899,333,333,0,0,1,29.68,0,31,RF_ONLY_REVIEW,0,,E7:065:E1_TEST_NORMAL_02
65,2,E1_TEST_NORMAL_03,2026-09-22T04:54:28.710986Z,2026-09-22T04:54:58.736947Z,1790052868.710986,1790052898.736947,336,336,0,0,1,29.93,0,31,RF_ONLY_REVIEW,0,,E7:065:E1_TEST_NORMAL_03
65,3,E1_TEST_SCAN_01,2026-09-22T04:54:59.238800Z,2026-09-22T04:54:59.941955Z,1790052899.238800,1790052899.941955,1729,1729,0,0,1,0.626322,0,845,RF_ONLY_REVIEW,0,,E7:065:E1_TEST_SCAN_01
65,4,E1_TEST_SCAN_02,2026-09-22T04:55:00.445160Z,2026-09-22T04:55:01.091080Z,1790052900.445160,1790052901.091080,1715,1715,0,0,1,0.558879,0,837,RF_ONLY_REVIEW,0,,E7:065:E1_TEST_SCAN_02
65,5,E1_TEST_SCAN_03,2026-09-22T04:55:01.594313Z,2026-09-22T04:55:03.228056Z,1790052901.594313,1790052903.228056,1760,1760,0,0,1,1.55,0,861,RF_ONLY_REVIEW,0,,E7:065:E1_TEST_SCAN_03
65,6,E1_TEST_BRUTE_01,2026-09-22T04:55:03.733145Z,2026-09-22T04:55:15.039960Z,1790052903.733145,1790052915.039960,207,207,0,0,1,11.2,0,6,RF_ONLY_REVIEW,0,,E7:065:E1_TEST_BRUTE_01
65,7,E1_TEST_BRUTE_02,2026-09-22T04:55:15.541106Z,2026-09-22T04:55:26.695126Z,1790052915.541106,1790052926.695126,216,216,0,0,1,11.06,0,6,RF_ONLY_REVIEW,0,,E7:065:E1_TEST_BRUTE_02
65,8,E1_TEST_BRUTE_03,2026-09-22T04:55:27.197115Z,2026-09-22T04:55:38.395113Z,1790052927.197115,1790052938.395113,214,214,0,0,1,11.1,0,6,RF_ONLY_REVIEW,0,,E7:065:E1_TEST_BRUTE_03
65,9,E1_TEST_DOS_01,2026-09-22T04:55:38.896380Z,2026-09-22T04:56:16.008030Z,1790052938.896380,1790052976.008030,2659023,2659023,0,0,1,37.02,8640,65537,HYBRID_CORRELATED,1,25.416353,E7:065:E1_TEST_DOS_01
65,10,E1_TEST_DOS_02,2026-09-22T04:56:22.194782Z,2026-09-22T04:56:59.084926Z,1790052982.194782,1790053019.084926,2648088,2648088,0,0,1,36.79,60710,65537,HYBRID_CORRELATED,1,1e-06,E7:065:E1_TEST_DOS_02
65,11,E1_TEST_DOS_03,2026-09-22T04:57:16.481192Z,2026-09-22T04:57:53.255743Z,1790053036.481192,1790053073.255743,2600786,2600786,0,0,1,36.68,95806,65537,HYBRID_CORRELATED,1,0.0,E7:065:E1_TEST_DOS_03
65,12,E1_TEST_EXPLOIT_01,2026-09-22T04:58:18.089058Z,2026-09-22T04:58:32.199401Z,1790053098.089058,1790053112.199401,23669,23666,3,0,1,14.02,0,2318,RF_ONLY_REVIEW,0,,E7:065:E1_TEST_EXPLOIT_01
65,13,E1_TEST_EXPLOIT_02,2026-09-22T04:58:32.779846Z,2026-09-22T04:58:42.321170Z,1790053112.779846,1790053122.321170,20747,20747,0,0,1,9.46,0,2072,RF_ONLY_REVIEW,0,,E7:065:E1_TEST_EXPLOIT_02
65,14,E1_TEST_EXPLOIT_03,2026-09-22T04:58:42.890754Z,2026-09-22T05:10:56.670826Z,1790053122.890754,1790053856.670826,71525,71523,2,0,1,733.71,0,21,RF_ONLY_REVIEW,0,,E7:065:E1_TEST_EXPLOIT_03
66,0,E1_TEST_NORMAL_01,2026-09-22T05:10:57.629660Z,2026-09-22T05:11:27.343938Z,1790053857.629660,1790053887.343938,333,333,0,0,1,29.62,0,31,RF_ONLY_REVIEW,0,,E7:066:E1_TEST_NORMAL_01
66,1,E1_TEST_NORMAL_02,2026-09-22T05:11:27.846976Z,2026-09-22T05:11:57.604919Z,1790053887.846976,1790053917.604919,333,333,0,0,1,29.68,0,31,RF_ONLY_REVIEW,0,,E7:066:E1_TEST_NORMAL_02
66,2,E1_TEST_NORMAL_03,2026-09-22T05:11:58.106622Z,2026-09-22T05:12:28.094949Z,1790053918.106622,1790053948.094949,336,336,0,0,1,29.93,0,31,RF_ONLY_REVIEW,0,,E7:066:E1_TEST_NORMAL_03
66,3,E1_TEST_SCAN_01,2026-09-22T05:12:28.598117Z,2026-09-22T05:12:29.291905Z,1790053948.598117,1790053949.291905,1729,1729,0,0,1,0.624048,0,845,RF_ONLY_REVIEW,0,,E7:066:E1_TEST_SCAN_01
66,4,E1_TEST_SCAN_02,2026-09-22T05:12:29.795153Z,2026-09-22T05:12:30.429896Z,1790053949.795153,1790053950.429896,1715,1715,0,0,1,0.558551,0,837,RF_ONLY_REVIEW,0,,E7:066:E1_TEST_SCAN_02
66,5,E1_TEST_SCAN_03,2026-09-22T05:12:30.933970Z,2026-09-22T05:12:32.575941Z,1790053950.933970,1790053952.575941,1760,1760,0,0,1,1.55,0,861,RF_ONLY_REVIEW,0,,E7:066:E1_TEST_SCAN_03
66,6,E1_TEST_BRUTE_01,2026-09-22T05:12:33.079290Z,2026-09-22T05:12:44.369941Z,1790053953.079290,1790053964.369941,207,207,0,0,1,11.2,0,6,RF_ONLY_REVIEW,0,,E7:066:E1_TEST_BRUTE_01
66,7,E1_TEST_BRUTE_02,2026-09-22T05:12:44.871696Z,2026-09-22T05:12:56.023900Z,1790053964.871696,1790053976.023900,216,216,0,0,1,11.06,0,6,RF_ONLY_REVIEW,0,,E7:066:E1_TEST_BRUTE_02
66,8,E1_TEST_BRUTE_03,2026-09-22T05:12:56.525189Z,2026-09-22T05:13:07.720888Z,1790053976.525189,1790053987.720888,214,214,0,0,1,11.1,0,6,RF_ONLY_REVIEW,0,,E7:066:E1_TEST_BRUTE_03
66,9,E1_TEST_DOS_01,2026-09-22T05:13:08.222120Z,2026-09-22T05:13:45.136007Z,1790053988.222120,1790054025.136007,2659023,2659023,0,0,1,36.82,8640,65537,HYBRID_CORRELATED,1,25.234414,E7:066:E1_TEST_DOS_01
66,10,E1_TEST_DOS_02,2026-09-22T05:13:51.306442Z,2026-09-22T05:14:28.188356Z,1790054031.306442,1790054068.188356,2648088,2648088,0,0,1,36.8,60710,65537,HYBRID_CORRELATED,1,0.0,E7:066:E1_TEST_DOS_02
66,11,E1_TEST_DOS_03,2026-09-22T05:14:45.683723Z,2026-09-22T05:15:22.470602Z,1790054085.683723,1790054122.470602,2600786,2600786,0,0,1,36.69,95806,65537,HYBRID_CORRELATED,1,0.0,E7:066:E1_TEST_DOS_03
66,12,E1_TEST_EXPLOIT_01,2026-09-22T05:15:47.293679Z,2026-09-22T05:16:01.421018Z,1790054147.293679,1790054161.421018,23669,23666,3,0,1,14.02,0,2318,RF_ONLY_REVIEW,0,,E7:066:E1_TEST_EXPLOIT_01
66,13,E1_TEST_EXPLOIT_02,2026-09-22T05:16:02.001892Z,2026-09-22T05:16:11.534957Z,1790054162.001892,1790054171.534957,20747,20747,0,0,1,9.46,0,2072,RF_ONLY_REVIEW,0,,E7:066:E1_TEST_EXPLOIT_02
66,14,E1_TEST_EXPLOIT_03,2026-09-22T05:16:12.106441Z,2026-09-22T05:28:25.882906Z,1790054172.106441,1790054905.882906,71525,71523,2,0,1,733.7,0,21,RF_ONLY_REVIEW,0,,E7:066:E1_TEST_EXPLOIT_03
67,0,E1_TEST_NORMAL_01,2026-09-22T05:28:26.838244Z,2026-09-22T05:28:56.517913Z,1790054906.838244,1790054936.517913,333,333,0,0,1,29.62,0,31,RF_ONLY_REVIEW,0,,E7:067:E1_TEST_NORMAL_01
67,1,E1_TEST_NORMAL_02,2026-09-22T05:28:57.019775Z,2026-09-22T05:29:26.794935Z,1790054937.019775,1790054966.794935,333,333,0,0,1,29.68,0,31,RF_ONLY_REVIEW,0,,E7:067:E1_TEST_NORMAL_02
67,2,E1_TEST_NORMAL_03,2026-09-22T05:29:27.296730Z,2026-09-22T05:29:57.325869Z,1790054967.296730,1790054997.325869,336,336,0,0,1,29.93,0,31,RF_ONLY_REVIEW,0,,E7:067:E1_TEST_NORMAL_03
67,3,E1_TEST_SCAN_01,2026-09-22T05:29:57.827679Z,2026-09-22T05:29:58.535900Z,1790054997.827679,1790054998.535900,1729,1729,0,0,1,0.624148,0,845,RF_ONLY_REVIEW,0,,E7:067:E1_TEST_SCAN_01
67,4,E1_TEST_SCAN_02,2026-09-22T05:29:59.039231Z,2026-09-22T05:29:59.666890Z,1790054999.039231,1790054999.666890,1715,1715,0,0,1,0.558752,0,837,RF_ONLY_REVIEW,0,,E7:067:E1_TEST_SCAN_02
67,5,E1_TEST_SCAN_03,2026-09-22T05:30:00.170131Z,2026-09-22T05:30:01.822923Z,1790055000.170131,1790055001.822923,1760,1760,0,0,1,1.55,0,861,RF_ONLY_REVIEW,0,,E7:067:E1_TEST_SCAN_03
67,6,E1_TEST_BRUTE_01,2026-09-22T05:30:02.326268Z,2026-09-22T05:30:13.616868Z,1790055002.326268,1790055013.616868,207,207,0,0,1,11.2,0,6,RF_ONLY_REVIEW,0,,E7:067:E1_TEST_BRUTE_01
67,7,E1_TEST_BRUTE_02,2026-09-22T05:30:14.118048Z,2026-09-22T05:30:25.265863Z,1790055014.118048,1790055025.265863,216,216,0,0,1,11.06,0,6,RF_ONLY_REVIEW,0,,E7:067:E1_TEST_BRUTE_02
67,8,E1_TEST_BRUTE_03,2026-09-22T05:30:25.767233Z,2026-09-22T05:30:36.943872Z,1790055025.767233,1790055036.943872,214,214,0,0,1,11.1,0,6,RF_ONLY_REVIEW,0,,E7:067:E1_TEST_BRUTE_03
67,9,E1_TEST_DOS_01,2026-09-22T05:30:37.445945Z,2026-09-22T05:31:14.521953Z,1790055037.445945,1790055074.521953,2659023,2659023,0,0,1,36.97,8640,65537,HYBRID_CORRELATED,1,25.341835,E7:067:E1_TEST_DOS_01
67,10,E1_TEST_DOS_02,2026-09-22T05:31:20.696047Z,2026-09-22T05:31:57.910634Z,1790055080.696047,1790055117.910634,2648088,2648088,0,0,1,37.11,60710,65537,HYBRID_CORRELATED,1,0.0,E7:067:E1_TEST_DOS_02
67,11,E1_TEST_DOS_03,2026-09-22T05:32:15.409289Z,2026-09-22T05:32:52.285993Z,1790055135.409289,1790055172.285993,2600786,2600786,0,0,1,36.79,95806,65537,HYBRID_CORRELATED,1,0.0,E7:067:E1_TEST_DOS_03
67,12,E1_TEST_EXPLOIT_01,2026-09-22T05:33:17.187275Z,2026-09-22T05:33:31.284191Z,1790055197.187275,1790055211.284191,23669,23666,3,0,1,14.02,0,2318,RF_ONLY_REVIEW,0,,E7:067:E1_TEST_EXPLOIT_01
67,13,E1_TEST_EXPLOIT_02,2026-09-22T05:33:31.864916Z,2026-09-22T05:33:41.410225Z,1790055211.864916,1790055221.410225,20747,20747,0,0,1,9.46,0,2072,RF_ONLY_REVIEW,0,,E7:067:E1_TEST_EXPLOIT_02
67,14,E1_TEST_EXPLOIT_03,2026-09-22T05:33:41.979774Z,2026-09-22T05:45:55.781868Z,1790055221.979774,1790055955.781868,71525,71523,2,0,1,733.71,0,21,RF_ONLY_REVIEW,0,,E7:067:E1_TEST_EXPLOIT_03
68,0,E1_TEST_NORMAL_01,2026-09-22T05:45:56.731098Z,2026-09-22T05:46:26.438890Z,1790055956.731098,1790055986.438890,333,333,0,0,1,29.62,0,31,RF_ONLY_REVIEW,0,,E7:068:E1_TEST_NORMAL_01
68,1,E1_TEST_NORMAL_02,2026-09-22T05:46:26.940655Z,2026-09-22T05:46:56.711881Z,1790055986.940655,1790056016.711881,333,333,0,0,1,29.68,0,31,RF_ONLY_REVIEW,0,,E7:068:E1_TEST_NORMAL_02
68,2,E1_TEST_NORMAL_03,2026-09-22T05:46:57.213665Z,2026-09-22T05:47:27.217868Z,1790056017.213665,1790056047.217868,336,336,0,0,1,29.93,0,31,RF_ONLY_REVIEW,0,,E7:068:E1_TEST_NORMAL_03
68,3,E1_TEST_SCAN_01,2026-09-22T05:47:27.719728Z,2026-09-22T05:47:28.420977Z,1790056047.719728,1790056048.420977,1729,1729,0,0,1,0.624716,0,845,RF_ONLY_REVIEW,0,,E7:068:E1_TEST_SCAN_01
68,4,E1_TEST_SCAN_02,2026-09-22T05:47:28.926840Z,2026-09-22T05:47:29.547990Z,1790056048.926840,1790056049.547990,1715,1715,0,0,1,0.559195,0,837,RF_ONLY_REVIEW,0,,E7:068:E1_TEST_SCAN_02
68,5,E1_TEST_SCAN_03,2026-09-22T05:47:30.051289Z,2026-09-22T05:47:31.696992Z,1790056050.051289,1790056051.696992,1760,1760,0,0,1,1.55,0,861,RF_ONLY_REVIEW,0,,E7:068:E1_TEST_SCAN_03
68,6,E1_TEST_BRUTE_01,2026-09-22T05:47:32.202987Z,2026-09-22T05:47:43.491884Z,1790056052.202987,1790056063.491884,207,207,0,0,1,11.2,0,6,RF_ONLY_REVIEW,0,,E7:068:E1_TEST_BRUTE_01
68,7,E1_TEST_BRUTE_02,2026-09-22T05:47:43.993111Z,2026-09-22T05:47:55.150913Z,1790056063.993111,1790056075.150913,216,216,0,0,1,11.06,0,6,RF_ONLY_REVIEW,0,,E7:068:E1_TEST_BRUTE_02
68,8,E1_TEST_BRUTE_03,2026-09-22T05:47:55.652106Z,2026-09-22T05:48:06.856161Z,1790056075.652106,1790056086.856161,214,214,0,0,1,11.1,0,6,RF_ONLY_REVIEW,0,,E7:068:E1_TEST_BRUTE_03
68,9,E1_TEST_DOS_01,2026-09-22T05:48:07.357424Z,2026-09-22T05:48:44.329014Z,1790056087.357424,1790056124.329014,2659023,2659023,0,0,1,36.86,8640,65537,HYBRID_CORRELATED,1,25.291144,E7:068:E1_TEST_DOS_01
68,10,E1_TEST_DOS_02,2026-09-22T05:48:50.494048Z,2026-09-22T05:49:27.414943Z,1790056130.494048,1790056167.414943,2648088,2648088,0,0,1,36.83,60710,65537,HYBRID_CORRELATED,1,0.0,E7:068:E1_TEST_DOS_02
68,11,E1_TEST_DOS_03,2026-09-22T05:49:44.859210Z,2026-09-22T05:50:21.693787Z,1790056184.859210,1790056221.693787,2600786,2600786,0,0,1,36.73,95806,65537,HYBRID_CORRELATED,1,0.0,E7:068:E1_TEST_DOS_03
68,12,E1_TEST_EXPLOIT_01,2026-09-22T05:50:46.498043Z,2026-09-22T05:51:00.614085Z,1790056246.498043,1790056260.614085,23669,23666,3,0,1,14.02,0,2318,RF_ONLY_REVIEW,0,,E7:068:E1_TEST_EXPLOIT_01
68,13,E1_TEST_EXPLOIT_02,2026-09-22T05:51:01.194066Z,2026-09-22T05:51:10.732000Z,1790056261.194066,1790056270.732000,20747,20747,0,0,1,9.46,0,2072,RF_ONLY_REVIEW,0,,E7:068:E1_TEST_EXPLOIT_02
68,14,E1_TEST_EXPLOIT_03,2026-09-22T05:51:11.302362Z,2026-09-22T06:03:25.088883Z,1790056271.302362,1790057005.088883,71525,71523,2,0,1,733.71,0,21,RF_ONLY_REVIEW,0,,E7:068:E1_TEST_EXPLOIT_03
69,0,E1_TEST_NORMAL_01,2026-09-22T06:03:26.038095Z,2026-09-22T06:03:55.752993Z,1790057006.038095,1790057035.752993,333,333,0,0,1,29.62,0,31,RF_ONLY_REVIEW,0,,E7:069:E1_TEST_NORMAL_01
69,1,E1_TEST_NORMAL_02,2026-09-22T06:03:56.256189Z,2026-09-22T06:04:26.025899Z,1790057036.256189,1790057066.025899,333,333,0,0,1,29.68,0,31,RF_ONLY_REVIEW,0,,E7:069:E1_TEST_NORMAL_02
69,2,E1_TEST_NORMAL_03,2026-09-22T06:04:26.529041Z,2026-09-22T06:04:56.557881Z,1790057066.529041,1790057096.557881,336,336,0,0,1,29.93,0,31,RF_ONLY_REVIEW,0,,E7:069:E1_TEST_NORMAL_03
69,3,E1_TEST_SCAN_01,2026-09-22T06:04:57.059749Z,2026-09-22T06:04:57.772883Z,1790057097.059749,1790057097.772883,1729,1729,0,0,1,0.624647,0,845,RF_ONLY_REVIEW,0,,E7:069:E1_TEST_SCAN_01
69,4,E1_TEST_SCAN_02,2026-09-22T06:04:58.276181Z,2026-09-22T06:04:58.928941Z,1790057098.276181,1790057098.928941,1715,1715,0,0,1,0.559405,0,837,RF_ONLY_REVIEW,0,,E7:069:E1_TEST_SCAN_02
69,5,E1_TEST_SCAN_03,2026-09-22T06:04:59.432152Z,2026-09-22T06:05:01.058837Z,1790057099.432152,1790057101.058837,1760,1760,0,0,1,1.55,0,861,RF_ONLY_REVIEW,0,,E7:069:E1_TEST_SCAN_03
69,6,E1_TEST_BRUTE_01,2026-09-22T06:05:01.564874Z,2026-09-22T06:05:12.864924Z,1790057101.564874,1790057112.864924,207,207,0,0,1,11.2,0,6,RF_ONLY_REVIEW,0,,E7:069:E1_TEST_BRUTE_01
69,7,E1_TEST_BRUTE_02,2026-09-22T06:05:13.366836Z,2026-09-22T06:05:24.522886Z,1790057113.366836,1790057124.522886,216,216,0,0,1,11.06,0,6,RF_ONLY_REVIEW,0,,E7:069:E1_TEST_BRUTE_02
69,8,E1_TEST_BRUTE_03,2026-09-22T06:05:25.024121Z,2026-09-22T06:05:36.206866Z,1790057125.024121,1790057136.206866,214,214,0,0,1,11.1,0,6,RF_ONLY_REVIEW,0,,E7:069:E1_TEST_BRUTE_03
69,9,E1_TEST_DOS_01,2026-09-22T06:05:36.709100Z,2026-09-22T06:06:13.631231Z,1790057136.709100,1790057173.631231,2659023,2659023,0,0,1,36.83,8640,65537,HYBRID_CORRELATED,1,25.296643,E7:069:E1_TEST_DOS_01
69,10,E1_TEST_DOS_02,2026-09-22T06:06:19.834573Z,2026-09-22T06:06:57.012317Z,1790057179.834573,1790057217.012317,2648088,2648088,0,0,1,37.07,60710,65537,HYBRID_CORRELATED,1,2e-06,E7:069:E1_TEST_DOS_02
69,11,E1_TEST_DOS_03,2026-09-22T06:07:14.433539Z,2026-09-22T06:07:51.320144Z,1790057234.433539,1790057271.320144,2600786,2600786,0,0,1,36.79,95806,65537,HYBRID_CORRELATED,1,0.0,E7:069:E1_TEST_DOS_03
69,12,E1_TEST_EXPLOIT_01,2026-09-22T06:08:16.216702Z,2026-09-22T06:08:30.340023Z,1790057296.216702,1790057310.340023,23669,23666,3,0,1,14.02,0,2318,RF_ONLY_REVIEW,0,,E7:069:E1_TEST_EXPLOIT_01
69,13,E1_TEST_EXPLOIT_02,2026-09-22T06:08:30.919865Z,2026-09-22T06:08:40.471931Z,1790057310.919865,1790057320.471931,20747,20747,0,0,1,9.46,0,2072,RF_ONLY_REVIEW,0,,E7:069:E1_TEST_EXPLOIT_02
69,14,E1_TEST_EXPLOIT_03,2026-09-22T06:08:41.040259Z,2026-09-22T06:20:54.846956Z,1790057321.040259,1790058054.846956,71525,71523,2,0,1,733.71,0,21,RF_ONLY_REVIEW,0,,E7:069:E1_TEST_EXPLOIT_03
70,0,E1_TEST_NORMAL_01,2026-09-22T06:20:55.801167Z,2026-09-22T06:21:25.516842Z,1790058055.801167,1790058085.516842,333,333,0,0,1,29.62,0,31,RF_ONLY_REVIEW,0,,E7:070:E1_TEST_NORMAL_01
70,1,E1_TEST_NORMAL_02,2026-09-22T06:21:26.018569Z,2026-09-22T06:21:55.777872Z,1790058086.018569,1790058115.777872,333,333,0,0,1,29.68,0,31,RF_ONLY_REVIEW,0,,E7:070:E1_TEST_NORMAL_02
70,2,E1_TEST_NORMAL_03,2026-09-22T06:21:56.280250Z,2026-09-22T06:22:26.298902Z,1790058116.280250,1790058146.298902,336,336,0,0,1,29.93,0,31,RF_ONLY_REVIEW,0,,E7:070:E1_TEST_NORMAL_03
70,3,E1_TEST_SCAN_01,2026-09-22T06:22:26.800821Z,2026-09-22T06:22:27.506943Z,1790058146.800821,1790058147.506943,1729,1729,0,0,1,0.62493,0,845,RF_ONLY_REVIEW,0,,E7:070:E1_TEST_SCAN_01
70,4,E1_TEST_SCAN_02,2026-09-22T06:22:28.010283Z,2026-09-22T06:22:28.629949Z,1790058148.010283,1790058148.629949,1715,1715,0,0,1,0.558883,0,837,RF_ONLY_REVIEW,0,,E7:070:E1_TEST_SCAN_02
70,5,E1_TEST_SCAN_03,2026-09-22T06:22:29.135608Z,2026-09-22T06:22:30.751963Z,1790058149.135608,1790058150.751963,1760,1760,0,0,1,1.55,0,861,RF_ONLY_REVIEW,0,,E7:070:E1_TEST_SCAN_03
70,6,E1_TEST_BRUTE_01,2026-09-22T06:22:31.255415Z,2026-09-22T06:22:42.537939Z,1790058151.255415,1790058162.537939,207,207,0,0,1,11.2,0,6,RF_ONLY_REVIEW,0,,E7:070:E1_TEST_BRUTE_01
70,7,E1_TEST_BRUTE_02,2026-09-22T06:22:43.039167Z,2026-09-22T06:22:54.197922Z,1790058163.039167,1790058174.197922,216,216,0,0,1,11.06,0,6,RF_ONLY_REVIEW,0,,E7:070:E1_TEST_BRUTE_02
70,8,E1_TEST_BRUTE_03,2026-09-22T06:22:54.699268Z,2026-09-22T06:23:05.888002Z,1790058174.699268,1790058185.888002,214,214,0,0,1,11.1,0,6,RF_ONLY_REVIEW,0,,E7:070:E1_TEST_BRUTE_03
70,9,E1_TEST_DOS_01,2026-09-22T06:23:06.390280Z,2026-09-22T06:23:43.295795Z,1790058186.390280,1790058223.295795,2659023,2659023,0,0,1,36.83,8640,65537,HYBRID_CORRELATED,1,25.348659,E7:070:E1_TEST_DOS_01
70,10,E1_TEST_DOS_02,2026-09-22T06:23:49.563376Z,2026-09-22T06:24:26.679123Z,1790058229.563376,1790058266.679123,2648088,2648088,0,0,1,37.01,60710,65537,HYBRID_CORRELATED,1,0.0,E7:070:E1_TEST_DOS_02
70,11,E1_TEST_DOS_03,2026-09-22T06:24:44.176254Z,2026-09-22T06:25:21.009751Z,1790058284.176254,1790058321.009751,2600786,2600786,0,0,1,36.75,95966,65537,HYBRID_CORRELATED,1,0.0,E7:070:E1_TEST_DOS_03
70,12,E1_TEST_EXPLOIT_01,2026-09-22T06:25:45.943408Z,2026-09-22T06:26:00.061994Z,1790058345.943408,1790058360.061994,23669,23666,3,0,1,14.02,0,2318,RF_ONLY_REVIEW,0,,E7:070:E1_TEST_EXPLOIT_01
70,13,E1_TEST_EXPLOIT_02,2026-09-22T06:26:00.645620Z,2026-09-22T06:26:10.195996Z,1790058360.645620,1790058370.195996,20747,20747,0,0,1,9.46,0,2072,RF_ONLY_REVIEW,0,,E7:070:E1_TEST_EXPLOIT_02
70,14,E1_TEST_EXPLOIT_03,2026-09-22T06:26:10.764961Z,2026-09-22T06:38:24.571967Z,1790058370.764961,1790059104.571967,71525,71523,2,0,1,733.71,0,21,RF_ONLY_REVIEW,0,,E7:070:E1_TEST_EXPLOIT_03
71,0,E1_TEST_NORMAL_01,2026-09-22T06:38:25.533160Z,2026-09-22T06:38:55.217910Z,1790059105.533160,1790059135.217910,333,333,0,0,1,29.62,0,31,RF_ONLY_REVIEW,0,,E7:071:E1_TEST_NORMAL_01
71,1,E1_TEST_NORMAL_02,2026-09-22T06:38:55.719844Z,2026-09-22T06:39:25.456936Z,1790059135.719844,1790059165.456936,333,333,0,0,1,29.68,0,31,RF_ONLY_REVIEW,0,,E7:071:E1_TEST_NORMAL_02
71,2,E1_TEST_NORMAL_03,2026-09-22T06:39:25.958742Z,2026-09-22T06:39:55.963865Z,1790059165.958742,1790059195.963865,336,336,0,0,1,29.93,0,31,RF_ONLY_REVIEW,0,,E7:071:E1_TEST_NORMAL_03
71,3,E1_TEST_SCAN_01,2026-09-22T06:39:56.465715Z,2026-09-22T06:39:57.176008Z,1790059196.465715,1790059197.176008,1729,1729,0,0,1,0.624553,0,845,RF_ONLY_REVIEW,0,,E7:071:E1_TEST_SCAN_01
71,4,E1_TEST_SCAN_02,2026-09-22T06:39:57.681948Z,2026-09-22T06:39:58.300900Z,1790059197.681948,1790059198.300900,1715,1715,0,0,1,0.559013,0,837,RF_ONLY_REVIEW,0,,E7:071:E1_TEST_SCAN_02
71,5,E1_TEST_SCAN_03,2026-09-22T06:39:58.806765Z,2026-09-22T06:40:00.425926Z,1790059198.806765,1790059200.425926,1760,1760,0,0,1,1.55,0,861,RF_ONLY_REVIEW,0,,E7:071:E1_TEST_SCAN_03
71,6,E1_TEST_BRUTE_01,2026-09-22T06:40:00.929502Z,2026-09-22T06:40:12.204858Z,1790059200.929502,1790059212.204858,207,207,0,0,1,11.2,0,6,RF_ONLY_REVIEW,0,,E7:071:E1_TEST_BRUTE_01
71,7,E1_TEST_BRUTE_02,2026-09-22T06:40:12.706870Z,2026-09-22T06:40:23.854896Z,1790059212.706870,1790059223.854896,216,216,0,0,1,11.06,0,6,RF_ONLY_REVIEW,0,,E7:071:E1_TEST_BRUTE_02
71,8,E1_TEST_BRUTE_03,2026-09-22T06:40:24.356202Z,2026-09-22T06:40:35.554904Z,1790059224.356202,1790059235.554904,214,214,0,0,1,11.1,0,6,RF_ONLY_REVIEW,0,,E7:071:E1_TEST_BRUTE_03
71,9,E1_TEST_DOS_01,2026-09-22T06:40:36.056385Z,2026-09-22T06:41:13.165902Z,1790059236.056385,1790059273.165902,2659023,2659023,0,0,1,37.01,8796,65537,HYBRID_CORRELATED,1,25.412928,E7:071:E1_TEST_DOS_01
71,10,E1_TEST_DOS_02,2026-09-22T06:41:19.374901Z,2026-09-22T06:41:56.423508Z,1790059279.374901,1790059316.423508,2648088,2648088,0,0,1,36.95,61216,65537,HYBRID_CORRELATED,1,1e-06,E7:071:E1_TEST_DOS_02
71,11,E1_TEST_DOS_03,2026-09-22T06:42:14.002638Z,2026-09-22T06:42:50.778171Z,1790059334.002638,1790059370.778171,2600786,2600786,0,0,1,36.68,96326,65537,HYBRID_CORRELATED,1,0.0,E7:071:E1_TEST_DOS_03
71,12,E1_TEST_EXPLOIT_01,2026-09-22T06:43:15.711044Z,2026-09-22T06:43:29.834961Z,1790059395.711044,1790059409.834961,23669,23666,3,0,1,14.02,0,2318,RF_ONLY_REVIEW,0,,E7:071:E1_TEST_EXPLOIT_01
71,13,E1_TEST_EXPLOIT_02,2026-09-22T06:43:30.416346Z,2026-09-22T06:43:39.959084Z,1790059410.416346,1790059419.959084,20747,20747,0,0,1,9.46,0,2072,RF_ONLY_REVIEW,0,,E7:071:E1_TEST_EXPLOIT_02
71,14,E1_TEST_EXPLOIT_03,2026-09-22T06:43:40.529361Z,2026-09-22T06:55:54.318905Z,1790059420.529361,1790060154.318905,71525,71523,2,0,1,733.71,0,21,RF_ONLY_REVIEW,0,,E7:071:E1_TEST_EXPLOIT_03
72,0,E1_TEST_NORMAL_01,2026-09-22T06:55:55.273436Z,2026-09-22T06:56:24.983953Z,1790060155.273436,1790060184.983953,333,333,0,0,1,29.62,0,31,RF_ONLY_REVIEW,0,,E7:072:E1_TEST_NORMAL_01
72,1,E1_TEST_NORMAL_02,2026-09-22T06:56:25.485737Z,2026-09-22T06:56:55.234962Z,1790060185.485737,1790060215.234962,333,333,0,0,1,29.68,0,31,RF_ONLY_REVIEW,0,,E7:072:E1_TEST_NORMAL_02
72,2,E1_TEST_NORMAL_03,2026-09-22T06:56:55.736803Z,2026-09-22T06:57:25.755948Z,1790060215.736803,1790060245.755948,336,336,0,0,1,29.93,0,31,RF_ONLY_REVIEW,0,,E7:072:E1_TEST_NORMAL_03
72,3,E1_TEST_SCAN_01,2026-09-22T06:57:26.257790Z,2026-09-22T06:57:26.962982Z,1790060246.257790,1790060246.962982,1729,1729,0,0,1,0.624848,0,845,RF_ONLY_REVIEW,0,,E7:072:E1_TEST_SCAN_01
72,4,E1_TEST_SCAN_02,2026-09-22T06:57:27.466395Z,2026-09-22T06:57:28.096975Z,1790060247.466395,1790060248.096975,1715,1715,0,0,1,0.558518,0,837,RF_ONLY_REVIEW,0,,E7:072:E1_TEST_SCAN_02
72,5,E1_TEST_SCAN_03,2026-09-22T06:57:28.600291Z,2026-09-22T06:57:30.232999Z,1790060248.600291,1790060250.232999,1760,1760,0,0,1,1.55,0,861,RF_ONLY_REVIEW,0,,E7:072:E1_TEST_SCAN_03
72,6,E1_TEST_BRUTE_01,2026-09-22T06:57:30.739046Z,2026-09-22T06:57:42.034934Z,1790060250.739046,1790060262.034934,207,207,0,0,1,11.2,0,6,RF_ONLY_REVIEW,0,,E7:072:E1_TEST_BRUTE_01
72,7,E1_TEST_BRUTE_02,2026-09-22T06:57:42.536145Z,2026-09-22T06:57:53.698947Z,1790060262.536145,1790060273.698947,216,216,0,0,1,11.06,0,6,RF_ONLY_REVIEW,0,,E7:072:E1_TEST_BRUTE_02
72,8,E1_TEST_BRUTE_03,2026-09-22T06:57:54.200264Z,2026-09-22T06:58:05.400911Z,1790060274.200264,1790060285.400911,214,214,0,0,1,11.1,0,6,RF_ONLY_REVIEW,0,,E7:072:E1_TEST_BRUTE_03
72,9,E1_TEST_DOS_01,2026-09-22T06:58:05.902130Z,2026-09-22T06:58:42.936122Z,1790060285.902130,1790060322.936122,2659023,2659023,0,0,1,36.95,8640,65537,HYBRID_CORRELATED,1,25.32702,E7:072:E1_TEST_DOS_01
72,10,E1_TEST_DOS_02,2026-09-22T06:58:49.105135Z,2026-09-22T06:59:26.079645Z,1790060329.105135,1790060366.079645,2648088,2648088,0,0,1,36.89,60646,65537,HYBRID_CORRELATED,1,0.0,E7:072:E1_TEST_DOS_02
72,11,E1_TEST_DOS_03,2026-09-22T06:59:43.471543Z,2026-09-22T07:00:20.269829Z,1790060383.471543,1790060420.269829,2600786,2600786,0,0,1,36.69,96846,65537,HYBRID_CORRELATED,1,0.0,E7:072:E1_TEST_DOS_03
72,12,E1_TEST_EXPLOIT_01,2026-09-22T07:00:45.304389Z,2026-09-22T07:00:59.413125Z,1790060445.304389,1790060459.413125,23669,23666,3,0,1,14.02,0,2318,RF_ONLY_REVIEW,0,,E7:072:E1_TEST_EXPLOIT_01
72,13,E1_TEST_EXPLOIT_02,2026-09-22T07:00:59.997605Z,2026-09-22T07:01:09.555975Z,1790060459.997605,1790060469.555975,20747,20747,0,0,1,9.46,0,2072,RF_ONLY_REVIEW,0,,E7:072:E1_TEST_EXPLOIT_02
72,14,E1_TEST_EXPLOIT_03,2026-09-22T07:01:10.124035Z,2026-09-22T07:13:23.932020Z,1790060470.124035,1790061203.932020,71525,71523,2,0,1,733.71,0,21,RF_ONLY_REVIEW,0,,E7:072:E1_TEST_EXPLOIT_03
73,0,E1_TEST_NORMAL_01,2026-09-22T07:13:24.882861Z,2026-09-22T07:13:54.597949Z,1790061204.882861,1790061234.597949,333,333,0,0,1,29.62,0,31,RF_ONLY_REVIEW,0,,E7:073:E1_TEST_NORMAL_01
73,1,E1_TEST_NORMAL_02,2026-09-22T07:13:55.099759Z,2026-09-22T07:14:24.880991Z,1790061235.099759,1790061264.880991,333,333,0,0,1,29.68,0,31,RF_ONLY_REVIEW,0,,E7:073:E1_TEST_NORMAL_02
73,2,E1_TEST_NORMAL_03,2026-09-22T07:14:25.384142Z,2026-09-22T07:14:55.399931Z,1790061265.384142,1790061295.399931,336,336,0,0,1,29.93,0,31,RF_ONLY_REVIEW,0,,E7:073:E1_TEST_NORMAL_03
73,3,E1_TEST_SCAN_01,2026-09-22T07:14:55.901866Z,2026-09-22T07:14:56.602978Z,1790061295.901866,1790061296.602978,1729,1729,0,0,1,0.624606,0,845,RF_ONLY_REVIEW,0,,E7:073:E1_TEST_SCAN_01
73,4,E1_TEST_SCAN_02,2026-09-22T07:14:57.106462Z,2026-09-22T07:14:57.759941Z,1790061297.106462,1790061297.759941,1715,1715,0,0,1,0.558795,0,837,RF_ONLY_REVIEW,0,,E7:073:E1_TEST_SCAN_02
73,5,E1_TEST_SCAN_03,2026-09-22T07:14:58.263251Z,2026-09-22T07:14:59.907009Z,1790061298.263251,1790061299.907009,1760,1760,0,0,1,1.55,0,861,RF_ONLY_REVIEW,0,,E7:073:E1_TEST_SCAN_03
73,6,E1_TEST_BRUTE_01,2026-09-22T07:15:00.410894Z,2026-09-22T07:15:11.697968Z,1790061300.410894,1790061311.697968,207,207,0,0,1,11.2,0,6,RF_ONLY_REVIEW,0,,E7:073:E1_TEST_BRUTE_01
73,7,E1_TEST_BRUTE_02,2026-09-22T07:15:12.199365Z,2026-09-22T07:15:23.357903Z,1790061312.199365,1790061323.357903,216,216,0,0,1,11.06,0,6,RF_ONLY_REVIEW,0,,E7:073:E1_TEST_BRUTE_02
73,8,E1_TEST_BRUTE_03,2026-09-22T07:15:23.859127Z,2026-09-22T07:15:35.058934Z,1790061323.859127,1790061335.058934,214,214,0,0,1,11.1,0,6,RF_ONLY_REVIEW,0,,E7:073:E1_TEST_BRUTE_03
73,9,E1_TEST_DOS_01,2026-09-22T07:15:35.561139Z,2026-09-22T07:16:12.576426Z,1790061335.561139,1790061372.576426,2659023,2659023,0,0,1,36.92,8640,65537,HYBRID_CORRELATED,1,25.300252,E7:073:E1_TEST_DOS_01
73,10,E1_TEST_DOS_02,2026-09-22T07:16:18.788967Z,2026-09-22T07:16:55.949992Z,1790061378.788967,1790061415.949992,2648088,2648088,0,0,1,37.07,60914,65537,HYBRID_CORRELATED,1,1e-06,E7:073:E1_TEST_DOS_02
73,11,E1_TEST_DOS_03,2026-09-22T07:17:13.454481Z,2026-09-22T07:17:50.313909Z,1790061433.454481,1790061470.313909,2600786,2600786,0,0,1,36.76,96044,65537,HYBRID_CORRELATED,1,0.0,E7:073:E1_TEST_DOS_03
73,12,E1_TEST_EXPLOIT_01,2026-09-22T07:18:15.217587Z,2026-09-22T07:18:29.339061Z,1790061495.217587,1790061509.339061,23669,23666,3,0,1,14.02,0,2318,RF_ONLY_REVIEW,0,,E7:073:E1_TEST_EXPLOIT_01
73,13,E1_TEST_EXPLOIT_02,2026-09-22T07:18:29.918564Z,2026-09-22T07:18:39.476038Z,1790061509.918564,1790061519.476038,20747,20747,0,0,1,9.46,0,2072,RF_ONLY_REVIEW,0,,E7:073:E1_TEST_EXPLOIT_02
73,14,E1_TEST_EXPLOIT_03,2026-09-22T07:18:40.050018Z,2026-09-22T07:30:53.840914Z,1790061520.050018,1790062253.840914,71525,71523,2,0,1,733.71,0,21,RF_ONLY_REVIEW,0,,E7:073:E1_TEST_EXPLOIT_03
74,0,E1_TEST_NORMAL_01,2026-09-22T07:30:54.794698Z,2026-09-22T07:31:24.493904Z,1790062254.794698,1790062284.493904,333,333,0,0,1,29.62,0,31,RF_ONLY_REVIEW,0,,E7:074:E1_TEST_NORMAL_01
74,1,E1_TEST_NORMAL_02,2026-09-22T07:31:24.995634Z,2026-09-22T07:31:54.764959Z,1790062284.995634,1790062314.764959,333,333,0,0,1,29.68,0,31,RF_ONLY_REVIEW,0,,E7:074:E1_TEST_NORMAL_02
74,2,E1_TEST_NORMAL_03,2026-09-22T07:31:55.266732Z,2026-09-22T07:32:25.302861Z,1790062315.266732,1790062345.302861,336,336,0,0,1,29.93,0,31,RF_ONLY_REVIEW,0,,E7:074:E1_TEST_NORMAL_03
74,3,E1_TEST_SCAN_01,2026-09-22T07:32:25.805305Z,2026-09-22T07:32:26.528949Z,1790062345.805305,1790062346.528949,1729,1729,0,0,1,0.624013,0,845,RF_ONLY_REVIEW,0,,E7:074:E1_TEST_SCAN_01
74,4,E1_TEST_SCAN_02,2026-09-22T07:32:27.032192Z,2026-09-22T07:32:27.677942Z,1790062347.032192,1790062347.677942,1715,1715,0,0,1,0.558577,0,837,RF_ONLY_REVIEW,0,,E7:074:E1_TEST_SCAN_02
74,5,E1_TEST_SCAN_03,2026-09-22T07:32:28.181218Z,2026-09-22T07:32:29.812948Z,1790062348.181218,1790062349.812948,1760,1760,0,0,1,1.55,0,861,RF_ONLY_REVIEW,0,,E7:074:E1_TEST_SCAN_03
74,6,E1_TEST_BRUTE_01,2026-09-22T07:32:30.316272Z,2026-09-22T07:32:41.611916Z,1790062350.316272,1790062361.611916,207,207,0,0,1,11.2,0,6,RF_ONLY_REVIEW,0,,E7:074:E1_TEST_BRUTE_01
74,7,E1_TEST_BRUTE_02,2026-09-22T07:32:42.113136Z,2026-09-22T07:32:53.277966Z,1790062362.113136,1790062373.277966,216,216,0,0,1,11.06,0,6,RF_ONLY_REVIEW,0,,E7:074:E1_TEST_BRUTE_02
74,8,E1_TEST_BRUTE_03,2026-09-22T07:32:53.780044Z,2026-09-22T07:33:04.976879Z,1790062373.780044,1790062384.976879,214,214,0,0,1,11.1,0,6,RF_ONLY_REVIEW,0,,E7:074:E1_TEST_BRUTE_03
74,9,E1_TEST_DOS_01,2026-09-22T07:33:05.479073Z,2026-09-22T07:33:42.516142Z,1790062385.479073,1790062422.516142,2659023,2659023,0,0,1,36.95,8640,65537,HYBRID_CORRELATED,1,25.338559,E7:074:E1_TEST_DOS_01
74,10,E1_TEST_DOS_02,2026-09-22T07:33:48.711210Z,2026-09-22T07:34:25.662745Z,1790062428.711210,1790062465.662745,2648088,2648088,0,0,1,36.86,60710,65537,HYBRID_CORRELATED,1,0.0,E7:074:E1_TEST_DOS_02
74,11,E1_TEST_DOS_03,2026-09-22T07:34:43.065869Z,2026-09-22T07:35:19.956214Z,1790062483.065869,1790062519.956214,2600786,2600786,0,0,1,36.77,95806,65537,HYBRID_CORRELATED,1,0.0,E7:074:E1_TEST_DOS_03
74,12,E1_TEST_EXPLOIT_01,2026-09-22T07:35:44.840111Z,2026-09-22T07:35:58.958046Z,1790062544.840111,1790062558.958046,23669,23666,3,0,1,14.02,0,2318,RF_ONLY_REVIEW,0,,E7:074:E1_TEST_EXPLOIT_01
74,13,E1_TEST_EXPLOIT_02,2026-09-22T07:35:59.541433Z,2026-09-22T07:36:09.090044Z,1790062559.541433,1790062569.090044,20747,20747,0,0,1,9.46,0,2072,RF_ONLY_REVIEW,0,,E7:074:E1_TEST_EXPLOIT_02
74,14,E1_TEST_EXPLOIT_03,2026-09-22T07:36:09.662784Z,2026-09-22T07:48:23.460869Z,1790062569.662784,1790063303.460869,71525,71523,2,0,1,733.7,0,21,RF_ONLY_REVIEW,0,,E7:074:E1_TEST_EXPLOIT_03
75,0,E1_TEST_NORMAL_01,2026-09-22T07:48:24.416495Z,2026-09-22T07:48:54.125881Z,1790063304.416495,1790063334.125881,333,333,0,0,1,29.62,0,31,RF_ONLY_REVIEW,0,,E7:075:E1_TEST_NORMAL_01
75,1,E1_TEST_NORMAL_02,2026-09-22T07:48:54.627670Z,2026-09-22T07:49:24.394899Z,1790063334.627670,1790063364.394899,333,333,0,0,1,29.68,0,31,RF_ONLY_REVIEW,0,,E7:075:E1_TEST_NORMAL_02
75,2,E1_TEST_NORMAL_03,2026-09-22T07:49:24.896738Z,2026-09-22T07:49:54.926893Z,1790063364.896738,1790063394.926893,336,336,0,0,1,29.93,0,31,RF_ONLY_REVIEW,0,,E7:075:E1_TEST_NORMAL_03
75,3,E1_TEST_SCAN_01,2026-09-22T07:49:55.428827Z,2026-09-22T07:49:56.136959Z,1790063395.428827,1790063396.136959,1729,1729,0,0,1,0.62473,0,845,RF_ONLY_REVIEW,0,,E7:075:E1_TEST_SCAN_01
75,4,E1_TEST_SCAN_02,2026-09-22T07:49:56.640136Z,2026-09-22T07:49:57.289861Z,1790063396.640136,1790063397.289861,1715,1715,0,0,1,0.558844,0,837,RF_ONLY_REVIEW,0,,E7:075:E1_TEST_SCAN_02
75,5,E1_TEST_SCAN_03,2026-09-22T07:49:57.793961Z,2026-09-22T07:49:59.431936Z,1790063397.793961,1790063399.431936,1760,1760,0,0,1,1.55,0,861,RF_ONLY_REVIEW,0,,E7:075:E1_TEST_SCAN_03
75,6,E1_TEST_BRUTE_01,2026-09-22T07:49:59.935313Z,2026-09-22T07:50:11.229933Z,1790063399.935313,1790063411.229933,207,207,0,0,1,11.2,0,6,RF_ONLY_REVIEW,0,,E7:075:E1_TEST_BRUTE_01
75,7,E1_TEST_BRUTE_02,2026-09-22T07:50:11.731135Z,2026-09-22T07:50:22.887831Z,1790063411.731135,1790063422.887831,216,216,0,0,1,11.06,0,6,RF_ONLY_REVIEW,0,,E7:075:E1_TEST_BRUTE_02
75,8,E1_TEST_BRUTE_03,2026-09-22T07:50:23.389909Z,2026-09-22T07:50:34.570960Z,1790063423.389909,1790063434.570960,214,214,0,0,1,11.1,0,6,RF_ONLY_REVIEW,0,,E7:075:E1_TEST_BRUTE_03
75,9,E1_TEST_DOS_01,2026-09-22T07:50:35.073112Z,2026-09-22T07:51:12.124156Z,1790063435.073112,1790063472.124156,2659023,2659023,0,0,1,36.96,8640,65537,HYBRID_CORRELATED,1,25.327234,E7:075:E1_TEST_DOS_01
75,10,E1_TEST_DOS_02,2026-09-22T07:51:18.356382Z,2026-09-22T07:51:55.360381Z,1790063478.356382,1790063515.360381,2648088,2648088,0,0,1,36.9,60710,65537,HYBRID_CORRELATED,1,0.0,E7:075:E1_TEST_DOS_02
75,11,E1_TEST_DOS_03,2026-09-22T07:52:12.814070Z,2026-09-22T07:52:49.620321Z,1790063532.814070,1790063569.620321,2600786,2600786,0,0,1,36.71,95806,65537,HYBRID_CORRELATED,1,0.0,E7:075:E1_TEST_DOS_03
75,12,E1_TEST_EXPLOIT_01,2026-09-22T07:53:14.546543Z,2026-09-22T07:53:28.650095Z,1790063594.546543,1790063608.650095,23669,23666,3,0,1,14.02,0,2318,RF_ONLY_REVIEW,0,,E7:075:E1_TEST_EXPLOIT_01
75,13,E1_TEST_EXPLOIT_02,2026-09-22T07:53:29.230837Z,2026-09-22T07:53:38.787102Z,1790063609.230837,1790063618.787102,20747,20747,0,0,1,9.46,0,2072,RF_ONLY_REVIEW,0,,E7:075:E1_TEST_EXPLOIT_02
75,14,E1_TEST_EXPLOIT_03,2026-09-22T07:53:39.360453Z,2026-09-22T08:05:53.141918Z,1790063619.360453,1790064353.141918,71525,71523,2,0,1,733.7,0,21,RF_ONLY_REVIEW,0,,E7:075:E1_TEST_EXPLOIT_03
76,0,E1_TEST_NORMAL_01,2026-09-22T08:05:54.095694Z,2026-09-22T08:06:23.797906Z,1790064354.095694,1790064383.797906,333,333,0,0,1,29.62,0,31,RF_ONLY_REVIEW,0,,E7:076:E1_TEST_NORMAL_01
76,1,E1_TEST_NORMAL_02,2026-09-22T08:06:24.299648Z,2026-09-22T08:06:54.042945Z,1790064384.299648,1790064414.042945,333,333,0,0,1,29.68,0,31,RF_ONLY_REVIEW,0,,E7:076:E1_TEST_NORMAL_02
76,2,E1_TEST_NORMAL_03,2026-09-22T08:06:54.544628Z,2026-09-22T08:07:24.568884Z,1790064414.544628,1790064444.568884,336,336,0,0,1,29.93,0,31,RF_ONLY_REVIEW,0,,E7:076:E1_TEST_NORMAL_03
76,3,E1_TEST_SCAN_01,2026-09-22T08:07:25.071636Z,2026-09-22T08:07:25.781909Z,1790064445.071636,1790064445.781909,1729,1729,0,0,1,0.624291,0,845,RF_ONLY_REVIEW,0,,E7:076:E1_TEST_SCAN_01
76,4,E1_TEST_SCAN_02,2026-09-22T08:07:26.285138Z,2026-09-22T08:07:26.918938Z,1790064446.285138,1790064446.918938,1715,1715,0,0,1,0.558464,0,837,RF_ONLY_REVIEW,0,,E7:076:E1_TEST_SCAN_02
76,5,E1_TEST_SCAN_03,2026-09-22T08:07:27.424464Z,2026-09-22T08:07:29.048984Z,1790064447.424464,1790064449.048984,1760,1760,0,0,1,1.55,0,861,RF_ONLY_REVIEW,0,,E7:076:E1_TEST_SCAN_03
76,6,E1_TEST_BRUTE_01,2026-09-22T08:07:29.555095Z,2026-09-22T08:07:40.855944Z,1790064449.555095,1790064460.855944,207,207,0,0,1,11.2,0,6,RF_ONLY_REVIEW,0,,E7:076:E1_TEST_BRUTE_01
76,7,E1_TEST_BRUTE_02,2026-09-22T08:07:41.357104Z,2026-09-22T08:07:52.513892Z,1790064461.357104,1790064472.513892,216,216,0,0,1,11.06,0,6,RF_ONLY_REVIEW,0,,E7:076:E1_TEST_BRUTE_02
76,8,E1_TEST_BRUTE_03,2026-09-22T08:07:53.015428Z,2026-09-22T08:08:04.208839Z,1790064473.015428,1790064484.208839,214,214,0,0,1,11.1,0,6,RF_ONLY_REVIEW,0,,E7:076:E1_TEST_BRUTE_03
76,9,E1_TEST_DOS_01,2026-09-22T08:08:04.710022Z,2026-09-22T08:08:41.723857Z,1790064484.710022,1790064521.723857,2659023,2659023,0,0,1,36.91,8640,65537,HYBRID_CORRELATED,1,25.332879,E7:076:E1_TEST_DOS_01
76,10,E1_TEST_DOS_02,2026-09-22T08:08:47.921482Z,2026-09-22T08:09:24.738590Z,1790064527.921482,1790064564.738590,2648088,2648088,0,0,1,36.72,60710,65537,HYBRID_CORRELATED,1,0.0,E7:076:E1_TEST_DOS_02
76,11,E1_TEST_DOS_03,2026-09-22T08:09:42.209069Z,2026-09-22T08:10:19.059875Z,1790064582.209069,1790064619.059875,2600786,2600786,0,0,1,36.75,95806,65537,HYBRID_CORRELATED,1,0.0,E7:076:E1_TEST_DOS_03
76,12,E1_TEST_EXPLOIT_01,2026-09-22T08:10:44.133167Z,2026-09-22T08:10:58.241061Z,1790064644.133167,1790064658.241061,23669,23666,3,0,1,14.02,0,2318,RF_ONLY_REVIEW,0,,E7:076:E1_TEST_EXPLOIT_01
76,13,E1_TEST_EXPLOIT_02,2026-09-22T08:10:58.824341Z,2026-09-22T08:11:08.375966Z,1790064658.824341,1790064668.375966,20747,20747,0,0,1,9.46,0,2072,RF_ONLY_REVIEW,0,,E7:076:E1_TEST_EXPLOIT_02
76,14,E1_TEST_EXPLOIT_03,2026-09-22T08:11:08.945178Z,2026-09-22T08:23:22.736161Z,1790064668.945178,1790065402.736161,71525,71523,2,0,1,733.7,0,21,RF_ONLY_REVIEW,0,,E7:076:E1_TEST_EXPLOIT_03
77,0,E1_TEST_NORMAL_01,2026-09-22T08:23:23.687665Z,2026-09-22T08:23:53.410134Z,1790065403.687665,1790065433.410134,333,333,0,0,1,29.62,0,31,RF_ONLY_REVIEW,0,,E7:077:E1_TEST_NORMAL_01
77,1,E1_TEST_NORMAL_02,2026-09-22T08:23:53.913296Z,2026-09-22T08:24:23.677870Z,1790065433.913296,1790065463.677870,333,333,0,0,1,29.68,0,31,RF_ONLY_REVIEW,0,,E7:077:E1_TEST_NORMAL_02
77,2,E1_TEST_NORMAL_03,2026-09-22T08:24:24.179652Z,2026-09-22T08:24:54.204007Z,1790065464.179652,1790065494.204007,336,336,0,0,1,29.93,0,31,RF_ONLY_REVIEW,0,,E7:077:E1_TEST_NORMAL_03
77,3,E1_TEST_SCAN_01,2026-09-22T08:24:54.706058Z,2026-09-22T08:24:55.410875Z,1790065494.706058,1790065495.410875,1729,1729,0,0,1,0.624678,0,845,RF_ONLY_REVIEW,0,,E7:077:E1_TEST_SCAN_01
77,4,E1_TEST_SCAN_02,2026-09-22T08:24:55.914464Z,2026-09-22T08:24:56.554926Z,1790065495.914464,1790065496.554926,1715,1715,0,0,1,0.558671,0,837,RF_ONLY_REVIEW,0,,E7:077:E1_TEST_SCAN_02
77,5,E1_TEST_SCAN_03,2026-09-22T08:24:57.058160Z,2026-09-22T08:24:58.708191Z,1790065497.058160,1790065498.708191,1760,1760,0,0,1,1.55,0,861,RF_ONLY_REVIEW,0,,E7:077:E1_TEST_SCAN_03
77,6,E1_TEST_BRUTE_01,2026-09-22T08:24:59.211514Z,2026-09-22T08:25:10.500838Z,1790065499.211514,1790065510.500838,207,207,0,0,1,11.2,0,6,RF_ONLY_REVIEW,0,,E7:077:E1_TEST_BRUTE_01
77,7,E1_TEST_BRUTE_02,2026-09-22T08:25:11.002919Z,2026-09-22T08:25:22.160946Z,1790065511.002919,1790065522.160946,216,216,0,0,1,11.06,0,6,RF_ONLY_REVIEW,0,,E7:077:E1_TEST_BRUTE_02
77,8,E1_TEST_BRUTE_03,2026-09-22T08:25:22.662708Z,2026-09-22T08:25:33.846842Z,1790065522.662708,1790065533.846842,214,214,0,0,1,11.1,0,6,RF_ONLY_REVIEW,0,,E7:077:E1_TEST_BRUTE_03
77,9,E1_TEST_DOS_01,2026-09-22T08:25:34.348949Z,2026-09-22T08:26:11.279348Z,1790065534.348949,1790065571.279348,2659023,2659023,0,0,1,36.82,8640,65537,HYBRID_CORRELATED,1,25.246563,E7:077:E1_TEST_DOS_01
77,10,E1_TEST_DOS_02,2026-09-22T08:26:17.530161Z,2026-09-22T08:26:54.563457Z,1790065577.530161,1790065614.563457,2648088,2648088,0,0,1,36.93,59594,65537,HYBRID_CORRELATED,1,0.0,E7:077:E1_TEST_DOS_02
77,11,E1_TEST_DOS_03,2026-09-22T08:27:11.835405Z,2026-09-22T08:27:48.643091Z,1790065631.835405,1790065668.643091,2600786,2600786,0,0,1,36.71,95974,65537,HYBRID_CORRELATED,1,0.0,E7:077:E1_TEST_DOS_03
77,12,E1_TEST_EXPLOIT_01,2026-09-22T08:28:13.625053Z,2026-09-22T08:28:27.739176Z,1790065693.625053,1790065707.739176,23669,23666,3,0,1,14.02,0,2318,RF_ONLY_REVIEW,0,,E7:077:E1_TEST_EXPLOIT_01
77,13,E1_TEST_EXPLOIT_02,2026-09-22T08:28:28.324528Z,2026-09-22T08:28:37.882220Z,1790065708.324528,1790065717.882220,20747,20747,0,0,1,9.46,0,2072,RF_ONLY_REVIEW,0,,E7:077:E1_TEST_EXPLOIT_02
77,14,E1_TEST_EXPLOIT_03,2026-09-22T08:28:38.450559Z,2026-09-22T08:40:52.248934Z,1790065718.450559,1790066452.248934,71525,71523,2,0,1,733.7,0,21,RF_ONLY_REVIEW,0,,E7:077:E1_TEST_EXPLOIT_03
78,0,E1_TEST_NORMAL_01,2026-09-22T08:40:53.208948Z,2026-09-22T08:41:22.912987Z,1790066453.208948,1790066482.912987,333,333,0,0,1,29.62,0,31,RF_ONLY_REVIEW,0,,E7:078:E1_TEST_NORMAL_01
78,1,E1_TEST_NORMAL_02,2026-09-22T08:41:23.414763Z,2026-09-22T08:41:53.171911Z,1790066483.414763,1790066513.171911,333,333,0,0,1,29.68,0,31,RF_ONLY_REVIEW,0,,E7:078:E1_TEST_NORMAL_02
78,2,E1_TEST_NORMAL_03,2026-09-22T08:41:53.673698Z,2026-09-22T08:42:23.675046Z,1790066513.673698,1790066543.675046,336,336,0,0,1,29.93,0,31,RF_ONLY_REVIEW,0,,E7:078:E1_TEST_NORMAL_03
78,3,E1_TEST_SCAN_01,2026-09-22T08:42:24.178371Z,2026-09-22T08:42:24.876113Z,1790066544.178371,1790066544.876113,1729,1729,0,0,1,0.625072,0,845,RF_ONLY_REVIEW,0,,E7:078:E1_TEST_SCAN_01
78,4,E1_TEST_SCAN_02,2026-09-22T08:42:25.381979Z,2026-09-22T08:42:26.023990Z,1790066545.381979,1790066546.023990,1715,1715,0,0,1,0.558862,0,837,RF_ONLY_REVIEW,0,,E7:078:E1_TEST_SCAN_02
78,5,E1_TEST_SCAN_03,2026-09-22T08:42:26.527509Z,2026-09-22T08:42:28.173187Z,1790066546.527509,1790066548.173187,1760,1760,0,0,1,1.55,0,861,RF_ONLY_REVIEW,0,,E7:078:E1_TEST_SCAN_03
78,6,E1_TEST_BRUTE_01,2026-09-22T08:42:28.679259Z,2026-09-22T08:42:39.977031Z,1790066548.679259,1790066559.977031,207,207,0,0,1,11.2,0,6,RF_ONLY_REVIEW,0,,E7:078:E1_TEST_BRUTE_01
78,7,E1_TEST_BRUTE_02,2026-09-22T08:42:40.479142Z,2026-09-22T08:42:51.632989Z,1790066560.479142,1790066571.632989,216,216,0,0,1,11.06,0,6,RF_ONLY_REVIEW,0,,E7:078:E1_TEST_BRUTE_02
78,8,E1_TEST_BRUTE_03,2026-09-22T08:42:52.135060Z,2026-09-22T08:43:03.322078Z,1790066572.135060,1790066583.322078,214,214,0,0,1,11.1,0,6,RF_ONLY_REVIEW,0,,E7:078:E1_TEST_BRUTE_03
78,9,E1_TEST_DOS_01,2026-09-22T08:43:03.823352Z,2026-09-22T08:43:40.734908Z,1790066583.823352,1790066620.734908,2659023,2659023,0,0,1,36.82,8640,65537,HYBRID_CORRELATED,1,25.223639,E7:078:E1_TEST_DOS_01
78,10,E1_TEST_DOS_02,2026-09-22T08:43:46.900327Z,2026-09-22T08:44:23.911963Z,1790066626.900327,1790066663.911963,2648088,2648088,0,0,1,36.91,61024,65537,HYBRID_CORRELATED,1,0.0,E7:078:E1_TEST_DOS_02
78,11,E1_TEST_DOS_03,2026-09-22T08:44:41.397237Z,2026-09-22T08:45:18.167512Z,1790066681.397237,1790066718.167512,2600786,2600786,0,0,1,36.69,96326,65537,HYBRID_CORRELATED,1,0.0,E7:078:E1_TEST_DOS_03
78,12,E1_TEST_EXPLOIT_01,2026-09-22T08:45:43.140853Z,2026-09-22T08:45:57.253013Z,1790066743.140853,1790066757.253013,23669,23666,3,0,1,14.02,0,2318,RF_ONLY_REVIEW,0,,E7:078:E1_TEST_EXPLOIT_01
78,13,E1_TEST_EXPLOIT_02,2026-09-22T08:45:57.835949Z,2026-09-22T08:46:07.378108Z,1790066757.835949,1790066767.378108,20747,20747,0,0,1,9.46,0,2072,RF_ONLY_REVIEW,0,,E7:078:E1_TEST_EXPLOIT_02
78,14,E1_TEST_EXPLOIT_03,2026-09-22T08:46:07.954033Z,2026-09-22T08:58:21.745895Z,1790066767.954033,1790067501.745895,71525,71523,2,0,1,733.7,0,21,RF_ONLY_REVIEW,0,,E7:078:E1_TEST_EXPLOIT_03
79,0,E1_TEST_NORMAL_01,2026-09-22T08:58:22.694309Z,2026-09-22T08:58:52.374959Z,1790067502.694309,1790067532.374959,333,333,0,0,1,29.62,0,31,RF_ONLY_REVIEW,0,,E7:079:E1_TEST_NORMAL_01
79,1,E1_TEST_NORMAL_02,2026-09-22T08:58:52.876753Z,2026-09-22T08:59:22.653913Z,1790067532.876753,1790067562.653913,333,333,0,0,1,29.68,0,31,RF_ONLY_REVIEW,0,,E7:079:E1_TEST_NORMAL_02
79,2,E1_TEST_NORMAL_03,2026-09-22T08:59:23.155657Z,2026-09-22T08:59:53.160954Z,1790067563.155657,1790067593.160954,336,336,0,0,1,29.93,0,31,RF_ONLY_REVIEW,0,,E7:079:E1_TEST_NORMAL_03
79,3,E1_TEST_SCAN_01,2026-09-22T08:59:53.662826Z,2026-09-22T08:59:54.352936Z,1790067593.662826,1790067594.352936,1729,1729,0,0,1,0.624956,0,845,RF_ONLY_REVIEW,0,,E7:079:E1_TEST_SCAN_01
79,4,E1_TEST_SCAN_02,2026-09-22T08:59:54.857269Z,2026-09-22T08:59:55.470928Z,1790067594.857269,1790067595.470928,1715,1715,0,0,1,0.558679,0,837,RF_ONLY_REVIEW,0,,E7:079:E1_TEST_SCAN_02
79,5,E1_TEST_SCAN_03,2026-09-22T08:59:55.976871Z,2026-09-22T08:59:57.616968Z,1790067595.976871,1790067597.616968,1760,1760,0,0,1,1.55,0,861,RF_ONLY_REVIEW,0,,E7:079:E1_TEST_SCAN_03
79,6,E1_TEST_BRUTE_01,2026-09-22T08:59:58.120303Z,2026-09-22T09:00:09.398844Z,1790067598.120303,1790067609.398844,207,207,0,0,1,11.2,0,6,RF_ONLY_REVIEW,0,,E7:079:E1_TEST_BRUTE_01
79,7,E1_TEST_BRUTE_02,2026-09-22T09:00:09.900115Z,2026-09-22T09:00:21.063865Z,1790067609.900115,1790067621.063865,216,216,0,0,1,11.06,0,6,RF_ONLY_REVIEW,0,,E7:079:E1_TEST_BRUTE_02
79,8,E1_TEST_BRUTE_03,2026-09-22T09:00:21.565112Z,2026-09-22T09:00:32.767882Z,1790067621.565112,1790067632.767882,214,214,0,0,1,11.1,0,6,RF_ONLY_REVIEW,0,,E7:079:E1_TEST_BRUTE_03
79,9,E1_TEST_DOS_01,2026-09-22T09:00:33.269160Z,2026-09-22T09:01:10.318945Z,1790067633.269160,1790067670.318945,2659023,2659023,0,0,1,36.95,8640,65537,HYBRID_CORRELATED,1,25.365391,E7:079:E1_TEST_DOS_01
79,10,E1_TEST_DOS_02,2026-09-22T09:01:16.492885Z,2026-09-22T09:01:53.497585Z,1790067676.492885,1790067713.497585,2648088,2648088,0,0,1,36.91,60934,65537,HYBRID_CORRELATED,1,0.0,E7:079:E1_TEST_DOS_02
79,11,E1_TEST_DOS_03,2026-09-22T09:02:11.198799Z,2026-09-22T09:02:48.020527Z,1790067731.198799,1790067768.020527,2600786,2600786,0,0,1,36.75,96106,65537,HYBRID_CORRELATED,1,0.0,E7:079:E1_TEST_DOS_03
79,12,E1_TEST_EXPLOIT_01,2026-09-22T09:03:12.982537Z,2026-09-22T09:03:27.090935Z,1790067792.982537,1790067807.090935,23669,23666,3,0,1,14.02,0,2318,RF_ONLY_REVIEW,0,,E7:079:E1_TEST_EXPLOIT_01
79,13,E1_TEST_EXPLOIT_02,2026-09-22T09:03:27.671299Z,2026-09-22T09:03:37.229018Z,1790067807.671299,1790067817.229018,20747,20747,0,0,1,9.46,0,2072,RF_ONLY_REVIEW,0,,E7:079:E1_TEST_EXPLOIT_02
79,14,E1_TEST_EXPLOIT_03,2026-09-22T09:03:37.798684Z,2026-09-22T09:15:51.594953Z,1790067817.798684,1790068551.594953,71525,71523,2,0,1,733.7,0,21,RF_ONLY_REVIEW,0,,E7:079:E1_TEST_EXPLOIT_03
80,0,E1_TEST_NORMAL_01,2026-09-22T09:15:52.547311Z,2026-09-22T09:16:22.247925Z,1790068552.547311,1790068582.247925,333,333,0,0,1,29.62,0,31,RF_ONLY_REVIEW,0,,E7:080:E1_TEST_NORMAL_01
80,1,E1_TEST_NORMAL_02,2026-09-22T09:16:22.749845Z,2026-09-22T09:16:52.510881Z,1790068582.749845,1790068612.510881,333,333,0,0,1,29.68,0,31,RF_ONLY_REVIEW,0,,E7:080:E1_TEST_NORMAL_02
80,2,E1_TEST_NORMAL_03,2026-09-22T09:16:53.012696Z,2026-09-22T09:17:23.024983Z,1790068613.012696,1790068643.024983,336,336,0,0,1,29.93,0,31,RF_ONLY_REVIEW,0,,E7:080:E1_TEST_NORMAL_03
80,3,E1_TEST_SCAN_01,2026-09-22T09:17:23.526906Z,2026-09-22T09:17:24.235998Z,1790068643.526906,1790068644.235998,1729,1729,0,0,1,0.624686,0,845,RF_ONLY_REVIEW,0,,E7:080:E1_TEST_SCAN_01
80,4,E1_TEST_SCAN_02,2026-09-22T09:17:24.741291Z,2026-09-22T09:17:25.355080Z,1790068644.741291,1790068645.355080,1715,1715,0,0,1,0.55875,0,837,RF_ONLY_REVIEW,0,,E7:080:E1_TEST_SCAN_02
80,5,E1_TEST_SCAN_03,2026-09-22T09:17:25.858343Z,2026-09-22T09:17:27.480980Z,1790068645.858343,1790068647.480980,1760,1760,0,0,1,1.55,0,861,RF_ONLY_REVIEW,0,,E7:080:E1_TEST_SCAN_03
80,6,E1_TEST_BRUTE_01,2026-09-22T09:17:27.984430Z,2026-09-22T09:17:39.275826Z,1790068647.984430,1790068659.275826,207,207,0,0,1,11.2,0,6,RF_ONLY_REVIEW,0,,E7:080:E1_TEST_BRUTE_01
80,7,E1_TEST_BRUTE_02,2026-09-22T09:17:39.777039Z,2026-09-22T09:17:50.932065Z,1790068659.777039,1790068670.932065,216,216,0,0,1,11.06,0,6,RF_ONLY_REVIEW,0,,E7:080:E1_TEST_BRUTE_02
80,8,E1_TEST_BRUTE_03,2026-09-22T09:17:51.433397Z,2026-09-22T09:18:02.629921Z,1790068671.433397,1790068682.629921,214,214,0,0,1,11.1,0,6,RF_ONLY_REVIEW,0,,E7:080:E1_TEST_BRUTE_03
80,9,E1_TEST_DOS_01,2026-09-22T09:18:03.131226Z,2026-09-22T09:18:40.349121Z,1790068683.131226,1790068720.349121,2659023,2659023,0,0,1,37.12,8640,65537,HYBRID_CORRELATED,1,25.505754,E7:080:E1_TEST_DOS_01
80,10,E1_TEST_DOS_02,2026-09-22T09:18:46.630160Z,2026-09-22T09:19:23.597378Z,1790068726.630160,1790068763.597378,2648088,2648088,0,0,1,36.88,60710,65537,HYBRID_CORRELATED,1,1e-06,E7:080:E1_TEST_DOS_02
80,11,E1_TEST_DOS_03,2026-09-22T09:19:41.026840Z,2026-09-22T09:20:17.823246Z,1790068781.026840,1790068817.823246,2600786,2600786,0,0,1,36.72,95806,65537,HYBRID_CORRELATED,1,0.0,E7:080:E1_TEST_DOS_03
80,12,E1_TEST_EXPLOIT_01,2026-09-22T09:20:42.710950Z,2026-09-22T09:20:56.805068Z,1790068842.710950,1790068856.805068,23669,23666,3,0,1,14.02,0,2318,RF_ONLY_REVIEW,0,,E7:080:E1_TEST_EXPLOIT_01
80,13,E1_TEST_EXPLOIT_02,2026-09-22T09:20:57.388139Z,2026-09-22T09:21:06.956023Z,1790068857.388139,1790068866.956023,20747,20747,0,0,1,9.46,0,2072,RF_ONLY_REVIEW,0,,E7:080:E1_TEST_EXPLOIT_02
80,14,E1_TEST_EXPLOIT_03,2026-09-22T09:21:07.526511Z,2026-09-22T09:33:21.318930Z,1790068867.526511,1790069601.318930,71525,71523,2,0,1,733.71,0,21,RF_ONLY_REVIEW,0,,E7:080:E1_TEST_EXPLOIT_03
81,0,E1_TEST_NORMAL_01,2026-09-22T09:33:22.272444Z,2026-09-22T09:33:51.988988Z,1790069602.272444,1790069631.988988,333,333,0,0,1,29.62,0,31,RF_ONLY_REVIEW,0,,E7:081:E1_TEST_NORMAL_01
81,1,E1_TEST_NORMAL_02,2026-09-22T09:33:52.490721Z,2026-09-22T09:34:22.266073Z,1790069632.490721,1790069662.266073,333,333,0,0,1,29.68,0,31,RF_ONLY_REVIEW,0,,E7:081:E1_TEST_NORMAL_02
81,2,E1_TEST_NORMAL_03,2026-09-22T09:34:22.768003Z,2026-09-22T09:34:52.790963Z,1790069662.768003,1790069692.790963,336,336,0,0,1,29.93,0,31,RF_ONLY_REVIEW,0,,E7:081:E1_TEST_NORMAL_03
81,3,E1_TEST_SCAN_01,2026-09-22T09:34:53.294168Z,2026-09-22T09:34:54.023906Z,1790069693.294168,1790069694.023906,1729,1729,0,0,1,0.624197,0,845,RF_ONLY_REVIEW,0,,E7:081:E1_TEST_SCAN_01
81,4,E1_TEST_SCAN_02,2026-09-22T09:34:54.527742Z,2026-09-22T09:34:55.161884Z,1790069694.527742,1790069695.161884,1715,1715,0,0,1,0.559019,0,837,RF_ONLY_REVIEW,0,,E7:081:E1_TEST_SCAN_02
81,5,E1_TEST_SCAN_03,2026-09-22T09:34:55.665122Z,2026-09-22T09:34:57.274914Z,1790069695.665122,1790069697.274914,1760,1760,0,0,1,1.55,0,861,RF_ONLY_REVIEW,0,,E7:081:E1_TEST_SCAN_03
81,6,E1_TEST_BRUTE_01,2026-09-22T09:34:57.778264Z,2026-09-22T09:35:09.061884Z,1790069697.778264,1790069709.061884,207,207,0,0,1,11.2,0,6,RF_ONLY_REVIEW,0,,E7:081:E1_TEST_BRUTE_01
81,7,E1_TEST_BRUTE_02,2026-09-22T09:35:09.563888Z,2026-09-22T09:35:20.711896Z,1790069709.563888,1790069720.711896,216,216,0,0,1,11.06,0,6,RF_ONLY_REVIEW,0,,E7:081:E1_TEST_BRUTE_02
81,8,E1_TEST_BRUTE_03,2026-09-22T09:35:21.214185Z,2026-09-22T09:35:32.410901Z,1790069721.214185,1790069732.410901,214,214,0,0,1,11.1,0,6,RF_ONLY_REVIEW,0,,E7:081:E1_TEST_BRUTE_03
81,9,E1_TEST_DOS_01,2026-09-22T09:35:32.912099Z,2026-09-22T09:36:09.970744Z,1790069732.912099,1790069769.970744,2659023,2659023,0,0,1,36.97,8640,65537,HYBRID_CORRELATED,1,25.383112,E7:081:E1_TEST_DOS_01
81,10,E1_TEST_DOS_02,2026-09-22T09:36:16.159938Z,2026-09-22T09:36:53.128776Z,1790069776.159938,1790069813.128776,2648088,2648088,0,0,1,36.86,60710,65537,HYBRID_CORRELATED,1,0.0,E7:081:E1_TEST_DOS_02
81,11,E1_TEST_DOS_03,2026-09-22T09:37:10.660453Z,2026-09-22T09:37:47.531843Z,1790069830.660453,1790069867.531843,2600786,2600786,0,0,1,36.77,95806,65537,HYBRID_CORRELATED,1,0.0,E7:081:E1_TEST_DOS_03
81,12,E1_TEST_EXPLOIT_01,2026-09-22T09:38:12.425754Z,2026-09-22T09:38:26.539931Z,1790069892.425754,1790069906.539931,23669,23666,3,0,1,14.02,0,2318,RF_ONLY_REVIEW,0,,E7:081:E1_TEST_EXPLOIT_01
81,13,E1_TEST_EXPLOIT_02,2026-09-22T09:38:27.123296Z,2026-09-22T09:38:36.671110Z,1790069907.123296,1790069916.671110,20747,20747,0,0,1,9.46,0,2072,RF_ONLY_REVIEW,0,,E7:081:E1_TEST_EXPLOIT_02
81,14,E1_TEST_EXPLOIT_03,2026-09-22T09:38:37.243746Z,2026-09-22T09:50:51.027851Z,1790069917.243746,1790070651.027851,71525,71523,2,0,1,733.7,0,21,RF_ONLY_REVIEW,0,,E7:081:E1_TEST_EXPLOIT_03
82,0,E1_TEST_NORMAL_01,2026-09-22T09:50:51.975789Z,2026-09-22T09:51:21.680904Z,1790070651.975789,1790070681.680904,333,333,0,0,1,29.62,0,31,RF_ONLY_REVIEW,0,,E7:082:E1_TEST_NORMAL_01
82,1,E1_TEST_NORMAL_02,2026-09-22T09:51:22.183860Z,2026-09-22T09:51:51.938877Z,1790070682.183860,1790070711.938877,333,333,0,0,1,29.68,0,31,RF_ONLY_REVIEW,0,,E7:082:E1_TEST_NORMAL_02
82,2,E1_TEST_NORMAL_03,2026-09-22T09:51:52.440656Z,2026-09-22T09:52:22.445098Z,1790070712.440656,1790070742.445098,336,336,0,0,1,29.93,0,31,RF_ONLY_REVIEW,0,,E7:082:E1_TEST_NORMAL_03
82,3,E1_TEST_SCAN_01,2026-09-22T09:52:22.946939Z,2026-09-22T09:52:23.668956Z,1790070742.946939,1790070743.668956,1729,1729,0,0,1,0.624754,0,845,RF_ONLY_REVIEW,0,,E7:082:E1_TEST_SCAN_01
82,4,E1_TEST_SCAN_02,2026-09-22T09:52:24.172350Z,2026-09-22T09:52:24.820959Z,1790070744.172350,1790070744.820959,1715,1715,0,0,1,0.558694,0,837,RF_ONLY_REVIEW,0,,E7:082:E1_TEST_SCAN_02
82,5,E1_TEST_SCAN_03,2026-09-22T09:52:25.324234Z,2026-09-22T09:52:26.969994Z,1790070745.324234,1790070746.969994,1760,1760,0,0,1,1.55,0,861,RF_ONLY_REVIEW,0,,E7:082:E1_TEST_SCAN_03
82,6,E1_TEST_BRUTE_01,2026-09-22T09:52:27.476010Z,2026-09-22T09:52:38.759042Z,1790070747.476010,1790070758.759042,207,207,0,0,1,11.2,0,6,RF_ONLY_REVIEW,0,,E7:082:E1_TEST_BRUTE_01
82,7,E1_TEST_BRUTE_02,2026-09-22T09:52:39.260239Z,2026-09-22T09:52:50.420940Z,1790070759.260239,1790070770.420940,216,216,0,0,1,11.06,0,6,RF_ONLY_REVIEW,0,,E7:082:E1_TEST_BRUTE_02
82,8,E1_TEST_BRUTE_03,2026-09-22T09:52:50.922752Z,2026-09-22T09:53:02.105923Z,1790070770.922752,1790070782.105923,214,214,0,0,1,11.1,0,6,RF_ONLY_REVIEW,0,,E7:082:E1_TEST_BRUTE_03
82,9,E1_TEST_DOS_01,2026-09-22T09:53:02.607991Z,2026-09-22T09:53:39.582949Z,1790070782.607991,1790070819.582949,2659023,2659023,0,0,1,36.86,8640,65537,HYBRID_CORRELATED,1,25.294813,E7:082:E1_TEST_DOS_01
82,10,E1_TEST_DOS_02,2026-09-22T09:53:45.791129Z,2026-09-22T09:54:22.680368Z,1790070825.791129,1790070862.680368,2648088,2648088,0,0,1,36.8,59298,65537,HYBRID_CORRELATED,1,0.0,E7:082:E1_TEST_DOS_02
82,11,E1_TEST_DOS_03,2026-09-22T09:54:39.797842Z,2026-09-22T09:55:16.651380Z,1790070879.797842,1790070916.651380,2600786,2600786,0,0,1,36.75,93846,65537,HYBRID_CORRELATED,1,0.0,E7:082:E1_TEST_DOS_03
82,12,E1_TEST_EXPLOIT_01,2026-09-22T09:55:41.104168Z,2026-09-22T09:55:55.194065Z,1790070941.104168,1790070955.194065,23669,23666,3,0,1,14.02,0,2318,RF_ONLY_REVIEW,0,,E7:082:E1_TEST_EXPLOIT_01
82,13,E1_TEST_EXPLOIT_02,2026-09-22T09:55:55.777099Z,2026-09-22T09:56:05.321036Z,1790070955.777099,1790070965.321036,20747,20747,0,0,1,9.46,0,2072,RF_ONLY_REVIEW,0,,E7:082:E1_TEST_EXPLOIT_02
82,14,E1_TEST_EXPLOIT_03,2026-09-22T09:56:05.890375Z,2026-09-22T10:08:19.674896Z,1790070965.890375,1790071699.674896,71525,71523,2,0,1,733.7,0,21,RF_ONLY_REVIEW,0,,E7:082:E1_TEST_EXPLOIT_03
83,0,E1_TEST_NORMAL_01,2026-09-22T10:08:20.624672Z,2026-09-22T10:08:50.331912Z,1790071700.624672,1790071730.331912,333,333,0,0,1,29.62,0,31,RF_ONLY_REVIEW,0,,E7:083:E1_TEST_NORMAL_01
83,1,E1_TEST_NORMAL_02,2026-09-22T10:08:50.833714Z,2026-09-22T10:09:20.594865Z,1790071730.833714,1790071760.594865,333,333,0,0,1,29.68,0,31,RF_ONLY_REVIEW,0,,E7:083:E1_TEST_NORMAL_02
83,2,E1_TEST_NORMAL_03,2026-09-22T10:09:21.097891Z,2026-09-22T10:09:51.116865Z,1790071761.097891,1790071791.116865,336,336,0,0,1,29.93,0,31,RF_ONLY_REVIEW,0,,E7:083:E1_TEST_NORMAL_03
83,3,E1_TEST_SCAN_01,2026-09-22T10:09:51.619949Z,2026-09-22T10:09:52.338932Z,1790071791.619949,1790071792.338932,1729,1729,0,0,1,0.624314,0,845,RF_ONLY_REVIEW,0,,E7:083:E1_TEST_SCAN_01
83,4,E1_TEST_SCAN_02,2026-09-22T10:09:52.844994Z,2026-09-22T10:09:53.490937Z,1790071792.844994,1790071793.490937,1715,1715,0,0,1,0.558707,0,837,RF_ONLY_REVIEW,0,,E7:083:E1_TEST_SCAN_02
83,5,E1_TEST_SCAN_03,2026-09-22T10:09:53.994117Z,2026-09-22T10:09:55.620931Z,1790071793.994117,1790071795.620931,1760,1760,0,0,1,1.55,0,861,RF_ONLY_REVIEW,0,,E7:083:E1_TEST_SCAN_03
83,6,E1_TEST_BRUTE_01,2026-09-22T10:09:56.124265Z,2026-09-22T10:10:07.420929Z,1790071796.124265,1790071807.420929,207,207,0,0,1,11.2,0,6,RF_ONLY_REVIEW,0,,E7:083:E1_TEST_BRUTE_01
83,7,E1_TEST_BRUTE_02,2026-09-22T10:10:07.922967Z,2026-09-22T10:10:19.073913Z,1790071807.922967,1790071819.073913,216,216,0,0,1,11.06,0,6,RF_ONLY_REVIEW,0,,E7:083:E1_TEST_BRUTE_02
83,8,E1_TEST_BRUTE_03,2026-09-22T10:10:19.575120Z,2026-09-22T10:10:30.769867Z,1790071819.575120,1790071830.769867,214,214,0,0,1,11.1,0,6,RF_ONLY_REVIEW,0,,E7:083:E1_TEST_BRUTE_03
83,9,E1_TEST_DOS_01,2026-09-22T10:10:31.271116Z,2026-09-22T10:11:08.215222Z,1790071831.271116,1790071868.215222,2659023,2659023,0,0,1,36.87,8640,65537,HYBRID_CORRELATED,1,25.2741,E7:083:E1_TEST_DOS_01
83,10,E1_TEST_DOS_02,2026-09-22T10:11:14.441308Z,2026-09-22T10:11:51.367988Z,1790071874.441308,1790071911.367988,2648088,2648088,0,0,1,36.85,60710,65537,HYBRID_CORRELATED,1,1e-06,E7:083:E1_TEST_DOS_02
83,11,E1_TEST_DOS_03,2026-09-22T10:12:08.879191Z,2026-09-22T10:12:45.699660Z,1790071928.879191,1790071965.699660,2600786,2600786,0,0,1,36.74,95806,65537,HYBRID_CORRELATED,1,0.0,E7:083:E1_TEST_DOS_03
83,12,E1_TEST_EXPLOIT_01,2026-09-22T10:13:10.710262Z,2026-09-22T10:13:24.829993Z,1790071990.710262,1790072004.829993,23669,23666,3,0,1,14.02,0,2318,RF_ONLY_REVIEW,0,,E7:083:E1_TEST_EXPLOIT_01
83,13,E1_TEST_EXPLOIT_02,2026-09-22T10:13:25.416833Z,2026-09-22T10:13:34.965965Z,1790072005.416833,1790072014.965965,20747,20747,0,0,1,9.46,0,2072,RF_ONLY_REVIEW,0,,E7:083:E1_TEST_EXPLOIT_02
83,14,E1_TEST_EXPLOIT_03,2026-09-22T10:13:35.539157Z,2026-09-22T10:25:49.318977Z,1790072015.539157,1790072749.318977,71525,71523,2,0,1,733.7,0,21,RF_ONLY_REVIEW,0,,E7:083:E1_TEST_EXPLOIT_03
84,0,E1_TEST_NORMAL_01,2026-09-22T10:25:50.271115Z,2026-09-22T10:26:19.972865Z,1790072750.271115,1790072779.972865,333,333,0,0,1,29.62,0,31,RF_ONLY_REVIEW,0,,E7:084:E1_TEST_NORMAL_01
84,1,E1_TEST_NORMAL_02,2026-09-22T10:26:20.474616Z,2026-09-22T10:26:50.247016Z,1790072780.474616,1790072810.247016,333,333,0,0,1,29.68,0,31,RF_ONLY_REVIEW,0,,E7:084:E1_TEST_NORMAL_02
84,2,E1_TEST_NORMAL_03,2026-09-22T10:26:50.749665Z,2026-09-22T10:27:20.781919Z,1790072810.749665,1790072840.781919,336,336,0,0,1,29.93,0,31,RF_ONLY_REVIEW,0,,E7:084:E1_TEST_NORMAL_03
84,3,E1_TEST_SCAN_01,2026-09-22T10:27:21.283847Z,2026-09-22T10:27:21.999932Z,1790072841.283847,1790072841.999932,1729,1729,0,0,1,0.625245,0,845,RF_ONLY_REVIEW,0,,E7:084:E1_TEST_SCAN_01
84,4,E1_TEST_SCAN_02,2026-09-22T10:27:22.503675Z,2026-09-22T10:27:23.147891Z,1790072842.503675,1790072843.147891,1715,1715,0,0,1,0.559063,0,837,RF_ONLY_REVIEW,0,,E7:084:E1_TEST_SCAN_02
84,5,E1_TEST_SCAN_03,2026-09-22T10:27:23.653836Z,2026-09-22T10:27:25.268916Z,1790072843.653836,1790072845.268916,1760,1760,0,0,1,1.55,0,861,RF_ONLY_REVIEW,0,,E7:084:E1_TEST_SCAN_03
84,6,E1_TEST_BRUTE_01,2026-09-22T10:27:25.775012Z,2026-09-22T10:27:37.069873Z,1790072845.775012,1790072857.069873,207,207,0,0,1,11.2,0,6,RF_ONLY_REVIEW,0,,E7:084:E1_TEST_BRUTE_01
84,7,E1_TEST_BRUTE_02,2026-09-22T10:27:37.571112Z,2026-09-22T10:27:48.717887Z,1790072857.571112,1790072868.717887,216,216,0,0,1,11.06,0,6,RF_ONLY_REVIEW,0,,E7:084:E1_TEST_BRUTE_02
84,8,E1_TEST_BRUTE_03,2026-09-22T10:27:49.219258Z,2026-09-22T10:28:00.407830Z,1790072869.219258,1790072880.407830,214,214,0,0,1,11.1,0,6,RF_ONLY_REVIEW,0,,E7:084:E1_TEST_BRUTE_03
84,9,E1_TEST_DOS_01,2026-09-22T10:28:00.909115Z,2026-09-22T10:28:38.046492Z,1790072880.909115,1790072918.046492,2659023,2659023,0,0,1,37.05,8640,65537,HYBRID_CORRELATED,1,25.412079,E7:084:E1_TEST_DOS_01
84,10,E1_TEST_DOS_02,2026-09-22T10:28:44.225599Z,2026-09-22T10:29:21.233014Z,1790072924.225599,1790072961.233014,2648088,2648088,0,0,1,36.89,60710,65537,HYBRID_CORRELATED,1,0.0,E7:084:E1_TEST_DOS_02
84,11,E1_TEST_DOS_03,2026-09-22T10:29:38.643915Z,2026-09-22T10:30:15.453595Z,1790072978.643915,1790073015.453595,2600786,2600786,0,0,1,36.71,95806,65537,HYBRID_CORRELATED,1,0.0,E7:084:E1_TEST_DOS_03
84,12,E1_TEST_EXPLOIT_01,2026-09-22T10:30:40.279962Z,2026-09-22T10:30:54.388111Z,1790073040.279962,1790073054.388111,23669,23666,3,0,1,14.02,0,2318,RF_ONLY_REVIEW,0,,E7:084:E1_TEST_EXPLOIT_01
84,13,E1_TEST_EXPLOIT_02,2026-09-22T10:30:54.972410Z,2026-09-22T10:31:04.521164Z,1790073054.972410,1790073064.521164,20747,20747,0,0,1,9.45,0,2072,RF_ONLY_REVIEW,0,,E7:084:E1_TEST_EXPLOIT_02
84,14,E1_TEST_EXPLOIT_03,2026-09-22T10:31:05.091358Z,2026-09-22T10:43:18.878922Z,1790073065.091358,1790073798.878922,71525,71523,2,0,1,733.7,0,21,RF_ONLY_REVIEW,0,,E7:084:E1_TEST_EXPLOIT_03
85,0,E1_TEST_NORMAL_01,2026-09-22T10:43:19.834275Z,2026-09-22T10:43:49.518946Z,1790073799.834275,1790073829.518946,333,333,0,0,1,29.62,0,31,RF_ONLY_REVIEW,0,,E7:085:E1_TEST_NORMAL_01
85,1,E1_TEST_NORMAL_02,2026-09-22T10:43:50.020711Z,2026-09-22T10:44:19.793930Z,1790073830.020711,1790073859.793930,333,333,0,0,1,29.68,0,31,RF_ONLY_REVIEW,0,,E7:085:E1_TEST_NORMAL_02
85,2,E1_TEST_NORMAL_03,2026-09-22T10:44:20.295680Z,2026-09-22T10:44:50.316931Z,1790073860.295680,1790073890.316931,336,336,0,0,1,29.93,0,31,RF_ONLY_REVIEW,0,,E7:085:E1_TEST_NORMAL_03
85,3,E1_TEST_SCAN_01,2026-09-22T10:44:50.819121Z,2026-09-22T10:44:51.527239Z,1790073890.819121,1790073891.527239,1729,1729,0,0,1,0.624656,0,845,RF_ONLY_REVIEW,0,,E7:085:E1_TEST_SCAN_01
85,4,E1_TEST_SCAN_02,2026-09-22T10:44:52.030521Z,2026-09-22T10:44:52.671984Z,1790073892.030521,1790073892.671984,1715,1715,0,0,1,0.559255,0,837,RF_ONLY_REVIEW,0,,E7:085:E1_TEST_SCAN_02
85,5,E1_TEST_SCAN_03,2026-09-22T10:44:53.175185Z,2026-09-22T10:44:54.814923Z,1790073893.175185,1790073894.814923,1760,1760,0,0,1,1.55,0,861,RF_ONLY_REVIEW,0,,E7:085:E1_TEST_SCAN_03
85,6,E1_TEST_BRUTE_01,2026-09-22T10:44:55.318851Z,2026-09-22T10:45:06.601940Z,1790073895.318851,1790073906.601940,207,207,0,0,1,11.2,0,6,RF_ONLY_REVIEW,0,,E7:085:E1_TEST_BRUTE_01
85,7,E1_TEST_BRUTE_02,2026-09-22T10:45:07.103221Z,2026-09-22T10:45:18.256931Z,1790073907.103221,1790073918.256931,216,216,0,0,1,11.06,0,6,RF_ONLY_REVIEW,0,,E7:085:E1_TEST_BRUTE_02
85,8,E1_TEST_BRUTE_03,2026-09-22T10:45:18.758137Z,2026-09-22T10:45:29.952878Z,1790073918.758137,1790073929.952878,214,214,0,0,1,11.1,0,6,RF_ONLY_REVIEW,0,,E7:085:E1_TEST_BRUTE_03
85,9,E1_TEST_DOS_01,2026-09-22T10:45:30.454170Z,2026-09-22T10:46:07.473234Z,1790073930.454170,1790073967.473234,2659023,2659023,0,0,1,36.93,8640,65537,HYBRID_CORRELATED,1,25.344014,E7:085:E1_TEST_DOS_01
85,10,E1_TEST_DOS_02,2026-09-22T10:46:13.680587Z,2026-09-22T10:46:50.707977Z,1790073973.680587,1790074010.707977,2648088,2648088,0,0,1,36.93,60710,65537,HYBRID_CORRELATED,1,0.0,E7:085:E1_TEST_DOS_02
85,11,E1_TEST_DOS_03,2026-09-22T10:47:08.274838Z,2026-09-22T10:47:44.993580Z,1790074028.274838,1790074064.993580,2600786,2600786,0,0,1,36.62,95806,65537,HYBRID_CORRELATED,1,0.0,E7:085:E1_TEST_DOS_03
85,12,E1_TEST_EXPLOIT_01,2026-09-22T10:48:09.888232Z,2026-09-22T10:48:23.987075Z,1790074089.888232,1790074103.987075,23669,23666,3,0,1,14.02,0,2318,RF_ONLY_REVIEW,0,,E7:085:E1_TEST_EXPLOIT_01
85,13,E1_TEST_EXPLOIT_02,2026-09-22T10:48:24.571275Z,2026-09-22T10:48:34.133022Z,1790074104.571275,1790074114.133022,20747,20747,0,0,1,9.46,0,2072,RF_ONLY_REVIEW,0,,E7:085:E1_TEST_EXPLOIT_02
85,14,E1_TEST_EXPLOIT_03,2026-09-22T10:48:34.703723Z,2026-09-22T11:00:48.484986Z,1790074114.703723,1790074848.484986,71525,71523,2,0,1,733.7,0,21,RF_ONLY_REVIEW,0,,E7:085:E1_TEST_EXPLOIT_03
86,0,E1_TEST_NORMAL_01,2026-09-22T11:00:49.442602Z,2026-09-22T11:01:19.168964Z,1790074849.442602,1790074879.168964,333,333,0,0,1,29.62,0,31,RF_ONLY_REVIEW,0,,E7:086:E1_TEST_NORMAL_01
86,1,E1_TEST_NORMAL_02,2026-09-22T11:01:19.670739Z,2026-09-22T11:01:49.419019Z,1790074879.670739,1790074909.419019,333,333,0,0,1,29.68,0,31,RF_ONLY_REVIEW,0,,E7:086:E1_TEST_NORMAL_02
86,2,E1_TEST_NORMAL_03,2026-09-22T11:01:49.922093Z,2026-09-22T11:02:19.955286Z,1790074909.922093,1790074939.955286,336,336,0,0,1,29.93,0,31,RF_ONLY_REVIEW,0,,E7:086:E1_TEST_NORMAL_03
86,3,E1_TEST_SCAN_01,2026-09-22T11:02:20.457203Z,2026-09-22T11:02:21.153987Z,1790074940.457203,1790074941.153987,1729,1729,0,0,1,0.624525,0,845,RF_ONLY_REVIEW,0,,E7:086:E1_TEST_SCAN_01
86,4,E1_TEST_SCAN_02,2026-09-22T11:02:21.657253Z,2026-09-22T11:02:22.298951Z,1790074941.657253,1790074942.298951,1715,1715,0,0,1,0.558754,0,837,RF_ONLY_REVIEW,0,,E7:086:E1_TEST_SCAN_02
86,5,E1_TEST_SCAN_03,2026-09-22T11:02:22.802183Z,2026-09-22T11:02:24.454063Z,1790074942.802183,1790074944.454063,1760,1760,0,0,1,1.55,0,861,RF_ONLY_REVIEW,0,,E7:086:E1_TEST_SCAN_03
86,6,E1_TEST_BRUTE_01,2026-09-22T11:02:24.957452Z,2026-09-22T11:02:36.252043Z,1790074944.957452,1790074956.252043,207,207,0,0,1,11.2,0,6,RF_ONLY_REVIEW,0,,E7:086:E1_TEST_BRUTE_01
86,7,E1_TEST_BRUTE_02,2026-09-22T11:02:36.754158Z,2026-09-22T11:02:47.918885Z,1790074956.754158,1790074967.918885,216,216,0,0,1,11.06,0,6,RF_ONLY_REVIEW,0,,E7:086:E1_TEST_BRUTE_02
86,8,E1_TEST_BRUTE_03,2026-09-22T11:02:48.420851Z,2026-09-22T11:02:59.619097Z,1790074968.420851,1790074979.619097,214,214,0,0,1,11.1,0,6,RF_ONLY_REVIEW,0,,E7:086:E1_TEST_BRUTE_03
86,9,E1_TEST_DOS_01,2026-09-22T11:03:00.120307Z,2026-09-22T11:03:37.018373Z,1790074980.120307,1790075017.018373,2659023,2659023,0,0,1,36.81,8640,65537,HYBRID_CORRELATED,1,25.226288,E7:086:E1_TEST_DOS_01
86,10,E1_TEST_DOS_02,2026-09-22T11:03:43.220652Z,2026-09-22T11:04:20.199145Z,1790075023.220652,1790075060.199145,2648088,2648088,0,0,1,36.87,60710,65537,HYBRID_CORRELATED,1,0.0,E7:086:E1_TEST_DOS_02
86,11,E1_TEST_DOS_03,2026-09-22T11:04:37.728821Z,2026-09-22T11:05:14.603712Z,1790075077.728821,1790075114.603712,2600786,2600786,0,0,1,36.77,95806,65537,HYBRID_CORRELATED,1,0.0,E7:086:E1_TEST_DOS_03
86,12,E1_TEST_EXPLOIT_01,2026-09-22T11:05:39.513520Z,2026-09-22T11:05:53.621993Z,1790075139.513520,1790075153.621993,23669,23666,3,0,1,14.02,0,2318,RF_ONLY_REVIEW,0,,E7:086:E1_TEST_EXPLOIT_01
86,13,E1_TEST_EXPLOIT_02,2026-09-22T11:05:54.202730Z,2026-09-22T11:06:03.751120Z,1790075154.202730,1790075163.751120,20747,20747,0,0,1,9.46,0,2072,RF_ONLY_REVIEW,0,,E7:086:E1_TEST_EXPLOIT_02
86,14,E1_TEST_EXPLOIT_03,2026-09-22T11:06:04.320064Z,2026-09-22T11:18:18.115905Z,1790075164.320064,1790075898.115905,71525,71523,2,0,1,733.7,0,21,RF_ONLY_REVIEW,0,,E7:086:E1_TEST_EXPLOIT_03
87,0,E1_TEST_NORMAL_01,2026-09-22T11:18:19.071131Z,2026-09-22T11:18:48.782897Z,1790075899.071131,1790075928.782897,333,333,0,0,1,29.62,0,31,RF_ONLY_REVIEW,0,,E7:087:E1_TEST_NORMAL_01
87,1,E1_TEST_NORMAL_02,2026-09-22T11:18:49.284648Z,2026-09-22T11:19:19.055893Z,1790075929.284648,1790075959.055893,333,333,0,0,1,29.68,0,31,RF_ONLY_REVIEW,0,,E7:087:E1_TEST_NORMAL_02
87,2,E1_TEST_NORMAL_03,2026-09-22T11:19:19.557606Z,2026-09-22T11:19:49.575975Z,1790075959.557606,1790075989.575975,336,336,0,0,1,29.93,0,31,RF_ONLY_REVIEW,0,,E7:087:E1_TEST_NORMAL_03
87,3,E1_TEST_SCAN_01,2026-09-22T11:19:50.079262Z,2026-09-22T11:19:50.794940Z,1790075990.079262,1790075990.794940,1729,1729,0,0,1,0.624925,0,845,RF_ONLY_REVIEW,0,,E7:087:E1_TEST_SCAN_01
87,4,E1_TEST_SCAN_02,2026-09-22T11:19:51.299327Z,2026-09-22T11:19:51.950000Z,1790075991.299327,1790075991.950000,1715,1715,0,0,1,0.558939,0,837,RF_ONLY_REVIEW,0,,E7:087:E1_TEST_SCAN_02
87,5,E1_TEST_SCAN_03,2026-09-22T11:19:52.455638Z,2026-09-22T11:19:54.089986Z,1790075992.455638,1790075994.089986,1760,1760,0,0,1,1.55,0,861,RF_ONLY_REVIEW,0,,E7:087:E1_TEST_SCAN_03
87,6,E1_TEST_BRUTE_01,2026-09-22T11:19:54.595224Z,2026-09-22T11:20:05.888947Z,1790075994.595224,1790076005.888947,207,207,0,0,1,11.2,0,6,RF_ONLY_REVIEW,0,,E7:087:E1_TEST_BRUTE_01
87,7,E1_TEST_BRUTE_02,2026-09-22T11:20:06.390180Z,2026-09-22T11:20:17.547962Z,1790076006.390180,1790076017.547962,216,216,0,0,1,11.06,0,6,RF_ONLY_REVIEW,0,,E7:087:E1_TEST_BRUTE_02
87,8,E1_TEST_BRUTE_03,2026-09-22T11:20:18.049266Z,2026-09-22T11:20:29.228955Z,1790076018.049266,1790076029.228955,214,214,0,0,1,11.1,0,6,RF_ONLY_REVIEW,0,,E7:087:E1_TEST_BRUTE_03
87,9,E1_TEST_DOS_01,2026-09-22T11:20:29.731147Z,2026-09-22T11:21:06.787991Z,1790076029.731147,1790076066.787991,2659023,2659023,0,0,1,36.97,8640,65537,HYBRID_CORRELATED,1,25.360667,E7:087:E1_TEST_DOS_01
87,10,E1_TEST_DOS_02,2026-09-22T11:21:12.970778Z,2026-09-22T11:21:49.945037Z,1790076072.970778,1790076109.945037,2648088,2648088,0,0,1,36.87,60722,65537,HYBRID_CORRELATED,1,0.0,E7:087:E1_TEST_DOS_02
87,11,E1_TEST_DOS_03,2026-09-22T11:22:07.446131Z,2026-09-22T11:22:44.216489Z,1790076127.446131,1790076164.216489,2600786,2600786,0,0,1,36.71,95886,65537,HYBRID_CORRELATED,1,0.0,E7:087:E1_TEST_DOS_03
87,12,E1_TEST_EXPLOIT_01,2026-09-22T11:23:09.076895Z,2026-09-22T11:23:23.190971Z,1790076189.076895,1790076203.190971,23669,23666,3,0,1,14.02,0,2318,RF_ONLY_REVIEW,0,,E7:087:E1_TEST_EXPLOIT_01
87,13,E1_TEST_EXPLOIT_02,2026-09-22T11:23:23.773282Z,2026-09-22T11:23:33.336000Z,1790076203.773282,1790076213.336000,20747,20747,0,0,1,9.46,0,2072,RF_ONLY_REVIEW,0,,E7:087:E1_TEST_EXPLOIT_02
87,14,E1_TEST_EXPLOIT_03,2026-09-22T11:23:33.906365Z,2026-09-22T11:35:47.691933Z,1790076213.906365,1790076947.691933,71525,71523,2,0,1,733.7,0,21,RF_ONLY_REVIEW,0,,E7:087:E1_TEST_EXPLOIT_03
88,0,E1_TEST_NORMAL_01,2026-09-22T11:35:48.635913Z,2026-09-22T11:36:18.330966Z,1790076948.635913,1790076978.330966,333,333,0,0,1,29.62,0,31,RF_ONLY_REVIEW,0,,E7:088:E1_TEST_NORMAL_01
88,1,E1_TEST_NORMAL_02,2026-09-22T11:36:18.833099Z,2026-09-22T11:36:48.603904Z,1790076978.833099,1790077008.603904,333,333,0,0,1,29.68,0,31,RF_ONLY_REVIEW,0,,E7:088:E1_TEST_NORMAL_02
88,2,E1_TEST_NORMAL_03,2026-09-22T11:36:49.105655Z,2026-09-22T11:37:19.133878Z,1790077009.105655,1790077039.133878,336,336,0,0,1,29.93,0,31,RF_ONLY_REVIEW,0,,E7:088:E1_TEST_NORMAL_03
88,3,E1_TEST_SCAN_01,2026-09-22T11:37:19.636998Z,2026-09-22T11:37:20.336995Z,1790077039.636998,1790077040.336995,1729,1729,0,0,1,0.624723,0,845,RF_ONLY_REVIEW,0,,E7:088:E1_TEST_SCAN_01
88,4,E1_TEST_SCAN_02,2026-09-22T11:37:20.840844Z,2026-09-22T11:37:21.456884Z,1790077040.840844,1790077041.456884,1715,1715,0,0,1,0.558378,0,837,RF_ONLY_REVIEW,0,,E7:088:E1_TEST_SCAN_02
88,5,E1_TEST_SCAN_03,2026-09-22T11:37:21.960067Z,2026-09-22T11:37:23.601882Z,1790077041.960067,1790077043.601882,1760,1760,0,0,1,1.55,0,861,RF_ONLY_REVIEW,0,,E7:088:E1_TEST_SCAN_03
88,6,E1_TEST_BRUTE_01,2026-09-22T11:37:24.106035Z,2026-09-22T11:37:35.402887Z,1790077044.106035,1790077055.402887,207,207,0,0,1,11.2,0,6,RF_ONLY_REVIEW,0,,E7:088:E1_TEST_BRUTE_01
88,7,E1_TEST_BRUTE_02,2026-09-22T11:37:35.904866Z,2026-09-22T11:37:47.065934Z,1790077055.904866,1790077067.065934,216,216,0,0,1,11.06,0,6,RF_ONLY_REVIEW,0,,E7:088:E1_TEST_BRUTE_02
88,8,E1_TEST_BRUTE_03,2026-09-22T11:37:47.568141Z,2026-09-22T11:37:58.755859Z,1790077067.568141,1790077078.755859,214,214,0,0,1,11.1,0,6,RF_ONLY_REVIEW,0,,E7:088:E1_TEST_BRUTE_03
88,9,E1_TEST_DOS_01,2026-09-22T11:37:59.257054Z,2026-09-22T11:38:36.297945Z,1790077079.257054,1790077116.297945,2659023,2659023,0,0,1,36.94,8640,65537,HYBRID_CORRELATED,1,25.352998,E7:088:E1_TEST_DOS_01
88,10,E1_TEST_DOS_02,2026-09-22T11:38:42.468305Z,2026-09-22T11:39:19.474322Z,1790077122.468305,1790077159.474322,2648088,2648088,0,0,1,36.91,60710,65537,HYBRID_CORRELATED,1,0.0,E7:088:E1_TEST_DOS_02
88,11,E1_TEST_DOS_03,2026-09-22T11:39:36.903501Z,2026-09-22T11:40:13.758274Z,1790077176.903501,1790077213.758274,2600786,2600786,0,0,1,36.75,95806,65537,HYBRID_CORRELATED,1,1e-06,E7:088:E1_TEST_DOS_03
88,12,E1_TEST_EXPLOIT_01,2026-09-22T11:40:38.651183Z,2026-09-22T11:40:52.763091Z,1790077238.651183,1790077252.763091,23669,23666,3,0,1,14.02,0,2318,RF_ONLY_REVIEW,0,,E7:088:E1_TEST_EXPLOIT_01
88,13,E1_TEST_EXPLOIT_02,2026-09-22T11:40:53.353949Z,2026-09-22T11:41:02.912138Z,1790077253.353949,1790077262.912138,20747,20747,0,0,1,9.46,0,2072,RF_ONLY_REVIEW,0,,E7:088:E1_TEST_EXPLOIT_02
88,14,E1_TEST_EXPLOIT_03,2026-09-22T11:41:03.486143Z,2026-09-22T11:53:17.273969Z,1790077263.486143,1790077997.273969,71525,71523,2,0,1,733.7,0,21,RF_ONLY_REVIEW,0,,E7:088:E1_TEST_EXPLOIT_03
89,0,E1_TEST_NORMAL_01,2026-09-22T11:53:18.231711Z,2026-09-22T11:53:47.948866Z,1790077998.231711,1790078027.948866,333,333,0,0,1,29.62,0,31,RF_ONLY_REVIEW,0,,E7:089:E1_TEST_NORMAL_01
89,1,E1_TEST_NORMAL_02,2026-09-22T11:53:48.451874Z,2026-09-22T11:54:18.220886Z,1790078028.451874,1790078058.220886,333,333,0,0,1,29.68,0,31,RF_ONLY_REVIEW,0,,E7:089:E1_TEST_NORMAL_02
89,2,E1_TEST_NORMAL_03,2026-09-22T11:54:18.723593Z,2026-09-22T11:54:48.743988Z,1790078058.723593,1790078088.743988,336,336,0,0,1,29.93,0,31,RF_ONLY_REVIEW,0,,E7:089:E1_TEST_NORMAL_03
89,3,E1_TEST_SCAN_01,2026-09-22T11:54:49.246458Z,2026-09-22T11:54:49.959028Z,1790078089.246458,1790078089.959028,1729,1729,0,0,1,0.624554,0,845,RF_ONLY_REVIEW,0,,E7:089:E1_TEST_SCAN_01
89,4,E1_TEST_SCAN_02,2026-09-22T11:54:50.464992Z,2026-09-22T11:54:51.083922Z,1790078090.464992,1790078091.083922,1715,1715,0,0,1,0.558817,0,837,RF_ONLY_REVIEW,0,,E7:089:E1_TEST_SCAN_02
89,5,E1_TEST_SCAN_03,2026-09-22T11:54:51.589741Z,2026-09-22T11:54:53.235902Z,1790078091.589741,1790078093.235902,1760,1760,0,0,1,1.55,0,861,RF_ONLY_REVIEW,0,,E7:089:E1_TEST_SCAN_03
89,6,E1_TEST_BRUTE_01,2026-09-22T11:54:53.739205Z,2026-09-22T11:55:05.036928Z,1790078093.739205,1790078105.036928,207,207,0,0,1,11.2,0,6,RF_ONLY_REVIEW,0,,E7:089:E1_TEST_BRUTE_01
89,7,E1_TEST_BRUTE_02,2026-09-22T11:55:05.539152Z,2026-09-22T11:55:16.705888Z,1790078105.539152,1790078116.705888,216,216,0,0,1,11.06,0,6,RF_ONLY_REVIEW,0,,E7:089:E1_TEST_BRUTE_02
89,8,E1_TEST_BRUTE_03,2026-09-22T11:55:17.207992Z,2026-09-22T11:55:28.409989Z,1790078117.207992,1790078128.409989,214,214,0,0,1,11.1,0,6,RF_ONLY_REVIEW,0,,E7:089:E1_TEST_BRUTE_03
89,9,E1_TEST_DOS_01,2026-09-22T11:55:28.911289Z,2026-09-22T11:56:05.867640Z,1790078128.911289,1790078165.867640,2659023,2659023,0,0,1,36.86,8640,65537,HYBRID_CORRELATED,1,25.289577,E7:089:E1_TEST_DOS_01
89,10,E1_TEST_DOS_02,2026-09-22T11:56:12.127819Z,2026-09-22T11:56:49.248011Z,1790078172.127819,1790078209.248011,2648088,2648088,0,0,1,37.03,60710,65537,HYBRID_CORRELATED,1,0.0,E7:089:E1_TEST_DOS_02
89,11,E1_TEST_DOS_03,2026-09-22T11:57:06.771070Z,2026-09-22T11:57:43.661190Z,1790078226.771070,1790078263.661190,2600786,2600786,0,0,1,36.78,95806,65537,HYBRID_CORRELATED,1,0.0,E7:089:E1_TEST_DOS_03
89,12,E1_TEST_EXPLOIT_01,2026-09-22T11:58:08.486354Z,2026-09-22T11:58:22.590064Z,1790078288.486354,1790078302.590064,23669,23666,3,0,1,14.02,0,2318,RF_ONLY_REVIEW,0,,E7:089:E1_TEST_EXPLOIT_01
89,13,E1_TEST_EXPLOIT_02,2026-09-22T11:58:23.171272Z,2026-09-22T11:58:32.693009Z,1790078303.171272,1790078312.693009,20747,20747,0,0,1,9.46,0,2072,RF_ONLY_REVIEW,0,,E7:089:E1_TEST_EXPLOIT_02
89,14,E1_TEST_EXPLOIT_03,2026-09-22T11:58:33.261723Z,2026-09-22T12:10:47.048991Z,1790078313.261723,1790079047.048991,71525,71523,2,0,1,733.7,0,21,RF_ONLY_REVIEW,0,,E7:089:E1_TEST_EXPLOIT_03
